Workbook

Sheet TOTAL NASABAH BARU
A1: PT PIPOSMART DIGITAL INDONESIA
A2: Laporan Nasabah Baru
A3: Tahun 2026
I4: 2021 | U4: 2022 | AG4: 2023 | AS4: 2024 | BE4: 2025 | BQ4: 2026
A5: No | B5: Provinsi | C5: Total 2021 | D5: Total 2022 | E5: Total 2023 | F5: Total 2024 | G5: Total 2025 | H5: Total User 2021-2025 | I5: Januari | J5: Februari | K5: Maret | L5: April | M5: Mei | N5: Juni | O5: Juli | P5: Agustus | Q5: September | R5: Oktober | S5: November | T5: Desember | U5: Januari | V5: Februari | W5: Maret | X5: April | Y5: Mei | Z5: Juni | AA5: Juli | AB5: Agustus | AC5: September | AD5: Oktober | AE5: November | AF5: Desember | AG5: Januari | AH5: Februari | AI5: Maret | AJ5: April | AK5: Mei | AL5: Juni | AM5: Juli | AN5: Agustus | AO5: September | AP5: Oktober | AQ5: November | AR5: Desember | AS5: Januari | AT5: Februari | AU5: Maret | AV5: April | AW5: Mei | AX5: Juni | AY5: Juli | AZ5: Agustus | BA5: September | BB5: Oktober | BC5: November | BD5: Desember | BE5: Januari | BF5: Februari | BG5: Maret | BH5: April | BI5: Mei | BJ5: Juni | BK5: Juli | BL5: Agustus | BM5: September | BN5: Oktober | BO5: November | BP5: Desember | BQ5: Januari | BR5: Februari | BS5: Maret | BT5: April | BU5: Mei | BV5: Juni | BW5: Juli | BX5: Agustus | BY5: September
A6: 1 | B6: Nanggroe Aceh Darussalam | C6: =sum(I6:T6) -> 4 | D6: =sum(U6:AF6) -> 8 | E6: =sum(AG6:AR6) -> 7 | F6: =SUM(AS6:BD6) -> 8 | G6: =sum(BE6:BP6) -> 0 | H6: =Aceh!$H$33 -> 27 | I6: 0 | J6: 0 | K6: 0 | L6: 0 | M6: 0 | N6: 0 | O6: 1 | P6: 1 | Q6: 0 | R6: 1 | S6: 0 | T6: 1 | U6: 1 | V6: 1 | W6: 0 | X6: 0 | Y6: 0 | Z6: 2 | AA6: 0 | AB6: 1 | AC6: 1 | AD6: 0 | AE6: 2 | AF6: 0 | AG6: 0 | AH6: 0 | AI6: 0 | AJ6: 1 | AK6: 1 | AL6: 1 | AM6: 0 | AN6: 0 | AO6: 0 | AP6: 0 | AQ6: 1 | AR6: 3 | AS6: 2 | AT6: 0 | AU6: 2 | AV6: 0 | AW6: 1 | AX6: 0 | AY6: =COUNTA(#REF!) -> 1 | AZ6: =COUNTA(#REF!) -> 1 | BA6: 1 | BB6: 0 | BC6: 0 | BD6: 0 | BE6: 0 | BF6: 0 | BG6: 0 | BH6: 0 | BI6: 0 | BJ6: 0 | BK6: 0 | BL6: 0 | BM6: 0 | BN6: 0 | BO6: 0 | BP6: 0 | BQ6: 0 | BR6: 0 | BS6: 0 | BT6: 0 | BU6: 0 | BV6: 0
A7: =A6+1 -> 2 | B7: Sumatera Utara | C7: =sum(I7:T7) -> 12 | D7: =sum(U7:AF7) -> 23 | E7: =sum(AG7:AR7) -> 53 | F7: =SUM(AS7:BD7) -> 52 | G7: =sum(BE7:BP7) -> 51 | H7: ='Sumatera Utara'!$H$210 -> 200 | I7: 0 | J7: 0 | K7: 0 | L7: 0 | M7: 0 | N7: 1 | O7: 0 | P7: 0 | Q7: 4 | R7: 2 | S7: 1 | T7: 4 | U7: 1 | V7: 2 | W7: 0 | X7: 1 | Y7: 3 | Z7: 1 | AA7: 3 | AB7: 3 | AC7: 0 | AD7: 2 | AE7: 3 | AF7: 4 | AG7: 2 | AH7: 4 | AI7: 3 | AJ7: 1 | AK7: 7 | AL7: 7 | AM7: 5 | AN7: 5 | AO7: 5 | AP7: 5 | AQ7: 4 | AR7: 5 | AS7: 6 | AT7: 6 | AU7: 7 | AV7: 4 | AW7: 5 | AX7: 5 | AY7: =COUNTA('Sumatera Utara'!C126:C128) -> 3 | AZ7: 2 | BA7: 2 | BB7: 1 | BC7: 4 | BD7: 7 | BE7: 6 | BF7: 5 | BG7: 6 | BH7: 1 | BI7: 6 | BJ7: 4 | BK7: 4 | BL7: 5 | BM7: 4 | BN7: 7 | BO7: 2 | BP7: 1 | BQ7: 4 | BR7: 0 | BS7: 2 | BT7: 4 | BU7: 0 | BV7: 3
A8: =A7+1 -> 3 | B8: Sumatera Selatan | C8: =sum(I8:T8) -> 5 | D8: =sum(U8:AF8) -> 11 | E8: =sum(AG8:AR8) -> 2 | F8: =SUM(AS8:BD8) -> 5 | G8: =sum(BE8:BP8) -> 5 | H8: ='Sumatera Selatan'!$H$36 -> 30 | I8: 0 | J8: 0 | K8: 0 | L8: 0 | M8: 0 | N8: 2 | O8: 0 | P8: 0 | Q8: 1 | R8: 1 | S8: 0 | T8: 1 | U8: 2 | V8: 1 | W8: 1 | X8: 3 | Y8: 0 | Z8: 0 | AA8: 1 | AB8: 0 | AC8: 2 | AD8: 0 | AE8: 0 | AF8: 1 | AG8: 0 | AH8: 2 | AI8: 0 | AJ8: 0 | AK8: 0 | AL8: 0 | AM8: 0 | AN8: 0 | AO8: 0 | AP8: 0 | AQ8: 0 | AR8: 0 | AS8: 0 | AT8: 2 | AU8: 0 | AV8: 0 | AW8: 0 | AX8: 1 | AY8: 0 | AZ8: =COUNTA(Aceh!D33) -> 0 | BA8: 1 | BB8: 0 | BC8: 0 | BD8: 1 | BE8: 1 | BF8: 1 | BG8: 0 | BH8: 1 | BI8: 0 | BJ8: 0 | BK8: 1 | BL8: 0 | BM8: 1 | BN8: 0 | BO8: 0 | BP8: 0 | BQ8: 0 | BR8: 0 | BS8: 0 | BT8: 0 | BU8: 0 | BV8: 0
A9: =A8+1 -> 4 | B9: Sumatera Barat | C9: =sum(I9:T9) -> 6 | D9: =sum(U9:AF9) -> 9 | E9: =sum(AG9:AR9) -> 7 | F9: =SUM(AS9:BD9) -> 6 | G9: =sum(BE9:BP9) -> 2 | H9: ='Sumatera Barat'!$H$40 -> 35 | I9: 0 | J9: 0 | K9: 0 | L9: 0 | M9: 1 | N9: 0 | O9: 1 | P9: 2 | Q9: 0 | R9: 0 | S9: 0 | T9: 2 | U9: 2 | V9: 0 | W9: 0 | X9: 1 | Y9: 1 | Z9: 2 | AA9: 0 | AB9: 0 | AC9: 0 | AD9: 0 | AE9: 1 | AF9: 2 | AG9: 1 | AH9: 0 | AI9: 0 | AJ9: 0 | AK9: 2 | AL9: 1 | AM9: 0 | AN9: 0 | AO9: 0 | AP9: 2 | AQ9: 1 | AR9: 0 | AS9: 1 | AT9: 0 | AU9: 1 | AV9: 0 | AW9: 0 | AX9: 0 | AY9: 1 | AZ9: 2 | BA9: 1 | BB9: 0 | BC9: 0 | BD9: 0 | BE9: 0 | BF9: 0 | BG9: 0 | BH9: 0 | BI9: 0 | BJ9: 0 | BK9: 1 | BL9: 0 | BM9: 0 | BN9: 1 | BO9: 0 | BP9: 0 | BQ9: 0 | BR9: 2 | BS9: 0 | BT9: 0 | BU9: 0 | BV9: 2
A10: =A9+1 -> 5 | B10: Bengkulu | C10: =sum(I10:T10) -> 1 | D10: =sum(U10:AF10) -> 0 | E10: =sum(AG10:AR10) -> 1 | F10: =SUM(AS10:BD10) -> 0 | G10: =sum(BE10:BP10) -> 0 | H10: =Bengkulu!$H$8 -> 2 | I10: 0 | J10: 0 | K10: 0 | L10: 0 | M10: 0 | N10: 0 | O10: 0 | P10: 0 | Q10: 1 | R10: 0 | S10: 0 | T10: 0 | U10: 0 | V10: 0 | W10: 0 | X10: 0 | Y10: 0 | Z10: 0 | AA10: 0 | AB10: 0 | AC10: 0 | AD10: 0 | AE10: 0 | AF10: 0 | AG10: 0 | AH10: 0 | AI10: 0 | AJ10: 0 | AK10: 0 | AL10: 0 | AM10: 0 | AN10: 0 | AO10: 0 | AP10: 0 | AQ10: 1 | AR10: 0 | AS10: 0 | AT10: 0 | AU10: 0 | AV10: 0 | AW10: 0 | AX10: 0 | AY10: 0 | AZ10: =COUNTA(Aceh!D35) -> 0 | BA10: 0 | BB10: 0 | BC10: 0 | BD10: 0 | BE10: 0 | BF10: 0 | BG10: 0 | BH10: 0 | BI10: 0 | BJ10: 0 | BK10: 0 | BL10: 0 | BN10: 0 | BO10: 0 | BP10: 0 | BQ10: 0 | BR10: 0 | BS10: 0 | BT10: 0 | BU10: 0 | BV10: 0
A11: =A10+1 -> 6 | B11: Riau | C11: =sum(I11:T11) -> 0 | D11: =sum(U11:AF11) -> 7 | E11: =sum(AG11:AR11) -> 4 | F11: =SUM(AS11:BD11) -> 1 | G11: =sum(BE11:BP11) -> 5 | H11: =Riau!$H$25 -> 20 | I11: 0 | J11: 0 | K11: 0 | L11: 0 | M11: 0 | N11: 0 | O11: 0 | P11: 0 | Q11: 0 | R11: 0 | S11: 0 | T11: 0 | U11: 2 | V11: 1 | W11: 1 | X11: 2 | Y11: 0 | Z11: 1 | AA11: 0 | AB11: 0 | AC11: 0 | AD11: 0 | AE11: 0 | AF11: 0 | AG11: 0 | AH11: 1 | AI11: 0 | AJ11: 0 | AK11: 1 | AL11: 0 | AM11: 0 | AN11: 0 | AO11: 1 | AP11: 0 | AQ11: 0 | AR11: 1 | AS11: 0 | AT11: 0 | AU11: 0 | AV11: 0 | AW11: 0 | AX11: 0 | AY11: 0 | AZ11: =COUNTA(Aceh!D36) -> 0 | BA11: 0 | BB11: 0 | BC11: 1 | BD11: 0 | BE11: 1 | BF11: 1 | BG11: 0 | BH11: 0 | BI11: 1 | BJ11: 0 | BK11: 1 | BL11: 1 | BM11: 0 | BN11: 0 | BO11: 0 | BP11: 0 | BQ11: 1 | BR11: 0 | BS11: 0 | BT11: 1 | BU11: 0 | BV11: 0
A12: =A11+1 -> 7 | B12: Kepulauan Riau | C12: =sum(I12:T12) -> 16 | D12: =sum(U12:AF12) -> 5 | E12: =sum(AG12:AR12) -> 3 | F12: =SUM(AS12:BD12) -> 11 | G12: =sum(BE12:BP12) -> 9 | H12: ='Kepulauan Riau '!$H$61 -> 51 | I12: 0 | J12: 0 | K12: 0 | L12: 0 | M12: 2 | N12: 3 | O12: 2 | P12: 2 | Q12: 3 | R12: 1 | S12: 0 | T12: 3 | U12: 0 | V12: 0 | W12: 0 | X12: 0 | Y12: 1 | Z12: 1 | AA12: 1 | AB12: 0 | AC12: 0 | AD12: 0 | AE12: 1 | AF12: 1 | AG12: 1 | AH12: 0 | AI12: 0 | AJ12: 1 | AK12: 0 | AL12: 0 | AM12: 0 | AN12: 0 | AO12: 0 | AP12: 0 | AQ12: 1 | AR12: 0 | AS12: 2 | AT12: 1 | AU12: 1 | AV12: 0 | AW12: 1 | AX12: 1 | AY12: 3 | AZ12: =COUNTA(Aceh!D37) -> 0 | BA12: 1 | BB12: 1 | BC12: 0 | BD12: 0 | BE12: 1 | BF12: 1 | BG12: 1 | BH12: 1 | BI12: 1 | BJ12: 1 | BK12: 1 | BL12: 0 | BM12: 0 | BN12: 1 | BO12: 0 | BP12: 1 | BQ12: 3 | BR12: 4 | BS12: 2 | BT12: 0 | BU12: 1 | BV12: 0
A13: =A12+1 -> 8 | B13: Jambi | C13: =sum(I13:T13) -> 1 | D13: =sum(U13:AF13) -> 1 | E13: =sum(AG13:AR13) -> 2 | F13: =SUM(AS13:BD13) -> 2 | G13: =sum(BE13:BP13) -> 13 | H13: =Jambi!$H$28 -> 22 | I13: 0 | J13: 0 | K13: 0 | L13: 0 | M13: 0 | N13: 0 | O13: 0 | P13: 0 | Q13: 0 | R13: 0 | S13: 0 | T13: 1 | U13: 0 | V13: 0 | W13: 0 | X13: 1 | Y13: 0 | Z13: 0 | AA13: 0 | AB13: 0 | AC13: 0 | AD13: 0 | AE13: 0 | AF13: 0 | AG13: 0 | AH13: 0 | AI13: 0 | AJ13: 0 | AK13: 0 | AL13: 0 | AM13: 1 | AN13: 0 | AO13: 0 | AP13: 0 | AQ13: 0 | AR13: 1 | AS13: 0 | AT13: 0 | AU13: 0 | AV13: 0 | AW13: 0 | AX13: 0 | AY13: 0 | AZ13: =COUNTA(Aceh!D38) -> 0 | BA13: 0 | BB13: 2 | BC13: 0 | BD13: 0 | BE13: 2 | BF13: 1 | BG13: 0 | BH13: 1 | BI13: 1 | BJ13: 0 | BK13: 1 | BL13: 5 | BM13: 1 | BN13: 1 | BO13: 0 | BP13: 0 | BQ13: 0 | BR13: 0 | BS13: 0 | BT13: 0 | BU13: 2 | BV13: 1
A14: =A13+1 -> 9 | B14: Lampung | C14: =sum(I14:T14) -> 4 | D14: =sum(U14:AF14) -> 3 | E14: =sum(AG14:AR14) -> 6 | F14: =SUM(AS14:BD14) -> 5 | G14: =sum(BE14:BP14) -> 4 | H14: =Lampung!$H$30 -> 22 | I14: 0 | J14: 0 | K14: 0 | L14: 0 | M14: 0 | N14: 1 | O14: 0 | P14: 1 | Q14: 1 | R14: 1 | S14: 0 | T14: 0 | U14: 1 | V14: 0 | W14: 0 | X14: 0 | Y14: 1 | Z14: 0 | AA14: 0 | AB14: 0 | AC14: 0 | AD14: 1 | AE14: 0 | AF14: 0 | AG14: 0 | AH14: 0 | AI14: 0 | AJ14: 0 | AK14: 1 | AL14: 1 | AM14: 1 | AN14: 1 | AO14: 0 | AP14: 0 | AQ14: 0 | AR14: 2 | AS14: 2 | AT14: 0 | AU14: 0 | AV14: 1 | AW14: 1 | AX14: 0 | AY14: 1 | AZ14: =COUNTA(Aceh!D39) -> 0 | BA14: 0 | BB14: 0 | BC14: 0 | BD14: 0 | BE14: 0 | BF14: 1 | BG14: 1 | BH14: 0 | BI14: 1 | BJ14: 0 | BK14: 1 | BL14: 0 | BM14: 0 | BN14: 0 | BO14: 0 | BP14: 0 | BQ14: 1 | BR14: 0 | BS14: 0 | BT14: 0 | BU14: 1 | BV14: 0
A15: =A14+1 -> 10 | B15: Bangka Belitung | C15: =sum(I15:T15) -> 2 | D15: =sum(U15:AF15) -> 0 | E15: =sum(AG15:AR15) -> 0 | F15: =SUM(AS15:BD15) -> 2 | G15: =sum(BE15:BP15) -> 0 | H15: ='Bangka Belitung'!$H$10 -> 4 | I15: 0 | J15: 0 | K15: 0 | L15: 0 | M15: 0 | N15: 0 | O15: 1 | P15: 1 | Q15: 0 | R15: 0 | S15: 0 | T15: 0 | U15: 0 | V15: 0 | W15: 0 | X15: 0 | Y15: 0 | Z15: 0 | AA15: 0 | AB15: 0 | AC15: 0 | AD15: 0 | AE15: 0 | AF15: 0 | AG15: 0 | AH15: 0 | AI15: 0 | AJ15: 0 | AK15: 0 | AL15: 0 | AM15: 0 | AN15: 0 | AO15: 0 | AP15: 0 | AQ15: 0 | AR15: 0 | AS15: 0 | AT15: 0 | AU15: 1 | AV15: 0 | AW15: 1 | AX15: 0 | AY15: 0 | AZ15: =COUNTA(Aceh!D40) -> 0 | BA15: 0 | BB15: 0 | BC15: 0 | BD15: 0 | BE15: 0 | BF15: 0 | BG15: 0 | BH15: 0 | BI15: 0 | BJ15: 0 | BK15: 0 | BL15: 0 | BM15: 0 | BN15: 0 | BO15: 0 | BP15: 0 | BQ15: 0 | BR15: 0 | BS15: 0 | BT15: 0 | BU15: 0 | BV15: 0
A16: =A15+1 -> 11 | B16: Kalimantan Barat | C16: =sum(I16:T16) -> 7 | D16: =sum(U16:AF16) -> 19 | E16: =sum(AG16:AR16) -> 25 | F16: =SUM(AS16:BD16) -> 23 | G16: =sum(BE16:BP16) -> 15 | H16: ='Kalimantan Barat '!$H$98 -> 91 | I16: 0 | J16: 0 | K16: 0 | L16: 0 | M16: 1 | N16: 2 | O16: 0 | P16: 2 | Q16: 0 | R16: 0 | S16: 1 | T16: 1 | U16: 4 | V16: 3 | W16: 0 | X16: 1 | Y16: 4 | Z16: 1 | AA16: 4 | AB16: 1 | AC16: 0 | AD16: 0 | AE16: 0 | AF16: 1 | AG16: 1 | AH16: 2 | AI16: 0 | AJ16: 1 | AK16: 1 | AL16: 5 | AM16: 1 | AN16: 2 | AO16: 3 | AP16: 2 | AQ16: 4 | AR16: 3 | AS16: 4 | AT16: 2 | AU16: 2 | AV16: 0 | AW16: 3 | AX16: 3 | AY16: 3 | AZ16: =COUNTA(Aceh!D41) -> 0 | BA16: 1 | BB16: 1 | BC16: 2 | BD16: 2 | BE16: 0 | BF16: 6 | BG16: 1 | BH16: 1 | BI16: 1 | BJ16: 1 | BK16: 0 | BL16: 1 | BM16: 2 | BN16: 1 | BO16: 0 | BP16: 1 | BQ16: 1 | BR16: 0 | BS16: 1 | BT16: 0 | BU16: 1 | BV16: 0
A17: =A16+1 -> 12 | B17: Kalimantan Timur | C17: =sum(I17:T17) -> 17 | D17: =sum(U17:AF17) -> 14 | E17: =sum(AG17:AR17) -> 11 | F17: =SUM(AS17:BD17) -> 3 | G17: =sum(BE17:BP17) -> 4 | H17: ='Kalimantan Timur'!$H$56 -> 51 | I17: 0 | J17: 0 | K17: 0 | L17: 0 | M17: 1 | N17: 1 | O17: 0 | P17: 2 | Q17: 0 | R17: 1 | S17: 2 | T17: 10 | U17: 0 | V17: 2 | W17: 2 | X17: 3 | Y17: 1 | Z17: 4 | AA17: 0 | AB17: 1 | AC17: 0 | AD17: 0 | AE17: 1 | AF17: 0 | AG17: 0 | AH17: 0 | AI17: 2 | AJ17: 1 | AK17: 1 | AL17: 1 | AM17: 1 | AN17: 1 | AO17: 2 | AP17: 2 | AQ17: 0 | AR17: 0 | AS17: 0 | AT17: 1 | AU17: 0 | AV17: 0 | AW17: 0 | AX17: 2 | AY17: 0 | AZ17: =COUNTA(Aceh!D42) -> 0 | BA17: 0 | BB17: 0 | BC17: 0 | BD17: 0 | BE17: 0 | BF17: 1 | BG17: 0 | BH17: 0 | BI17: 1 | BJ17: 1 | BK17: 1 | BL17: 0 | BM17: 0 | BN17: 0 | BO17: 0 | BP17: 0 | BQ17: 0 | BR17: 0 | BS17: 0 | BT17: 0 | BU17: 0 | BV17: 1
A18: =A17+1 -> 13 | B18: Kalimantan Selatan | C18: =sum(I18:T18) -> 5 | D18: =sum(U18:AF18) -> 1 | E18: =sum(AG18:AR18) -> 3 | F18: =SUM(AS18:BD18) -> 5 | G18: =sum(BE18:BP18) -> 6 | H18: ='Kalimantan Selatan'!$H$31 -> 25 | I18: 0 | J18: 0 | K18: 0 | L18: 0 | M18: 0 | N18: 0 | O18: 0 | P18: 1 | Q18: 2 | R18: 0 | S18: 0 | T18: 2 | U18: 0 | V18: 0 | W18: 0 | X18: 0 | Y18: 0 | Z18: 0 | AA18: 0 | AB18: 1 | AC18: 0 | AD18: 0 | AE18: 0 | AF18: 0 | AG18: 1 | AH18: 0 | AI18: 0 | AJ18: 1 | AK18: 0 | AL18: 0 | AM18: 0 | AN18: 0 | AO18: 1 | AP18: 0 | AQ18: 0 | AR18: 0 | AS18: 0 | AT18: 0 | AU18: 1 | AV18: 0 | AW18: 1 | AX18: 0 | AY18: 1 | AZ18: =COUNTA(Aceh!D43) -> 0 | BA18: 1 | BB18: 0 | BC18: 0 | BD18: 1 | BE18: 0 | BF18: 1 | BG18: 2 | BH18: 1 | BI18: 0 | BJ18: 0 | BK18: 0 | BL18: 0 | BM18: 1 | BN18: 0 | BO18: 1 | BP18: 0 | BQ18: 0 | BR18: 3 | BS18: 0 | BT18: 0 | BU18: 1 | BV18: 1
A19: =A18+1 -> 14 | B19: Kalimantan Tengah | C19: =sum(I19:T19) -> 5 | D19: =sum(U19:AF19) -> 1 | E19: =sum(AG19:AR19) -> 1 | F19: =SUM(AS19:BD19) -> 2 | G19: =sum(BE19:BP19) -> 3 | H19: ='Kalimantan Tengah '!$H$20 -> 14 | I19: 0 | J19: 0 | K19: 0 | L19: 0 | M19: 1 | N19: 1 | O19: 2 | P19: 0 | Q19: 0 | R19: 1 | S19: 0 | T19: 0 | U19: 0 | V19: 1 | W19: 0 | X19: 0 | Y19: 0 | Z19: 0 | AA19: 0 | AB19: 0 | AC19: 0 | AD19: 0 | AE19: 0 | AF19: 0 | AG19: 0 | AH19: 0 | AI19: 0 | AJ19: 0 | AK19: 0 | AL19: 0 | AM19: 0 | AN19: 0 | AO19: 0 | AP19: 0 | AQ19: 0 | AR19: 1 | AS19: 0 | AT19: 0 | AU19: 0 | AV19: 0 | AW19: 0 | AX19: 0 | AY19: 1 | AZ19: =COUNTA(Aceh!D44) -> 0 | BA19: 1 | BB19: 0 | BC19: 0 | BD19: 0 | BE19: 0 | BF19: 0 | BG19: 1 | BH19: 1 | BI19: 0 | BJ19: 0 | BK19: 0 | BL19: 0 | BM19: 0 | BN19: 0 | BO19: 0 | BP19: 1 | BQ19: 1 | BR19: 0 | BS19: 0 | BT19: 0 | BU19: 0 | BV19: 1
A20: =A19+1 -> 15 | B20: Kalimantan Utara | C20: =sum(I20:T20) -> 1 | D20: =sum(U20:AF20) -> 1 | E20: =sum(AG20:AR20) -> 0 | F20: =SUM(AS20:BD20) -> 1 | G20: =sum(BE20:BP20) -> 0 | H20: ='Kalimantan Utara'!$H$9 -> 4 | I20: 0 | J20: 0 | K20: 0 | L20: 0 | M20: 0 | N20: 0 | O20: 0 | P20: 0 | Q20: 0 | R20: 0 | S20: 1 | T20: 0 | U20: 0 | V20: 0 | W20: 1 | X20: 0 | Y20: 0 | Z20: 0 | AA20: 0 | AB20: 0 | AC20: 0 | AD20: 0 | AE20: 0 | AF20: 0 | AG20: 0 | AH20: 0 | AI20: 0 | AJ20: 0 | AK20: 0 | AL20: 0 | AM20: 0 | AN20: 0 | AO20: 0 | AP20: 0 | AQ20: 0 | AR20: 0 | AS20: 0 | AT20: 0 | AU20: 0 | AV20: 0 | AW20: 0 | AX20: 0 | AY20: 0 | AZ20: =COUNTA(Aceh!D45) -> 0 | BA20: 1 | BB20: 0 | BC20: 0 | BD20: 0 | BE20: 0 | BF20: 0 | BG20: 0 | BH20: 0 | BI20: 0 | BJ20: 0 | BK20: 0 | BL20: 0 | BM20: 0 | BN20: 0 | BO20: 0 | BP20: 0 | BQ20: 0 | BR20: 0 | BS20: 0 | BT20: 0 | BU20: 0 | BV20: 0
A21: =A20+1 -> 16 | B21: Banten | C21: =sum(I21:T21) -> 28 | D21: =sum(U21:AF21) -> 40 | E21: =sum(AG21:AR21) -> 32 | F21: =SUM(AS21:BD21) -> 25 | G21: =sum(BE21:BP21) -> 15 | H21: =Banten!$H$152 -> 141 | I21: 0 | J21: 0 | K21: 0 | L21: 0 | M21: 3 | N21: 4 | O21: 3 | P21: 3 | Q21: 3 | R21: 4 | S21: 5 | T21: 3 | U21: 2 | V21: 6 | W21: 6 | X21: 3 | Y21: 3 | Z21: 2 | AA21: 4 | AB21: 1 | AC21: 4 | AD21: 6 | AE21: 0 | AF21: 3 | AG21: 2 | AH21: 3 | AI21: 1 | AJ21: 2 | AK21: 2 | AL21: 2 | AM21: 4 | AN21: 1 | AO21: 6 | AP21: 3 | AQ21: 1 | AR21: 5 | AS21: 5 | AT21: 4 | AU21: 0 | AV21: 2 | AW21: 5 | AX21: 1 | AY21: 1 | AZ21: =COUNTA(Aceh!D46) -> 0 | BA21: 4 | BB21: 1 | BC21: 0 | BD21: 2 | BE21: 2 | BF21: 0 | BG21: 0 | BH21: 1 | BI21: 1 | BJ21: 3 | BK21: 0 | BL21: 3 | BM21: 0 | BN21: 2 | BO21: 1 | BP21: 2 | BQ21: 2 | BR21: 0 | BS21: 2 | BT21: 0 | BU21: 0 | BV21: 1
A22: =A21+1 -> 17 | B22: DKI Jakarta | C22: =sum(I22:T22) -> 55 | D22: =sum(U22:AF22) -> 47 | E22: =sum(AG22:AR22) -> 69 | F22: =SUM(AS22:BD22) -> 62 | G22: =sum(BE22:BP22) -> 41 | H22: ='DKI Jakarta'!$H$302 -> 294 | I22: 0 | J22: 0 | K22: 0 | L22: 0 | M22: 4 | N22: 10 | O22: 5 | P22: 8 | Q22: 8 | R22: 3 | S22: 11 | T22: 6 | U22: 3 | V22: 5 | W22: 6 | X22: 7 | Y22: 4 | Z22: 4 | AA22: 1 | AB22: 4 | AC22: 7 | AD22: 4 | AE22: 1 | AF22: 1 | AG22: 8 | AH22: 4 | AI22: 5 | AJ22: 6 | AK22: 9 | AL22: 7 | AM22: 7 | AN22: 4 | AO22: 10 | AP22: 3 | AQ22: 2 | AR22: 4 | AS22: 7 | AT22: 5 | AU22: 6 | AV22: 2 | AW22: 14 | AX22: 7 | AY22: 5 | AZ22: 4 | BA22: 4 | BB22: 3 | BC22: 1 | BD22: 4 | BE22: 1 | BF22: 8 | BG22: 1 | BH22: 1 | BI22: 9 | BJ22: 5 | BK22: 2 | BL22: 2 | BM22: 6 | BN22: 2 | BO22: 3 | BP22: 1 | BQ22: 1 | BR22: 4 | BS22: 5 | BT22: 2 | BU22: 5 | BV22: 4
A23: =A22+1 -> 18 | B23: Jawa Barat | C23: =sum(I23:T23) -> 76 | D23: =sum(U23:AF23) -> 91 | E23: =sum(AG23:AR23) -> 79 | F23: =SUM(AS23:BD23) -> 97 | G23: =sum(BE23:BP23) -> 53 | H23: ='Jawa Barat'!$H$433 -> 409 | I23: 0 | J23: 0 | K23: 0 | L23: 0 | M23: 8 | N23: 9 | O23: 5 | P23: 6 | Q23: 10 | R23: 18 | S23: 10 | T23: 10 | U23: 11 | V23: 13 | W23: 8 | X23: 7 | Y23: 11 | Z23: 9 | AA23: 5 | AB23: 5 | AC23: 3 | AD23: 8 | AE23: 7 | AF23: 4 | AG23: 6 | AH23: 6 | AI23: 9 | AJ23: 5 | AK23: 7 | AL23: 6 | AM23: 7 | AN23: 11 | AO23: 8 | AP23: 6 | AQ23: 4 | AR23: 4 | AS23: 12 | AT23: 11 | AU23: 7 | AV23: 4 | AW23: 6 | AX23: 13 | AY23: 9 | AZ23: 6 | BA23: 6 | BB23: 7 | BC23: 7 | BD23: 9 | BE23: 4 | BF23: 6 | BG23: 4 | BH23: 5 | BI23: 10 | BJ23: 3 | BK23: 6 | BL23: 3 | BM23: 5 | BN23: 3 | BO23: 4 | BP23: 0 | BQ23: 3 | BR23: 2 | BS23: 3 | BT23: 3 | BU23: 9 | BV23: 9
A24: =A23+1 -> 19 | B24: Jawa Tengah | C24: =sum(I24:T24) -> 22 | D24: =sum(U24:AF24) -> 32 | E24: =sum(AG24:AR24) -> 41 | F24: =SUM(AS24:BD24) -> 34 | G24: =sum(BE24:BP24) -> 13 | H24: ='Jawa Tengah'!$H$161 -> 152 | I24: 0 | J24: 0 | K24: 0 | L24: 0 | M24: 0 | N24: 4 | O24: 3 | P24: 5 | Q24: 1 | R24: 2 | S24: 1 | T24: 6 | U24: 6 | V24: 0 | W24: 6 | X24: 4 | Y24: 2 | Z24: 3 | AA24: 3 | AB24: 2 | AC24: 1 | AD24: 2 | AE24: 3 | AF24: 0 | AG24: 2 | AH24: 1 | AI24: 4 | AJ24: 5 | AK24: 5 | AL24: 4 | AM24: 4 | AN24: 3 | AO24: 5 | AP24: 5 | AQ24: 0 | AR24: 3 | AS24: 1 | AT24: 5 | AU24: 2 | AV24: 3 | AW24: 4 | AX24: 3 | AY24: 3 | AZ24: 4 | BA24: 1 | BB24: 5 | BC24: 0 | BD24: 3 | BE24: 2 | BF24: 1 | BG24: 0 | BH24: 2 | BI24: 2 | BJ24: 1 | BK24: 0 | BL24: 3 | BM24: 0 | BN24: 0 | BO24: 1 | BP24: 1 | BQ24: 3 | BR24: 1 | BS24: 1 | BT24: 0 | BU24: 4 | BV24: 3
A25: =A24+1 -> 20 | B25: DI Yogyakarta | C25: =sum(I25:T25) -> 6 | D25: =sum(U25:AF25) -> 8 | E25: =sum(AG25:AR25) -> 6 | F25: =SUM(AS25:BD25) -> 3 | G25: =sum(BE25:BP25) -> 6 | H25: ='DI Yogyakarta'!$H$36 -> 30 | I25: 0 | J25: 0 | K25: 0 | L25: 1 | M25: 2 | N25: 0 | O25: 0 | P25: 1 | Q25: 0 | R25: 1 | S25: 1 | T25: 0 | U25: 2 | V25: 0 | W25: 3 | X25: 0 | Y25: 1 | Z25: 0 | AA25: 0 | AB25: 2 | AC25: 0 | AD25: 0 | AE25: 0 | AF25: 0 | AG25: 0 | AH25: 0 | AI25: 1 | AJ25: 0 | AK25: 0 | AL25: 0 | AM25: 1 | AN25: 2 | AO25: 2 | AP25: 0 | AQ25: 0 | AR25: 0 | AS25: 1 | AT25: 0 | AU25: 0 | AV25: 0 | AW25: 0 | AX25: 0 | AY25: 1 | AZ25: 0 | BA25: 0 | BB25: 1 | BC25: 0 | BD25: 0 | BE25: 0 | BF25: 3 | BG25: 0 | BH25: 0 | BI25: 1 | BJ25: 0 | BK25: 0 | BL25: 1 | BM25: 0 | BN25: 0 | BO25: 1 | BP25: 0 | BQ25: 0 | BR25: 0 | BS25: 0 | BT25: 0 | BU25: 0 | BV25: 1
A26: =A25+1 -> 21 | B26: Jawa Timur | C26: =sum(I26:T26) -> 30 | D26: =sum(U26:AF26) -> 52 | E26: =sum(AG26:AR26) -> 20 | F26: =SUM(AS26:BD26) -> 27 | G26: =sum(BE26:BP26) -> 15 | H26: ='Jawa Timur'!$H$158 -> 151 | I26: 0 | J26: 0 | K26: 0 | L26: 0 | M26: 4 | N26: 2 | O26: 2 | P26: 1 | Q26: 6 | R26: 7 | S26: 1 | T26: 7 | U26: 6 | V26: 17 | W26: 4 | X26: 3 | Y26: 4 | Z26: 5 | AA26: 1 | AB26: 3 | AC26: 3 | AD26: 2 | AE26: 0 | AF26: 4 | AG26: 3 | AH26: 4 | AI26: 0 | AJ26: 0 | AK26: 1 | AL26: 3 | AM26: 1 | AN26: 3 | AO26: 3 | AP26: 0 | AQ26: 2 | AR26: 0 | AS26: 4 | AT26: 1 | AU26: 3 | AV26: 1 | AW26: 2 | AX26: 2 | AY26: 2 | AZ26: 2 | BA26: 3 | BB26: 4 | BC26: 2 | BD26: 1 | BE26: 5 | BF26: 0 | BG26: 0 | BH26: 1 | BI26: 1 | BJ26: 0 | BK26: 3 | BL26: 2 | BM26: 0 | BN26: 1 | BO26: 1 | BP26: 1 | BQ26: 2 | BR26: 0 | BS26: 1 | BT26: 1 | BU26: 3 | BV26: 1
A27: =A26+1 -> 22 | B27: Bali | C27: =sum(I27:T27) -> 10 | D27: =sum(U27:AF27) -> 18 | E27: =sum(AG27:AR27) -> 11 | F27: =SUM(AS27:BD27) -> 7 | G27: =sum(BE27:BP27) -> 6 | H27: =Bali!$H$63 -> 57 | I27: 0 | J27: 0 | K27: 0 | L27: 0 | M27: 2 | N27: 0 | O27: 1 | P27: 0 | Q27: 1 | R27: 2 | S27: 1 | T27: 3 | U27: 1 | V27: 2 | W27: 3 | X27: 0 | Y27: 1 | Z27: 0 | AA27: 2 | AB27: 3 | AC27: 0 | AD27: 4 | AE27: 1 | AF27: 1 | AG27: 2 | AH27: 0 | AI27: 1 | AJ27: 0 | AK27: 1 | AL27: 0 | AM27: 0 | AN27: 1 | AO27: 2 | AP27: 1 | AQ27: 1 | AR27: 2 | AS27: 1 | AT27: 0 | AU27: 1 | AV27: 1 | AW27: 0 | AX27: 2 | AY27: 0 | AZ27: =COUNTA(Aceh!D52) -> 0 | BA27: 1 | BB27: 0 | BC27: 0 | BD27: 1 | BE27: 1 | BF27: 1 | BG27: 1 | BH27: 0 | BI27: 1 | BJ27: 1 | BK27: 0 | BL27: 0 | BM27: 1 | BN27: 0 | BO27: 0 | BP27: 0 | BQ27: 0 | BR27: 1 | BS27: 0 | BT27: 1 | BU27: 2 | BV27: 1
A28: =A27+1 -> 23 | B28: Nusa Tenggara Timur | C28: =sum(I28:T28) -> 1 | D28: =sum(U28:AF28) -> 2 | E28: =sum(AG28:AR28) -> 0 | F28: =SUM(AS28:BD28) -> 0 | G28: =sum(BE28:BP28) -> 13 | H28: ='Nusa Tenggara Timur'!$H$25 -> 20 | I28: 0 | J28: 0 | K28: 0 | L28: 0 | M28: 0 | N28: 0 | O28: 0 | P28: 0 | Q28: 1 | R28: 0 | S28: 0 | T28: 0 | U28: 0 | V28: 0 | W28: 1 | X28: 0 | Y28: 0 | Z28: 0 | AA28: 0 | AB28: 0 | AC28: 1 | AD28: 0 | AE28: 0 | AF28: 0 | AG28: 0 | AH28: 0 | AI28: 0 | AJ28: 0 | AK28: 0 | AL28: 0 | AM28: 0 | AN28: 0 | AO28: 0 | AP28: 0 | AQ28: 0 | AR28: 0 | AS28: 0 | AT28: 0 | AU28: 0 | AV28: 0 | AW28: 0 | AX28: 0 | AY28: 0 | AZ28: =COUNTA(Aceh!D53) -> 0 | BA28: 0 | BB28: 0 | BC28: 0 | BD28: 0 | BE28: 0 | BF28: 0 | BG28: 3 | BH28: 1 | BI28: 0 | BJ28: 0 | BK28: 0 | BL28: 1 | BM28: 0 | BN28: 1 | BO28: 1 | BP28: 6 | BQ28: 0 | BR28: 1 | BS28: 0 | BT28: 0 | BU28: 2 | BV28: 0
A29: =A28+1 -> 24 | B29: Nusa Tenggara Barat | C29: =sum(I29:T29) -> 2 | D29: =sum(U29:AF29) -> 3 | E29: =sum(AG29:AR29) -> 0 | F29: =SUM(AS29:BD29) -> 1 | G29: =sum(BE29:BP29) -> 1 | H29: ='Nusa Tenggara Barat'!$H$13 -> 8 | I29: 0 | J29: 0 | K29: 0 | L29: 0 | M29: 0 | N29: 1 | O29: 1 | P29: 0 | Q29: 0 | R29: 0 | S29: 0 | T29: 0 | U29: 0 | V29: 1 | W29: 0 | X29: 0 | Y29: 1 | Z29: 0 | AA29: 0 | AB29: 0 | AC29: 0 | AD29: 0 | AE29: 1 | AF29: 0 | AG29: 0 | AH29: 0 | AI29: 0 | AJ29: 0 | AK29: 0 | AL29: 0 | AM29: 0 | AN29: 0 | AO29: 0 | AP29: 0 | AQ29: 0 | AR29: 0 | AS29: 0 | AT29: 0 | AU29: 0 | AV29: 0 | AW29: 0 | AX29: 1 | AY29: 0 | AZ29: =COUNTA(Aceh!D54) -> 0 | BA29: 0 | BB29: 0 | BC29: 0 | BD29: 0 | BE29: 0 | BF29: 0 | BG29: 0 | BH29: 0 | BI29: 0 | BJ29: 0 | BK29: 0 | BL29: 0 | BM29: 0 | BN29: 1 | BO29: 0 | BP29: 0 | BQ29: 0 | BR29: 0 | BS29: 0 | BT29: 0 | BU29: 0 | BV29: 0
A30: =A29+1 -> 25 | B30: Gorontalo | C30: =sum(I30:T30) -> 2 | D30: =sum(U30:AF30) -> 1 | E30: =sum(AG30:AR30) -> 0 | F30: =SUM(AS30:BD30) -> 0 | G30: =sum(BE30:BP30) -> 1 | H30: ='Gorontalo '!$H$10 -> 4 | I30: 0 | J30: 0 | K30: 0 | L30: 0 | M30: 0 | N30: 0 | O30: 0 | P30: 2 | Q30: 0 | R30: 0 | S30: 0 | T30: 0 | U30: 0 | V30: 0 | W30: 0 | X30: 0 | Y30: 1 | Z30: 0 | AA30: 0 | AB30: 0 | AC30: 0 | AD30: 0 | AE30: 0 | AF30: 0 | AG30: 0 | AH30: 0 | AI30: 0 | AJ30: 0 | AK30: 0 | AL30: 0 | AM30: 0 | AN30: 0 | AO30: 0 | AP30: 0 | AQ30: 0 | AR30: 0 | AS30: 0 | AT30: 0 | AU30: 0 | AV30: 0 | AW30: 0 | AX30: 0 | AY30: 0 | AZ30: =COUNTA(Aceh!D55) -> 0 | BA30: 0 | BB30: 0 | BC30: 0 | BD30: 0 | BE30: 0 | BF30: 0 | BG30: 0 | BH30: 0 | BI30: 0 | BJ30: 0 | BK30: 1 | BL30: 0 | BM30: 0 | BN30: 0 | BO30: 0 | BP30: 0 | BQ30: 0 | BR30: 0 | BS30: 0 | BT30: 0 | BU30: 0 | BV30: 0
A31: =A30+1 -> 26 | B31: Sulawesi Barat | C31: =sum(I31:T31) -> 1 | D31: =sum(U31:AF31) -> 1 | E31: =sum(AG31:AR31) -> 1 | F31: =SUM(AS31:BD31) -> 7 | G31: =sum(BE31:BP31) -> 0 | H31: ='Sulawesi Barat'!$H$16 -> 9 | I31: 0 | J31: 0 | K31: 0 | L31: 0 | M31: 0 | N31: 0 | O31: 0 | P31: 0 | Q31: 0 | R31: 0 | S31: 1 | T31: 0 | U31: 1 | V31: 0 | W31: 0 | X31: 0 | Y31: 0 | Z31: 0 | AA31: 0 | AB31: 0 | AC31: 0 | AD31: 0 | AE31: 0 | AF31: 0 | AG31: 0 | AH31: 0 | AI31: 0 | AJ31: 0 | AK31: 0 | AL31: 0 | AM31: 0 | AN31: 0 | AO31: 0 | AP31: 1 | AQ31: 0 | AR31: 0 | AS31: 0 | AT31: 2 | AU31: 0 | AV31: 0 | AW31: 1 | AX31: 1 | AY31: 0 | AZ31: 1 | BA31: 0 | BB31: 1 | BC31: 1 | BD31: 0 | BE31: 0 | BF31: 0 | BG31: 0 | BH31: 0 | BI31: 0 | BJ31: 0 | BK31: 0 | BL31: 0 | BM31: 0 | BN31: 0 | BO31: 0 | BP31: 0 | BQ31: 0 | BR31: 0 | BS31: 0 | BT31: 0 | BU31: 0 | BV31: 0
A32: =A31+1 -> 27 | B32: Sulawesi Tengah | C32: =sum(I32:T32) -> 3 | D32: =sum(U32:AF32) -> 3 | E32: =sum(AG32:AR32) -> 7 | F32: =SUM(AS32:BD32) -> 8 | G32: =sum(BE32:BP32) -> 0 | H32: ='Sulawesi Tengah '!$H$27 -> 22 | I32: 0 | J32: 0 | K32: 0 | L32: 0 | M32: 1 | N32: 0 | O32: 1 | P32: 1 | Q32: 0 | R32: 0 | S32: 0 | T32: 0 | U32: 0 | V32: 0 | W32: 1 | X32: 1 | Y32: 0 | Z32: 0 | AA32: 0 | AB32: 1 | AC32: 0 | AD32: 0 | AE32: 0 | AF32: 0 | AG32: 0 | AH32: 2 | AI32: 1 | AJ32: 0 | AK32: 0 | AL32: 0 | AM32: 0 | AN32: 0 | AO32: 0 | AP32: 2 | AQ32: 2 | AR32: 0 | AS32: 1 | AT32: 1 | AU32: 0 | AV32: 1 | AW32: 2 | AX32: 0 | AY32: 0 | AZ32: 1 | BA32: 0 | BB32: 1 | BC32: 1 | BD32: 0 | BE32: 0 | BF32: 0 | BG32: 0 | BH32: 0 | BI32: 0 | BJ32: 0 | BK32: 0 | BL32: 0 | BM32: 0 | BN32: 0 | BO32: 0 | BP32: 0 | BQ32: 0 | BR32: 0 | BS32: 0 | BT32: 0 | BU32: 0 | BV32: 0
A33: =A32+1 -> 28 | B33: Sulawesi Utara | C33: =sum(I33:T33) -> 5 | D33: =sum(U33:AF33) -> 9 | E33: =sum(AG33:AR33) -> 7 | F33: =SUM(AS33:BD33) -> 2 | G33: =sum(BE33:BP33) -> 1 | H33: ='Sulawesi Utara'!$H$31 -> 26 | I33: 0 | J33: 0 | K33: 0 | L33: 0 | M33: 0 | N33: 3 | O33: 2 | P33: 0 | Q33: 0 | R33: 0 | S33: 0 | T33: 0 | U33: 1 | V33: 0 | W33: 0 | X33: 1 | Y33: 3 | Z33: 2 | AA33: 2 | AB33: 0 | AC33: 0 | AD33: 0 | AE33: 0 | AF33: 0 | AG33: 1 | AH33: 2 | AI33: 0 | AJ33: 0 | AK33: 0 | AL33: 0 | AM33: 0 | AN33: 0 | AO33: 1 | AP33: 3 | AQ33: 0 | AR33: 0 | AS33: 0 | AT33: 0 | AU33: 0 | AV33: 0 | AW33: 0 | AX33: 0 | AY33: 1 | AZ33: =COUNTA(Aceh!D58) -> 0 | BA33: 0 | BB33: 0 | BC33: 1 | BD33: 0 | BE33: 0 | BF33: 1 | BG33: 0 | BH33: 0 | BI33: 0 | BJ33: 0 | BK33: 0 | BL33: 0 | BM33: 0 | BN33: 0 | BO33: 0 | BP33: 0 | BQ33: 0 | BR33: 0 | BS33: 0 | BT33: 0 | BU33: 2 | BV33: 0
A34: =A33+1 -> 29 | B34: Sulawesi Tenggara | C34: =sum(I34:T34) -> 4 | D34: =sum(U34:AF34) -> 4 | E34: =sum(AG34:AR34) -> 0 | F34: =SUM(AS34:BD34) -> 1 | G34: =sum(BE34:BP34) -> 1 | H34: ='Sulawesi Tenggara'!$H$19 -> 14 | I34: 0 | J34: 0 | K34: 0 | L34: 0 | M34: 0 | N34: 2 | O34: 0 | P34: 0 | Q34: 2 | R34: 0 | S34: 0 | T34: 0 | U34: 1 | V34: 0 | W34: 0 | X34: 0 | Y34: 0 | Z34: 1 | AA34: 0 | AB34: 0 | AC34: 0 | AD34: 0 | AE34: 0 | AF34: 2 | AG34: 0 | AH34: 0 | AI34: 0 | AJ34: 0 | AK34: 0 | AL34: 0 | AM34: 0 | AN34: 0 | AO34: 0 | AP34: 0 | AQ34: 0 | AR34: 0 | AS34: 0 | AT34: 0 | AU34: 0 | AV34: 0 | AW34: 0 | AX34: 0 | AY34: 0 | AZ34: 1 | BA34: 0 | BB34: 0 | BC34: 0 | BD34: 0 | BE34: 0 | BF34: 1 | BG34: 0 | BH34: 0 | BI34: 0 | BJ34: 0 | BK34: 0 | BL34: 0 | BM34: 0 | BN34: 0 | BO34: 0 | BP34: 0 | BQ34: 1 | BR34: 0 | BS34: 0 | BT34: 0 | BU34: 1 | BV34: 1
A35: =A34+1 -> 30 | B35: Sulawesi Selatan | C35: =sum(I35:T35) -> 14 | D35: =sum(U35:AF35) -> 19 | E35: =sum(AG35:AR35) -> 9 | F35: =SUM(AS35:BD35) -> 7 | G35: =sum(BE35:BP35) -> 4 | H35: ='Sulawesi Selatan'!$H$60 -> 55 | I35: 0 | J35: 0 | K35: 0 | L35: 0 | M35: 2 | N35: 1 | O35: 1 | P35: 1 | Q35: 0 | R35: 1 | S35: 3 | T35: 5 | U35: 5 | V35: 6 | W35: 3 | X35: 2 | Y35: 1 | Z35: 0 | AA35: 0 | AB35: 2 | AC35: 0 | AD35: 0 | AE35: 0 | AF35: 0 | AG35: 1 | AH35: 0 | AI35: 0 | AJ35: 0 | AK35: 1 | AL35: 1 | AM35: 0 | AN35: 2 | AO35: 0 | AP35: 1 | AQ35: 3 | AR35: 0 | AS35: 2 | AT35: 0 | AU35: 1 | AV35: 0 | AW35: 0 | AX35: 0 | AY35: 0 | AZ35: 2 | BA35: 0 | BB35: 1 | BC35: 0 | BD35: 1 | BE35: 0 | BF35: 1 | BG35: 0 | BH35: 1 | BI35: 0 | BJ35: 1 | BK35: 0 | BL35: 0 | BM35: 1 | BN35: 0 | BO35: 0 | BP35: 0 | BQ35: 0 | BR35: 0 | BS35: 0 | BT35: 0 | BU35: 0 | BV35: 1
A36: =A35+1 -> 31 | B36: Maluku Utara | C36: =sum(I36:T36) -> 0 | D36: =sum(U36:AF36) -> 0 | E36: =sum(AG36:AR36) -> 0 | F36: =SUM(AS36:BD36) -> 0 | G36: =sum(BE36:BP36) -> 0 | H36: 0 | I36: 0 | J36: 0 | K36: 0 | L36: 0 | M36: 0 | N36: 0 | O36: 0 | P36: 0 | Q36: 0 | R36: 0 | S36: 0 | T36: 0 | U36: 0 | V36: 0 | W36: 0 | X36: 0 | Y36: 0 | Z36: 0 | AA36: 0 | AB36: 0 | AC36: 0 | AD36: 0 | AE36: 0 | AF36: 0 | AG36: 0 | AH36: 0 | AI36: 0 | AJ36: 0 | AK36: 0 | AL36: 0 | AM36: 0 | AN36: 0 | AO36: 0 | AP36: 0 | AQ36: 0 | AR36: 0 | AS36: 0 | AT36: 0 | AU36: 0 | AV36: 0 | AW36: 0 | AX36: 0 | AY36: 0 | AZ36: 0 | BA36: 0 | BB36: 0 | BC36: 0 | BD36: 0 | BE36: 0 | BF36: 0 | BG36: 0 | BH36: 0 | BI36: 0 | BJ36: 0 | BK36: 0 | BL36: 0 | BM36: 0 | BN36: 0 | BO36: 0 | BP36: 0 | BQ36: 0 | BR36: 0 | BS36: 0 | BT36: 0 | BU36: 0 | BV36: 0
A37: =A36+1 -> 32 | B37: Maluku | C37: =sum(I37:T37) -> 1 | D37: =sum(U37:AF37) -> 0 | E37: =sum(AG37:AR37) -> 0 | F37: =SUM(AS37:BD37) -> 1 | G37: =sum(BE37:BP37) -> 0 | H37: ='Maluku '!$H$8 -> 3 | I37: 0 | J37: 0 | K37: 0 | L37: 1 | M37: 0 | N37: 0 | O37: 0 | P37: 0 | Q37: 0 | R37: 0 | S37: 0 | T37: 0 | U37: 0 | V37: 0 | W37: 0 | X37: 0 | Y37: 0 | Z37: 0 | AA37: 0 | AB37: 0 | AC37: 0 | AD37: 0 | AE37: 0 | AF37: 0 | AG37: 0 | AH37: 0 | AI37: 0 | AJ37: 0 | AK37: 0 | AL37: 0 | AM37: 0 | AN37: 0 | AO37: 0 | AP37: 0 | AQ37: 0 | AR37: 0 | AS37: 0 | AT37: 0 | AU37: 0 | AV37: 0 | AW37: 0 | AX37: 0 | AY37: 0 | AZ37: =COUNTA(Aceh!D62) -> 0 | BA37: 0 | BB37: 0 | BC37: 0 | BD37: 1 | BE37: 0 | BF37: 0 | BG37: 0 | BH37: 0 | BI37: 0 | BJ37: 0 | BK37: 0 | BL37: 0 | BM37: 0 | BN37: 0 | BO37: 0 | BP37: 0 | BQ37: 0 | BR37: 0 | BS37: 0 | BT37: 0 | BU37: 0 | BV37: 0
A38: =A37+1 -> 33 | B38: Papua Barat | C38: =sum(I38:T38) -> 0 | D38: =sum(U38:AF38) -> 0 | E38: =sum(AG38:AR38) -> 0 | F38: =SUM(AS38:BD38) -> 1 | G38: =sum(BE38:BP38) -> 1 | H38: ='Papua Barat'!$E$8 -> 2 | I38: 0 | J38: 0 | K38: 0 | L38: 0 | M38: 0 | N38: 0 | O38: 0 | P38: 0 | Q38: 0 | R38: 0 | S38: 0 | T38: 0 | U38: 0 | V38: 0 | W38: 0 | X38: 0 | Y38: 0 | Z38: 0 | AA38: 0 | AB38: 0 | AC38: 0 | AD38: 0 | AE38: 0 | AF38: 0 | AG38: 0 | AH38: 0 | AI38: 0 | AJ38: 0 | AK38: 0 | AL38: 0 | AM38: 0 | AN38: 0 | AO38: 0 | AP38: 0 | AQ38: 0 | AR38: 0 | AS38: 0 | AT38: 0 | AU38: 0 | AV38: 0 | AW38: 1 | AX38: 0 | AY38: 0 | AZ38: =COUNTA(Aceh!D63) -> 0 | BA38: 0 | BB38: 0 | BC38: 0 | BD38: 0 | BE38: 0 | BF38: 0 | BG38: 0 | BH38: 0 | BI38: 0 | BJ38: 0 | BK38: 0 | BL38: 0 | BM38: 1 | BN38: 0 | BO38: 0 | BP38: 0 | BQ38: 0 | BR38: 0 | BS38: 0 | BT38: 0 | BU38: 0 | BV38: 0
A39: =A38+1 -> 34 | B39: Papua | C39: =sum(I39:T39) -> 4 | D39: =sum(U39:AF39) -> 2 | E39: =sum(AG39:AR39) -> 4 | F39: =SUM(AS39:BD39) -> 1 | G39: =sum(BE39:BP39) -> 2 | H39: ='Papua '!$H$20 -> 14 | I39: 0 | J39: 0 | K39: 0 | L39: 0 | M39: 0 | N39: 0 | O39: 1 | P39: 0 | Q39: 1 | R39: 1 | S39: 1 | T39: 0 | U39: 0 | V39: 1 | W39: 1 | X39: 0 | Y39: 0 | Z39: 0 | AA39: 0 | AB39: 0 | AC39: 0 | AD39: 0 | AE39: 0 | AF39: 0 | AG39: 0 | AH39: 0 | AI39: 0 | AJ39: 1 | AK39: 0 | AL39: 2 | AM39: 1 | AN39: 0 | AO39: 0 | AP39: 0 | AQ39: 0 | AR39: 0 | AS39: 0 | AT39: 0 | AU39: 0 | AV39: 0 | AW39: 0 | AX39: 0 | AY39: 0 | AZ39: =COUNTA(Aceh!D64) -> 0 | BA39: 0 | BB39: 1 | BC39: 0 | BD39: 0 | BE39: 0 | BF39: 0 | BG39: 1 | BH39: 0 | BI39: 0 | BJ39: 0 | BK39: 0 | BL39: 0 | BM39: 0 | BN39: 0 | BO39: 1 | BP39: 0 | BQ39: 0 | BR39: 1 | BS39: 0 | BT39: 0 | BU39: 0 | BV39: 0
A40: =A39+1 -> 35 | B40: Papua Tengah | C40: =sum(I40:T40) -> 0 | D40: =sum(U40:AF40) -> 0 | E40: =sum(AG40:AR40) -> 0 | F40: =SUM(AS40:BD40) -> 0 | G40: =sum(BE40:BP40) -> 0 | H40: 0 | I40: 0 | J40: 0 | K40: 0 | L40: 0 | M40: 0 | N40: 0 | O40: 0 | P40: 0 | Q40: 0 | R40: 0 | S40: 0 | T40: 0 | U40: 0 | V40: 0 | W40: 0 | X40: 0 | Y40: 0 | Z40: 0 | AA40: 0 | AB40: 0 | AC40: 0 | AD40: 0 | AE40: 0 | AF40: 0 | AG40: 0 | AH40: 0 | AI40: 0 | AJ40: 0 | AK40: 0 | AL40: 0 | AM40: 0 | AN40: 0 | AO40: 0 | AP40: 0 | AQ40: 0 | AR40: 0 | AS40: 0 | AT40: 0 | AU40: 0 | AV40: 0 | AW40: 0 | AX40: 0 | AY40: 0 | AZ40: 0 | BA40: 0 | BB40: 0 | BC40: 0 | BD40: 0 | BE40: 0 | BF40: 0 | BG40: 0 | BH40: 0 | BI40: 0 | BJ40: 0 | BK40: 0 | BL40: 0 | BM40: 0 | BN40: 0 | BO40: 0 | BP40: 0 | BQ40: 0 | BR40: 0 | BS40: 0 | BT40: 0 | BU40: 0 | BV40: 0
A41: =A40+1 -> 36 | B41: Papua Pegunungan | C41: =sum(I41:T41) -> 0 | D41: =sum(U41:AF41) -> 0 | E41: =sum(AG41:AR41) -> 0 | F41: =SUM(AS41:BD41) -> 0 | G41: =sum(BE41:BP41) -> 0 | H41: 0 | I41: 0 | J41: 0 | K41: 0 | L41: 0 | M41: 0 | N41: 0 | O41: 0 | P41: 0 | Q41: 0 | R41: 0 | S41: 0 | T41: 0 | U41: 0 | V41: 0 | W41: 0 | X41: 0 | Y41: 0 | Z41: 0 | AA41: 0 | AB41: 0 | AC41: 0 | AD41: 0 | AE41: 0 | AF41: 0 | AG41: 0 | AH41: 0 | AI41: 0 | AJ41: 0 | AK41: 0 | AL41: 0 | AM41: 0 | AN41: 0 | AO41: 0 | AP41: 0 | AQ41: 0 | AR41: 0 | AS41: 0 | AT41: 0 | AU41: 0 | AV41: 0 | AW41: 0 | AX41: 0 | AY41: 0 | AZ41: 0 | BA41: 0 | BB41: 0 | BC41: 0 | BD41: 0 | BE41: 0 | BF41: 0 | BG41: 0 | BH41: 0 | BI41: 0 | BJ41: 0 | BK41: 0 | BL41: 0 | BM41: 0 | BN41: 0 | BO41: 0 | BP41: 0 | BQ41: 0 | BR41: 0 | BS41: 0 | BT41: 0 | BU41: 0 | BV41: 0
A42: =A41+1 -> 37 | B42: Papua Selatan | C42: =sum(I42:T42) -> 0 | D42: =sum(U42:AF42) -> 0 | E42: =sum(AG42:AR42) -> 0 | F42: =SUM(AS42:BD42) -> 0 | G42: =sum(BE42:BP42) -> 0 | H42: 0 | I42: 0 | J42: 0 | K42: 0 | L42: 0 | M42: 0 | N42: 0 | O42: 0 | P42: 0 | Q42: 0 | R42: 0 | S42: 0 | T42: 0 | U42: 0 | V42: 0 | W42: 0 | X42: 0 | Y42: 0 | Z42: 0 | AA42: 0 | AB42: 0 | AC42: 0 | AD42: 0 | AE42: 0 | AF42: 0 | AG42: 0 | AH42: 0 | AI42: 0 | AJ42: 0 | AK42: 0 | AL42: 0 | AM42: 0 | AN42: 0 | AO42: 0 | AP42: 0 | AQ42: 0 | AR42: 0 | AS42: 0 | AT42: 0 | AU42: 0 | AV42: 0 | AW42: 0 | AX42: 0 | AY42: 0 | AZ42: 0 | BA42: 0 | BB42: 0 | BC42: 0 | BD42: 0 | BE42: 0 | BF42: 0 | BG42: 0 | BH42: 0 | BI42: 0 | BJ42: 0 | BK42: 0 | BL42: 0 | BM42: 0 | BN42: 0 | BO42: 0 | BP42: 0 | BQ42: 0 | BR42: 0 | BS42: 0 | BT42: 0 | BU42: 0 | BV42: 0
A43: =A42+1 -> 38 | B43: Papua Barat Daya | C43: =sum(I43:T43) -> 0 | D43: =sum(U43:AF43) -> 0 | E43: =sum(AG43:AR43) -> 0 | F43: =SUM(AS43:BD43) -> 0 | G43: =sum(BE43:BP43) -> 0 | H43: 0 | I43: 0 | J43: 0 | K43: 0 | L43: 0 | M43: 0 | N43: 0 | O43: 0 | P43: 0 | Q43: 0 | R43: 0 | S43: 0 | T43: 0 | U43: 0 | V43: 0 | W43: 0 | X43: 0 | Y43: 0 | Z43: 0 | AA43: 0 | AB43: 0 | AC43: 0 | AD43: 0 | AE43: 0 | AG43: 0 | AH43: 0 | AI43: 0 | AJ43: 0 | AK43: 0 | AL43: 0 | AM43: 0 | AN43: 0 | AO43: 0 | AP43: 0 | AQ43: 0 | AR43: 0 | AS43: 0 | AT43: 0 | AU43: 0 | AV43: 0 | AW43: 0 | AX43: 0 | AY43: 0 | AZ43: 0 | BA43: 0 | BB43: 0 | BC43: 0 | BD43: 0 | BE43: 0 | BF43: 0 | BG43: 0 | BH43: 0 | BI43: 0 | BJ43: 0 | BK43: 0 | BL43: 0 | BM43: 0 | BN43: 0 | BO43: 0 | BP43: 0 | BQ43: 0 | BR43: 0 | BS43: 0 | BT43: 0 | BU43: 0 | BV43: 0
B44: JUMLAH NASABAH BARU | C44: =sum(C6:C43) -> 350 | D44: =sum(D6:D43) -> 435 | E44: =sum(E6:E43) -> 411 | F44: =sum(F6:F43) -> 410 | G44: =sum(G6:G43) -> 290 | H44: =sum(H6:H43) -> 2009 | I44: =sum(I6:I43) -> 0 | J44: =sum(J6:J43) -> 0 | ... BY44: =sum(BY6:BY43) -> 0

Sheet Aceh
A1: PT PIPOSMART DIGITAL INDONESIA
A2: Laporan Nasabah Baru
A3: Tahun 2026
A4: Nomor | B4: Tahun Member | C4: Bulan | D4: Kode Owner | E4: Nama Owner | F4: No. Hp Owner | G4: Email | H4: Project/Outlet | I4: Kota | J4: Alamat
A5: 1 | B5: 2021 | C5: Juli | D5: 1609 | E5: Nur Anita dewi | F5: 0822 7718 8487 | G5: nuranita642@gmail.com | H5: sahabat laundry/SAHABAT LAUNDRY KILOAN GRATIS ANTAR JEMPUT.praktis-mudah-aman-bersih dan suci. | I5: Kab. Aceh Tamiang | J5: dusun bahagia perumahan mutiara residen 2 blok k nmr 9 tanah terban
A6: 2 | B6: 2021 | C6: Agustus | D6: 307 | E6: SURIATI | F6: 0813 60608515 | G6: isur.bna@gmail.com | H6: A&Z LAUNDRY/AZ LAUNDRY | I6: Kab. Aceh Besar | J6: jln. limpo Desa Meunasah papeun
A7: 3 | B7: 2021 | C7: Oktober | D7: 2838 | E7: rafka | F7: 0813 60283975 | G7: 46laundryexpress@gmail.com | H7: 46laundry express | I7: Kota Banda Aceh | J7: jln. Taman siswa no 27 samping Adi kupi
A8: 4 | B8: 2021 | C8: Desember | D8: 3609 | E8: Nayla | F8: 0813 60455014 | G8: Cutmini1988@gmail.com | H8: mini laundry/Mini Laundry Syariah | I8: Kab. Aceh Barat Daya | J8: komplek terminal blangpidie aceh barat daya
A9: 5 | B9: 2022 | C9: Januari | D9: 4325 | E9: muhammad Riza | F9: 0813 17879281 | G9: mina_Laundry@gmail.com | H9: MINA LAUNDRY | I9: Kab. Pidie | J9: jalan Medan-Banda aceh KM 125samping Polsek Mutiara Timur. Beureunuen. Kab Pidie
A10: 6 | B10: 2022 | C10: Februari | D10: 4353 | E10: Laundry Kiloan Lueng Bata | F10: 0812 75988253 | G10: luengbatalaundrykiloan@gmail.com | H10: Laundry Kiloan Lueng Bata | I10: Kota Banda Aceh | J10: Jln. Tgk. Imuem Lueng Bata no. 25Samping Bank BSIBanda Aceh
A11: 7 | B11: 2022 | C11: Juni | D11: 6023 | E11: Annisa loundry | F11: 0823 6386 4228 | G11: syibral28@gmail.com | H11: annisa | I11: Kota Lhokseumawe | J11: jln.medan Banda Aceh depan kampus IAIN samping cultur coffee
A12: 8 | B12: 2022 | C12: Juni | D12: 6331 | E12: Admin | F12: 08116812501 | G12: laundryjamboo@gmail.com | H12: Jamboo Laundry | I12: Kota Banda Aceh | J12: Jalan Chik Dipineung Raya
A13: 9 | B13: 2022 | C13: Agustus | D13: 6411 | E13: Agustianto Rusdi | F13: 0811 688 0989 | G13: agustiantorusdi26@gmail.com | H13: ym laundry | I13: Kota Banda Aceh | J13: Teuku umar no 253
A14: 10 | B14: 2022 | C14: September | D14: 6928 | E14: Rais Fahrizal | F14: 082360612025 | G14: laundrycoin124@gmail.com | H14: 124 Laundry | I14: Kab. Aceh Besar | J14: jln.laksamana Malahayati Gampong ba'et kecamatan Baitussalam Aceh besar
A15: 11 | B15: 2022 | C15: November | D15: 7436 | E15: Agustian Saputra | F15: 0853 7989 4486 | G15: rafkacoinlaundry@gmail.com | H15: rafkacoinlaundry/rafkacoinlaundry | I15: Kota Banda Aceh | J15: jln. t nyak arief
A16: 12 | B16: 2022 | C16: November | D16: 7436 | E16: Agustian Saputra | F16: 0853 7989 4486 | G16: rafkacoinlaundry@gmail.com | H16: rafkacoinlaundry/46 laundry express | I16: Kota Banda Aceh | J16: jln. t nyak arief
A17: 13 | B17: 2023 | C17: April | D17: 8480 | E17: Syakila | F17: 081269777817 | H17: Syakila Laundry Expres | I17: Kota Banda Aceh | J17: Jl Kebun Raja Desa Ie Masen Kec. Ule Kareng
A18: 14 | B18: 2023 | C18: Mei | D18: 7436 | E18: Agustian Saputra | F18: 0853 7989 4486 | G18: rafkacoinlaundry@gmail.com | H18: rafkacoinlaundry/delapan Laundry express | I18: Kota Banda Aceh | J18: jln. t nyak arief
A19: 15 | B19: 2023 | C19: Juni | D19: 8714 | E19: er laundry | F19: 0812 6204 3766 | G19: er.laundry2023@gmail.com | H19: er Laundry | I19: Kota Banda Aceh | J19: Jl. Seokarno Hatta, Lam Ara, Banda Raya
A20: 16 | B20: 2023 | C20: November | D20: 10201 | E20: Fakhrul Razi | F20: 085260008048 | G20: bangbungie@gmail.com | H20: Mami Laundry | I20: Kota Banda Aceh | J20: Jl. Taman Siswa Merduati Banda Aceh
A21: 17 | B21: 2023 | C21: Desember | D21: 10755 | E21: ultra Clean londry | F21: 085277488773 | G21: amanahacehdarussalam@gmail.com | H21: Ultra Clean Londry | I21: Kota Banda Aceh | J21: Jalan AMD manunggal cot mesjid
A22: 18 | B22: 2023 | C22: Desember | D22: 7436 | E22: Agustian Saputra | F22: 0853 7989 4486 | G22: rafkacoinlaundry@gmail.com | H22: rafkacoinlaundry/HATEMA LAUNDRY EXPRESS | I22: Kota Banda Aceh | J22: jln. t nyak arief
A23: 19 | B23: 2023 | C23: Desember | D23: 10779 | E23: Farid | F23: 081269779203 | H23: ellaundry/joeragan Laundry | I23: Kota Banda Aceh | J23: panterik
A24: 20 | B24: 2024 | C24: Januari | D24: 10906 | E24: Fadli | F24: 085213596433 | G24: zulfadliyacob2486@gmail.com | H24: papa laundry/Papa Laundry | I24: Kota Lhokseumawe | J24: jln kenari no 3
A25: 21 | B25: 2024 | C25: Januari | D25: 11091 | E25: Halimah | F25: 08116703276 | G25: tqn2024@gmail.com | H25: TQN laundry | I25: Kota Lhokseumawe | J25: jalan mardeka timur
A26: 22 | B26: 2024 | C26: Maret | D26: 10124 | E26: laundry Karpet bireuen | F26: 085380273221 | G26: juangkarpet@gmail.com | H26: laundry Karpet bireuen | I26: Kab. Bireuen | J26: jalan rel kereta api, gelanggang Teungoh, kota juang, bireuen
A27: 23 | B27: 2024 | C27: Maret | D27: 11301 | E27: rumoh cooperation | F27: 082245989203 | H27: Zahra Laundry Express | I27: Kota Sabang | J27: Pertokoan Pujasera No 27, Jl Cut Nyak Dien
A28: 24 | B28: 2024 | C28: Mei | D28: 6085 | E28: Hidayat Muchsin | F28: 082282551800 | G28: laundrymutia230808@gmail.com | H28: Laundry Mutia | I28: Kab. Pidie | J28: Jalan Baru No 6
A29: 25 | B29: 2024 | C29: Juli | D29: 12728 | E29: DINA | F29: 089518928591 | H29: DINA LAUNDRY | I29: Kab. Aceh Tamiang | J29: karang baru .aceh tamiang
A30: 26 | B30: 2024 | C30: Agustus | D30: 6928 | E30: Rais Fahrizal | F30: 082360612025 | G30: laundrycoin124@gmail.com | H30: 124 Laundry/124 laundry new | I30: Kab. Aceh Besar
A31: 27 | B31: 2024 | C31: September | D31: 12793 | E31: aly sazam | F31: 085831739251 | G31: alisazam1998ali@gmail.com | H31: Ilyas Laundry | I31: Kota Subulussalam | J31: jln Teuku Umar kita Subulussalam dpn Polsek Simpang kiri
A32: TOTAL 2026 | E32: {=sum(1/countif(E32,E32))} -> #REF! | H32: {=sum(1/countif(H32,H32))} -> #REF!
A33: TOTAL 2021-2026 | E33: {=sum(1/countif(E5:E31,E5:E31))} -> 23 | H33: {=sum(1/countif(H5:H31,H5:H31))} -> 27 | I33: {=sum(1/countif(I5:I31,I5:I31))} -> 9

Sheet Bali
A1: PT PIPOSMART DIGITAL INDONESIA
A2: Laporan Nasabah Baru
A3: Tahun 2026
A4: Nomor | B4: Tahun Member | C4: Bulan | D4: Kode Owner | E4: Nama Owner | F4: No. Hp Owner | G4: Email | H4: Project/Outlet | I4: Kota | J4: Alamat
A5: 1 | B5: 2021 | C5: Mei | D5: 887 | E5: Gede Bali Laundry | F5: 0878 1114 1000 | G5: laundrygedebali@gmail.com | H5: Gede Bali Laundry | I5: Kab. Gianyar | J5: JL Baka, No 25 Batubulan Gianyar
A6: 2 | B6: 2021 | C6: Mei | D6: 439 | E6: RED Express Laundry | F6: 0818 232 777 | G6: red.xpress3@gmail.com | H6: RED EXPRESS Laundry | I6: Kab. Badung | J6: Jl Poh Gading III no 1
A7: 3 | B7: 2021 | C7: Juli | D7: 1522 | E7: sugiana indah lestari | F7: 0812 3918 8191 | G7: ndahtari7@gmail.com | H7: Indah express laundry | I7: Kota Denpasar | J7: Danau tempe no.35 sanur kecamatan Denpasar Selatan
A8: 4 | B8: 2021 | C8: September | D8: 1454 | E8: Tri | F8: 0813 38035425 | G8: trimandala01@gmail.com | H8: Agung Laundry/Agung Laundry Singaraja | I8: Kab. Buleleng | J8: Jln. Srikandi depan SMAN 2 Sambangan Singaraja - Bali 81119
A9: 5 | B9: 2021 | C9: Oktober | D9: 1541 | E9: Sisilia Agustina | F9: 081353777676 | G9: berkahlaundrydps@gmail.com | H9: Berkah Laundry | I9: Kota Denpasar | J9: Jl. Pulau Moyo no.7b, sesetan, denpasar selatan
A10: 6 | B10: 2021 | C10: Oktober | D10: 2284 | E10: S&C Laundry | F10: 0812 37987097 | G10: laundrysc09@gmail.com | H10: S&C Laundry | I10: Kab. Tabanan | J10: Jalan Gunung Agung 69.II, Pasekan Baleran, Tabanan.
A11: 7 | B11: 2021 | C11: November | D11: 2955 | E11: Dwi | F11: 0878 03152309 | G11: laundrycorner21@gmail.com | H11: 8 Nindy Laundry/Nindy Laundry | I11: Kota Denpasar | J11: Jl. Dukuh Sari
A12: 8 | B12: 2021 | C12: Desember | D12: 3281 | E12: ari wulandari | F12: 0819 852805 | G12: ulandx@yahoo.com | H12: Laundry Tiang | I12: Kota Denpasar | J12: Jalan Kebo Iwa Utara No. 87, Padang Sambian Kaja - Denpasar Barat
A13: 9 | B13: 2021 | C13: Desember | D13: 3401 | E13: barry yudho briantoro | F13: 0813 37379737 | G13: kopisamakami@gmail.com | H13: SAMAKAMI | I13: Kota Denpasar | J13: Jl. Palapa No.88A
A14: 10 | B14: 2021 | C14: Desember | D14: 3687 | E14: DESI | F14: 0819 4412 8567 | G14: desiarya2015@gmail.com | H14: Top Laundry | I14: Kab. Badung | J14: Banjar Denkayu Baleran
A15: 11 | B15: 2022 | C15: Januari | D15: 3813 | E15: M. Fatih Zakiyyurrahman | F15: 822 44000148 | G15: fatihzaky1234@gmail.com | H15: Zaky Laundry/Mama Laundry | I15: Kota Denpasar | J15: jl. sedap malam gg. seruni IVA
A16: 12 | B16: 2022 | C16: Februari | D16: 3813 | E16: M. Fatih Zakiyyurrahman | F16: 0821 44000148 | G16: fatihzaky1234@gmail.com | H16: Zaky Laundry/Zaky Laundry | I16: Kota Denpasar | J16: Jl. Anyelir gg. Rama no. 23
... A40: 36 | B40: 2023 | C40: Oktober | D40: 10487 | E40: Ananda Nugraha | F40: 081957491192 | G40: anandanugraha53@gmail.com | H40: Detergen Laundry | I40: Kab. Badung | J40: Jl. I Gusti Ngurah Rai, Mengwi, Kec Mengwi, Kabupaten Badung, Bali
A41: 37 | B41: 2023 | C41: November | D41: 10692 | E41: RUMAHA LAUNDRY JIMBARAN | F41: 081547167390 | H41: RUMAHA LAUNDRY EXPRESS | I41: Kab. Badung | J41: jln puri gading gg saribu (tepat di depan toko saribu)
A42: 38 | B42: 2023 | C42: Desember | D42: 10569 | E42: Josepha | F42: 082138444374 | H42: Wash Pro 2123 | I42: Kab. Tabanan | J42: Jln. Yeh Gangga 1, Gubug, Tabanan
A43: 39 | B43: 2023 | C43: Desember | D43: 10801 | E43: ida ayu krisna dewi putra | F43: 081237887616 | G43: krisnadewiputra@gmail.com | H43: Beta clean laundry | I43: Kota Denpasar | J43: jln.gn lumut no 46
A44: 40 | B44: 2024 | C44: Januari | D44: 11141 | E44: Nurul Adjam | F44: 085958950007 | G44: nuruladjam6@gmail.com | H44: PICKERING LAUNDRY | I44: Kota Denpasar | J44: jl griya anyar no.92 gg cendrawasih pemogan - Denpasar Selatan
A45: 41 | B45: 2024 | C45: Maret | D45: 11622 | E45: Arya Laundry | F45: 081937290846 | G45: aryalaundry10@gmail.com | H45: Arya Laundry | I45: Kota Denpasar | J45: Jalan Tegal Wangi No 22 sesetan
A46: 42 | B46: 2024 | C46: April | D46: 11696 | E46: glenda | F46: 087865195929 | G46: bubbleslaundry24@gmail.com | H46: Bubble's Laundry | I46: Kab. Badung | J46: Jl. Raya Uluwatu, Pecatu
A47: 43 | B47: 2024 | C47: Juni | D47: 12224 | E47: RUMAHA LAUNDRY PURIGADING | F47: 081547167390 | G47: rumahalaundry21@gmail.com | H47: Laundry | I47: Kab. Badung | J47: Jln puri gading gg saribu (tepat di depan toko saribu)
A48: 44 | B48: 2024 | C48: Juni | D48: 6468 | E48: Kilo Laundry | F48: 081238161111 | G48: kilolaundry23@gmail.com | H48: kilo laundry/Kilo Laundry 2 | I48: Kota Denpasar | J48: Panjer
A49: 45 | B49: 2024 | C49: September | D49: 5138 | E49: Anisa | F49: 081237935953 | G49: anisaputriani.cablek@gmail.com | H49: Sasha Laundry/SASHA LAUNDRY | I49: Kab. Badung | J49: Jln. Darmawangsa, Kampial
A50: 46 | B50: 2024 | C50: Desember | D50: 13791 | E50: glenda | F50: 085945951576 | G50: bobasolaundry02@gmail.com | H50: Bobaso Laundry | I50: Kab. Badung | J50: Teras Hijau Residen blok.3 no.33
A51: 47 | B51: 2025 | C51: Januari | D51: 14431 | E51: Bali Tes | F51: 082340134262 | G51: tesbali869@gmail.com | H51: Check in laundry/Check in laundry | I51: Kab. Gianyar | J51: Jln Batu Intan Utama No 16 Batubulan, Gianyar, Bali
A52: 48 | B52: 2025 | C52: Februari | D52: 14630 | E52: One Love Laundry | F52: 082241305157 | G52: onelovelaundry192@gmail.com | H52: one love laundry/one love laundry | I52: Kota Denpasar | J52: jl. sidakarya no 192
A53: 49 | B53: 2025 | C53: Maret | D53: 14842 | E53: NI PUTU PINGKA PRATIWI | F53: 081916292293 | H53: GINZZ LAUNDROMAT/GINZZ LAUNDROMAT | I53: Kota Denpasar | J53: Jalan. Gunung Karang III 4A 1
A54: 50 | B54: 2025 | C54: Mei | D54: 15398 | E54: owner | F54: 085337764792 | H54: laundryuk/LaundrYuk | I54: Kota Denpasar | J54: Jl Sakura IV Denpasar
A55: 51 | B55: 2025 | C55: Juni | D55: 15593 | E55: Freshclean laundry | F55: 085935363911 | G55: freshcleanlaundry1999@gmail.com | H55: Freshclean/FRESHCLEAN BALI | I55: Kab. Badung | J55: BALI
A56: 52 | B56: 2025 | C56: September | D56: 16269 | E56: Puri Laundry Akasia | F56: 082144461557 | G56: purilaundryakasia@gmail.com | H56: Puri Laundry/Puri Laundry | I56: Kota Denpasar | J56: Jalan Akasia XV no.7
A57: 53 | B57: 2026 | C57: Februari | D57: 10801 | E57: ida ayu krisna dewi putra | F57: 081237887616 | G57: krisnadewiputra@gmail.com | H57: Beta clean laundry/MIRACLE LAUNDRY 2 | I57: Kota Denpasar | J57: jln.gn lumut no 46
A58: 54 | B58: 2026 | C58: April | D58: 17997 | E58: Komang Diatmika | F58: 081937092216 | G58: diatmikakomang690@gmail.com | H58: kedas Laundry/kedas Laundry | I58: Kab. Buleleng | J58: desa Pemaron dusun dauh Margi
A59: 55 | B59: 2026 | C59: Mei | D59: 18591 | E59: VIRLY | F59: 0881037755144 | H59: D.V LAUNDRY/D.V LAUNDRY | I59: Kota Denpasar | J59: JL SEDAP MALAM NO 110 A. DENPASAR TIMUR
A60: 56 | B60: 2026 | C60: Mei | D60: 18742 | E60: Nana Kasterin | F60: 0818356761 | G60: mail.laundrykubali@gmail.com | H60: Laundryku Bali/Laundryku Bali | I60: Kota Denpasar | J60: Jl Mertasari No. 109, Sidakarya - Denpasar
A61: 57 | B61: 2026 | C61: Juni | D61: 18907 | E61: Bubble's 2 | F61: 62881012801023 | H61: Bubble 2/BUBBLE'S LAUNDRY 2 | I61: Kab. Badung | J61: Jalan Raya Uluwatu no 99x
A62: TOTAL 2026 | E62: {=sum(1/countif(E61,E61))} -> 1 | H62: {=sum(1/countif(H61,H61))} -> 1 | I62: {=sum(1/countif(I51:I56,I51:I56))} -> 3
A63: TOTAL 2021-2026 | E63: {=sum(1/countif(E5:E61,E5:E61))} -> 48 | H63: {=sum(1/countif(H5:H61,H5:H61))} -> 57 | I63: {=sum(1/countif(I5:I56,I5:I56))} -> 6

Sheet Bangka Belitung
A1: PT PIPOSMART DIGITAL INDONESIA
A2: Laporan Nasabah Baru
A3: Tahun 2026
A4: Nomor | B4: Tahun Member | C4: Bulan | D4: Kode Owner | E4: Nama Owner | F4: No. Hp Owner | G4: Email | H4: Project/Outlet | I4: Kota | J4: Alamat
A5: 1 | B5: 2021 | C5: Juli | D5: 1342 | E5: Nurdin Araniri | F5: 0818120024 | G5: madanilaundrysyari@gmail.com | H5: Madani laundry/Madani laundry | I5: Kota Pangkal Pinang | J5: Jl. Salak II Keramat Kec Rangkui Pangkalpinang
A6: 2 | B6: 2021 | C6: Agustus | D6: 1342 | E6: Nurdin Araniri | F6: 0818120024 | G6: madanilaundrysyari@gmail.com | H6: Madani laundry/Mitra Madani Laundry Syar'i Gun | I6: Kota Pangkal Pinang | J6: Jln Gandaria 1 RT 07 RW 03 Gerunggang
A7: 3 | B7: 2024 | C7: Maret | D7: 11381 | E7: Widya Novita | F7: 082292404142 | G7: babelcleaning1@gmail.com | H7: Babel Cleaning | I7: Kota Pangkal Pinang | J7: Pangkalpinang
A8: 4 | B8: 2024 | C8: Mei | D8: 12092 | E8: Hasan Sobri | F8: 08127856520 | G8: sobribadarawi.78@gmail.com | H8: Berkah Laundry | I8: Kota Pangkal Pinang | J8: Jl. Bukit Manggis Gg. Berkah
A9: TOTAL 2026 | E9: {=sum(1/countif(E9,E9))} -> #REF! | H9: {=sum(1/countif(H9,H9))} -> #REF! | I9: 0
A10: TOTAL 2021-2026 | E10: {=sum(1/countif(E5:E8,E5:E8))} -> 3 | H10: {=sum(1/countif(H5:H8,H5:H8))} -> 4 | I10: {=sum(1/countif(I5:I8,I5:I8))} -> 1

Sheet Banten
A1: PT PIPOSMART DIGITAL INDONESIA
A2: Laporan Nasabah Baru
A3: Tahun 2026
A4: Nomor | B4: Tahun Member | C4: Bulan | D4: Kode Owner | E4: Nama Owner | F4: No. Hp Owner | G4: Email | H4: Project/Outlet | I4: Kota | J4: Alamat
A5: 1 | B5: 2021 | C5: Mei | D5: 562 | E5: Mimin Sustini | F5: 0818 0608 4931 | G5: miminsustini6@gmail.com | H5: MS Laundry | I5: Kota Tangerang Selatan | J5: Jalan Kenari No 1 Serua Pamulang
A6: 2 | B6: 2021 | C6: Mei | D6: 1027 | E6: Setiyo budhi | F6: 0812 5303 2998 | G6: setiyobudhi@gmail.com | H6: intessar laundry | I6: Kota Tangerang Selatan | J6: jl.mesran Raya M16/B6komplek Pertamina pondok Ranji Ciputat Tangerang Selatan
A7: 3 | B7: 2021 | C7: Mei | D7: 536 | E7: Admin Alea Laundry | F7: 0821 1453 1064 | G7: doelrich001@gmail.com | H7: Alea Laundry | I7: Kota Tangerang | J7: Jl. kihajar Dewantoro RT 03 RW 02 Gondrong Cipondoh Tangerang
A8: 4 | B8: 2021 | C8: Juni | D8: 891 | E8: Nina Marlena | F8: 0811 9413 111 | G8: netto.roseville@gmail.com | H8: Netto Laundromat Roseville | I8: Kota Tangerang Selatan | J8: Ruko SOHO Roseville
A9: 5 | B9: 2021 | C9: Juni | D9: 927 | E9: Nur | F9: 0813 1133 3788 | G9: meughah@yahoo.com | H9: Vertical Laundry | I9: Kota Tangerang Selatan | J9: golden park
A10: 6 | B10: 2021 | C10: Juni | D10: 436 | E10: admin | F10: 0877 8866 1138 | G10: baybaylaundry@gmail.com | H10: baybay laundry/§ BAYBAY LAUNDRY § | I10: Kab. Tangerang | J10: Jl. Raya serang km 13.8 cikupa, kaws. Industri tunas bitung
A11: 7 | B11: 2021 | C11: Juni | D11: 1039 | E11: Ali Usman | F11: 0899 9623 189 | G11: farzanaarsyla02@gmail.com | H11: ISTANA LAUNDRY EXPRESS | I11: Kota Cilegon | J11: link. periuk desa Sukmajaya kecamatan jombang kota cilegon kawasan CCM
A12: 8 | B12: 2021 | C12: Juli | D12: 1647 | E12: BUDI SURIAWAN | F12: 0812 7743 6909 | G12: busurtop1@gmail.com | H12: CUCI MAX Laundry Profesional | I12: Kota Tangerang | J12: Villa Japos Ciledug Tangerang
A13: 9 | B13: 2021 | C13: Juli | D13: 473 | E13: My Laundry | F13: 0857 7607 2793 | G13: maidy.herdian@gmail.com | H13: My Laundry | I13: Kota Tangerang | J13: Cimone jaya Karawaci Tangerang
A14: 10 | B14: 2021 | C14: Juli | D14: 865 | E14: OWNER Laundry MO88 | F14: 0813 8318 8688 | G14: wellson.octo@gmail.com | H14: Laundry MO88 | I14: Kab. Tangerang | J14: Kompleks Villa Taman Bandarablok B1 no 30(Seberang dr. Sulaiman)
A15: 11 | B15: 2021 | C15: Agustus | D15: 1925 | E15: putri ika septyani | F15: 0813 14202094 | G15: zalaundry@gmail.com | H15: za laundry/za laundry | I15: Kota Tangerang | J15: jalan masjid xii batas paninggilan utara ciledug tangerang
A16: 12 | B16: 2021 | C16: Agustus | D16: 1851 | E16: anggi | F16: 0889 73995043 | G16: ariemasykur.amb@gmail.com | H16: Tabina Laundry | I16: Kota Cilegon | J16: Jl.kalitimbang jerang (depan SMP BCK/SMA BCA) Cibeber Cilegon
... A45: 41 | B45: 2022 | C45: Maret | D45: 4805 | E45: Londeri Beringin Raya | F45: 0856 93400073 | G45: londeri.001@gmail.com | H45: londeri | I45: Kota Tangerang | J45: jl beringin Raya no 163
A46: 42 | B46: 2022 | C46: Maret | D46: 4892 | E46: Sri Maryati | F46: 085217473192 | H46: SR laundry | I46: Kota Tangerang | J46: jl. prof Hamka blok F5 no.1, bulak wareng, Kel. larangan selatan
A47: 43 | B47: 2022 | C47: April | D47: 4081 | E47: Tati Sumirah | F47: 0896 36150518 | G47: tatisumirah02@gmail.com | H47: Zahra Laundry/Exferia Laundry Expres | I47: Kota Tangerang | J47: Ketapang Cipondoh Tangerang
A48: 44 | B48: 2022 | C48: April | D48: 3824 | E48: putri ika septyani | F48: 0813 14202094 | G48: zalaundry@gmail.com | H48: za laundry/za laundry 3 | I48: Kota Tangerang | J48: jalan masjid xii batas paninggilan utara ciledug tangerang
A49: 45 | B49: 2022 | C49: April | D49: 5187 | E49: Nita | F49: 0813 11052489 | G49: prionos58@gmail.com | H49: SMESTA Laundry | I49: Kota Tangerang | J49: Griya Kencana 2 Blok i No.2 Sudimara Barat, Ciledug Tangerang
A50: 46 | B50: 2022 | C50: Mei | D50: 5550 | E50: Moni Laundry | F50: 0812 8339 1166 | G50: evonnyjohanes21@gmail.com | H50: MONI LAUNDRY | I50: Kab. Tangerang | J50: Jalan raya cisauk lapan
A51: 47 | B51: 2022 | C51: Mei | D51: 5581 | E51: Laundry Lab | F51: 0819 488 8311 | G51: laundrylabidgs@gmail.com | H51: Laundry Lab | I51: Kab. Tangerang | J51: Ruko Arcadia Grande blok A-31
A52: 48 | B52: 2022 | C52: Mei | D52: 2079 | E52: deni supriatna | F52: 0895 61653 8839 | G52: ds9330861@gmail.com | H52: silver star laundry | I52: Kota Tangerang Selatan | J52: jl bangau rt 05/2 kp sawah poncol (depan sekolah sdi assalam
A53: 49 | B53: 2022 | C53: Juni | D53: 5657 | E53: Adro Servis Indonesia | F53: 0877 5520 2050 | G53: bibicucilaundry.bcl@gmail.com | H53: Bibi Cuci Laundry | I53: Kab. Tangerang | J53: Ruko No.1 Salakanagara
A54: 50 | B54: 2022 | C54: Juni | D54: 6001 | E54: Azkayra Shezan | F54: 0815 1446 2416 | G54: azkayrashezan12@gmail.com | H54: Kayra Laundry | I54: Kota Tangerang | J54: Jl. Rajawali 14, RT.002 RW.004
A55: 51 | B55: 2022 | C55: Juli | D55: 6291 | E55: Satya laundry | F55: 0831 7045 0183 | G55: satyalaundrypci@gmail.com | H55: Satya Laundry/Satya Laundry PCI | I55: Kota Cilegon | J55: Pondok Cilegon Indah blok C60 no.26
A56: 52 | B56: 2022 | C56: Juli | D56: 6226 | E56: Adinda Aulia Puteri | F56: 085809092343 | H56: Dryklin Laundry | I56: Kota Tangerang Selatan | J56: Jalan raya pajajaran no.18, Tangerang Selatan
A57: 53 | B57: 2022 | C57: Juli | D57: 2665 | E57: Dayu | F57: 08111558993 | G57: dr.laundry9335@gmail.com | H57: DR.Laundry/DR.Laundry Cab. Binong Permai | I57: Kab. Tangerang | J57: Perumahan Binong Permai Blok H3 no 001 kel. Binong Kec. Curug Tangerang
A58: 54 | B58: 2022 | C58: Juli | D58: 4524 | E58: Owner Bibi Cuci Laundry | F58: 082111311444 | G58: rm.adieb@gmail.com | H58: Bibi Laundry/Bibi Cuci Laundry - Balaraja | I58: Kab. Tangerang | J58: Balaraja Tangerang
A59: 55 | B59: 2022 | C59: Agustus | D59: 6683 | E59: Her lina | F59: 0813 8344 4223 | G59: linaher764@gmail.com | H59: Lina laundry | I59: Kab. Tangerang | J59: kp.tigarasa/kaduagung
A60: 56 | B60: 2022 | C60: September | D60: 6874 | E60: Gusti Putu Panji Surya | F60: 0813 6863 9194 | G60: panjisurya.26.ps@gmail.com | H60: Tavisya Laundry/TAVISHA LAUNDRY | I60: Kab. Tangerang | J60: jl. Desa Bojong no. 62, Bojong, Kec. Cikupa, Tangerang, Banten 15710
A61: 57 | B61: 2022 | C61: September | D61: 6926 | E61: leny | F61: 0877 7713 9459 | G61: GetlaundryRMJ@gmail.com | H61: Get Laundry RMJ/Get Laundry RMJ | I61: Kota Tangerang Selatan | J61: Jl. Ciater Rt 004 / Rw 022 Kel. Rawabuntu Kec. Serpong
A62: 58 | B62: 2022 | C62: September | D62: 6863 | E62: warino cerano | F62: 081410202984 | G62: bjsslaundry@gmail.com | H62: bjsslaundry/1.Teh Manis Solo.Tmn Ceger | I62: Kota Tangerang Selatan | J62: jl.mushola .no.103 rt.03/rw.04 pondok kacang timur Pondok Aren Tangsel Banten
A63: 59 | B63: 2022 | C63: September | D63: 6926 | E63: Leny | F63: 087777139459 | G63: GetlaundryRMJ@gmail.com | H63: Get Laundry RMJ / Get Laundry Serpong Ekpress | I63: Kota Tangerang Selatan | J63: Jl. Ciater Rt 004 / Rw 022 Kel. Rawabuntu Kec. Serpong
A64: 60 | B64: 2022 | C64: Oktober | D64: 6926 | E64: Leny | F64: 0877 77139459 | G64: GetlaundryRMJ@gmail.com | H64: Get Laundry RMJ/Get Laundry Ciater | I64: Kota Tangerang Selatan | J64: Jl. Ciater Rt 004 / Rw 022 Kel. Rawabuntu Kec. Serpong
A65: 61 | B65: 2022 | C65: Oktober | D65: 7082 | E65: Sumiyati Kusumo | F65: 087808510613 | G65: kusumosumiyati@gmail.com | H65: berkah laundry | I65: Kab. Tangerang | J65: jalan raya serang km 18.5
A66: 62 | B66: 2022 | C66: Oktober | D66: 7160 | E66: Amanahclean Laundry | F66: 085772531302 | G66: laundryamanahclean@gmail.com | H66: Amanah Clean Laundry | I66: Kota Tangerang Selatan | J66: Pasar Segar Graha Raya Blok KA 2 No 10
A67: 63 | B67: 2022 | C67: Oktober | D67: 7321 | E67: Defri Mardona | F67: 081287784546 | G67: defrimardona92@gmail.com | H67: Delta Laundry | I67: Kota Tangerang Selatan | J67: Loftvilles City
A68: 64 | B68: 2022 | C68: Oktober | D68: 4524 | E68: Owner Bibi Cuci Laundry | F68: 082111311444 | G68: rm.adieb@gmail.com | H68: Bibi Laundry/Bibi Cuci Laundry - Tigaraksa | I68: Kab. Tangerang | J68: Balaraja Tangerang
... A70: 66 | B70: 2022 | C70: Desember | D70: 6926 | E70: Leny | F70: 0877 77139459 | G70: GetlaundryRMJ@gmail.com | H70: Get Laundry RMJ/Get Laundry Kodiklat | I70: Kota Tangerang Selatan | J70: Jl. Ciater Rt 004 / Rw 022 Kel. Rawabuntu Kec. Serpong
A71: 67 | B71: 2022 | C71: Desember | D71: 7257 | E71: Resix Laundry | F71: 0821 2238 9073 | H71: Resix Laundry | I71: Kota Tangerang Selatan | J71: Jln.wisma tajur No 69 Rt 5 Rw 10,pondok kacang barat,pondok aren kota Tangerang selatan,banten
A72: 68 | B72: 2022 | C72: Desember | D72: 7708 | E72: Regina Leonard | F72: 081291162610 | G72: cucistlaundry@gmail.com | H72: Cucist Laundry | I72: Kab. Tangerang | J72: Jalan Dayung raya no.29 CKelapa dua
A73: 69 | B73: 2023 | C73: Januari | D73: 4808 | E73: Mitra Laundry | F73: 0857 7150 1570 | G73: ownermitralaundry@gmail.com | H73: mitra laundry/mitra laundry 2 | I73: Kab. Tangerang | J73: jalan padat karya rt 13 /06 kel sukamulya kecamatan cikupa tanggerang banten
A74: 70 | B74: 2023 | C74: Januari | D74: 8024 | E74: Asep Rochmat | F74: 081210449225 | H74: PROJECT FRESH LAUNDRY | I74: Kab. Tangerang | J74: Harkit - Tangerang
A75: 71 | B75: 2023 | C75: Februari | D75: 8159 | E75: novi yantih | F75: 0856 9703 6954 | G75: ricoprasetyakartadimadja@gmail.com | H75: loundry168 | I75: Kab. Tangerang | J75: jl pintu air rt 03/02 karang tengah no.23
A76: 72 | B76: 2023 | C76: Februari | D76: 8278 | E76: Hanny | F76: 0856 9777 9125 | G76: hi.shirolaundry@gmail.com | H76: Shiro Laundry | I76: Kota Tangerang Selatan | J76: Jl. Masjid Ciater No 130
A77: 73 | B77: 2023 | C77: Februari | D77: 6863 | E77: warino cerano | F77: 0813 1020 2984 | G77: bjsslaundry@gmail.com | H77: bjsslaundry/2.BjssLaundry(TMS Bscm Ceger) | I77: Kota Tangerang Selatan | J77: jl.mushola .no.103 rt.03/rw.04 pondok kacang timur Pondok Aren Tangsel Banten
A78: 74 | B78: 2023 | C78: Maret | D78: 8424 | E78: fira | F78: 0812 1212 1531 | G78: clin9laundry@gmail.com | H78: cling laundry and dry clean | I78: Kab. Tangerang | J78: jl sibi II no. 2
A79: 75 | B79: 2023 | C79: April | D79: 8673 | E79: Juwita | F79: 088224787527 | H79: my laundry (Juwita) | I79: Kab. Tangerang | J79: jl nila perum 1 tangerang
A80: 76 | B80: 2023 | C80: April | D80: 8555 | E80: Selly Andini | F80: 082297051345 | G80: sultanlaundry.co@gmail.com | H80: Sultan Laundry. co | I80: Kota Tanggerang | J80: Perumahan taman cibodas jl. Duta Raya Blok H1 No. 2
A81: 77 | B81: 2023 | C81: Mei | D81: 6926 | E81: Leny | F81: 0877 77139459 | G81: GetlaundryRMJ@gmail.com | H81: Get Laundry RMJ/Get Laundry Serpong Ekpress | I81: Kota Tangerang Selatan | J81: Jl. Ciater Rt 004 / Rw 022 Kel. Rawabuntu Kec. Serpong
A82: 78 | B82: 2023 | C82: Mei | D82: 4181 | E82: DIGNITY SINAGA | F82: 0823 70098185 | G82: dignitychio@gmail.com | H82: DIGNITY LAUNDRY/DIGNITY LAUNDRY 2 (TP) | I82: Kab. Tangerang | J82: tanggerang
A83: 79 | B83: 2023 | C83: Juni | D83: 9080 | E83: FasaLaundry | F83: 0838 7267 8693 | H83: FasLaundry | I83: Kab. Tangerang | J83: Jalan Sawo Raya .
A84: 80 | B84: 2023 | C84: Juni | D84: 9183 | E84: Judy Halim | F84: 0817 006 1972 | H84: Engkong Mukmin | I84: Kab. Tangerang | J84: Poris gaga blok suka damai rt03/04 no 141
A85: 81 | B85: 2023 | C85: Juli | D85: 9438 | E85: Orca | F85: 0878 8807 2632 | G85: orcadot.01@gmail.com | H85: Orca Laundry | I85: Kota Tangerang Selatan | J85: Ruko Serpong Park P1 no 15
A86: 82 | B86: 2023 | C86: Juli | D86: 9346 | E86: Srie | F86: 083873246858 | G86: s_wahyuni77@yahoo.com | H86: Nadifa Laundry/SEVEN LAUNDRY | I86: Kota Tangerang Selatan | J86: jl raya dr setiabudi no 22
A87: 83 | B87: 2023 | C87: Juli | D87: 9646 | E87: Dwi retno | F87: 081298816815 | G87: laundrydinew.ci@gmail.com | H87: New_ci | I87: Kab. Tangerang | J87: Jl. tembaga no.18 perumnas III
A88: 84 | B88: 2023 | C88: Juli | D88: 9674 | E88: Febri nurmalasari sagita | F88: 08567099665 | H88: Starlight Laundry | I88: Kab. Tangerang | J88: perum 1 jalan nila
A89: 85 | B89: 2023 | C89: Agustus | D89: 9703 | E89: Lisma | F89: 083865343518 | G89: lismayaniaja@gmail.com | H89: Bizar Laundry | I89: Kota Tangerang Selatan | J89: Jl.Kebantenan RT 05 RT 08 No.86 GG.H. Katong Kecamatan Pondok Aren Tangerang Selatan
A90: 86 | B90: 2023 | C90: September | D90: 9902 | E90: Klik Laundry | F90: 0819 32186043 | H90: klik laundryku | I90: Kab. Tangerang | J90: kp.Tanah merah Ds.Tanah merah Jl.Raya kedaung rt : 05 / RW : 04
A91: 87 | B91: 2023 | C91: September | D91: 9999 | E91: Devita | F91: 081933119168 | G91: devita_cbti@yahoo.com | H91: D&D Laundry | I91: Kab. Tangerang | J91: Ruko Grand Arcade Blok VC 1 No. 102
A92: 88 | B92: 2023 | C92: September | D92: 10069 | E92: Wibowo | F92: 081905299444 | G92: btoenlaundrywaroeng@gmail.com | H92: Btoen Waroeng Laundry | I92: Kab. Tangerang | J92: Jl. Grand Tomang Boulevard Blok R4 No. 19-21
A93: 89 | B93: 2023 | C93: September | D93: 3099 | E93: Mahyudin Yudhi | F93: 818 717255 | G93: mahyudin.algamar65@gmail.com | H93: clean laundry/Clean Laundry TDU | I93: Kota Tangerang Selatan | J93: jl.IR H juanda no 24
A94: 90 | B94: 2023 | C94: September | D94: 2225 | E94: Susi | F94: 0838 77852 383 | G94: gustiawan_rizal@yahoo.co.id | H94: Queen Laundry 99/Arsyila Laundry | I94: Kab. Tangerang | J94: Kp. Kawaron
A95: 91 | B95: 2023 | C95: September | D95: 7420 | E95: Rebee Laundry | F95: 081513590574 | G95: rebeelaundry@gmail.com | H95: RebeeLaundry | I95: Kab. Tangerang | J95: Permata balaraja, Rt 02/01 jl. kalimaya 1. desa saga kecamatan balaraja
A96: 92 | B96: 2023 | C96: Oktober | D96: 10378 | E96: Kim Laundry | F96: 081807085001 | G96: kimlaundry11@gmail.com | H96: Kim Laundry | I96: Kab. Tangerang | J96: Jl . Raya Dadap No.2 Tangerang
A97: 93 | B97: 2023 | C97: Oktober | D97: 4808 | E97: Mitra Laundry | F97: 0857 7150 1570 | G97: ownermitralaundry@gmail.com | H97: mitra laundry/mitra laundry 3 | I97: Kab. Tangerang | J97: jalan padat karya rt 13 /06 kel sukamulya kecamatan cikupa tanggerang banten
A98: 94 | B98: 2023 | C98: Oktober | D98: 9865 | E98: SR laundry | F98: 0852 17473192 | G98: maryatis841@gmail.com | H98: SR laundry/SR laundry | I98: Kota Tangerang | J98: jl. prof Hamka blok F5 no.1, bulak wareng, Kel. larangan selatan
A99: 95 | B99: 2023 | C99: November | D99: 10558 | E99: Kirana Afiqah Cahyadi | F99: 081336627788 | G99: belladwiaprianti15@gmail.com | H99: Nana Laundry Expressa | I99: Kota Serang | J99: Jl Lintas Taktakan (Sebelah Nada Shop)Nana Laundry Shop (Ruko Bag Tengah, Warna Ungu)
A100: 96 | B100: 2023 | C100: Desember | D100: 10831 | E100: MyProjectLaundry | F100: 085943197592 | G100: myprojectlaundry95@gmail.com | H100: my project laundry | I100: Kab. Tangerang | J100: Jl. Dr Sukaman E1 No 8 - HARKIT
A101: 97 | B101: 2023 | C101: Desember | D101: 10659 | E101: Owner Dfly | F101: 082398922244 | G101: ownerdefly@gmail.com | H101: Defly Laundry Express | I101: Kab. Tangerang | J101: ruko the hive parc I no 17lippo village - jalan cendana parc raya 1 no 17
A102: 98 | B102: 2023 | C102: Desember | D102: 10899 | E102: Gina Zerliana | F102: 8111624455 | G102: ayolaundry888@gmail.com | H102: Ayo Laundry | I102: Kab. Tangerang | J102: Jalan Pasir Awi, RT/RW 003/002
A103: 99 | B103: 2023 | C103: Desember | D103: 10890 | E103: sarini | F103: 6287774068833 | G103: laundrymrf@gmail.com | H103: laundrymrf/LAUNDRYMRF | I103: Kab. Tangerang | J103: kp rawabuaya rt 03/04 kel.medang kec.pagedangan kab.tangerang.(banten)
A104: 100 | B104: 2023 | C104: Desember | D104: 9865 | E104: SR laundry | F104: 0852 17473192 | G104: maryatis841@gmail.com | H104: SR laundry/ SR laundry 2 | I104: Kab. Tangerang | J104: jl. prof Hamka blok F5 no.1, bulak wareng, Kel. larangan selatan
A105: 101 | B105: 2024 | C105: Januari | D105: 7708 | E105: Regina Leonard | F105: 081291162610 | G105: cucistlaundry@gmail.com | H105: Cucist Laundry/Cucist Laundry West Park | I105: Kab. Tangerang | J105: Jalan Dayung raya no.29 CKelapa dua
A106: 102 | B106: 2024 | C106: Januari | D106: 10934 | E106: Dicuciin Beruang | F106: 087732755417 | G106: dicuciinberuang27@gmail.com | H106: dicuciin beruang | I106: Kota Tangerang Selatan | J106: komp bukit Indah blok D1/1
A107: 103 | B107: 2024 | C107: Januari | D107: 11031 | E107: Elses Diana | F107: 082210359011 | G107: Bakhtiarelses@gmail.com | H107: Hasanah Laundry | I107: Kota Tangerang | J107: Jl.Perdata 3 B7 No.17 Pengayoman
A108: 104 | B108: 2024 | C108: Januari | D108: 11052 | E108: Elvis | F108: 085922081723 | G108: elvishong088@gmail.com | H108: Hime Laundry | I108: Kota Tangerang | J108: perumahan palem ganda asri 2 cluster AA blok H no 29
A109: 105 | B109: 2024 | C109: Januari | D109: 11015 | E109: Kostaycation CitraRaya | F109: 082189088408 | G109: kosayacitraraya@gmail.com | H109: Laundry Kostaycation | I109: Kab. Tangerang | J109: Academia pavilion & Residence GB 8 Nomer 28 citraraya tangerang
A110: 106 | B110: 2024 | C110: Februari | D110: 11265 | E110: Ahmad Suryanto | F110: 08561901432 | G110: baguslaundry16@gmail.com | H110: Bagus Laundry | I110: Kota Tangerang | J110: jl gurame 2 no 1 perumnas 1 Karawaci baru Tangerang
A111: 107 | B111: 2024 | C111: Februari | D111: 8667 | E111: Juwita | F111: 082210274495 | G111: juwitawibowo8883@gmail.com | H111: my laundry | I111: Kota Tangerang | J111: jl nila raya perum 1 tangerang
A112: 108 | B112: 2024 | C112: Februari | D112: 11378 | E112: Nena Margareta | F112: 085692858211 | H112: NaMa Laundry | I112: Kota Tangerang | J112: kp. bulak wareng raya, kios no. 42 B, larangan selatan
A113: 109 | B113: 2024 | C113: Februari | D113: 11406 | E113: Esabella Regina | F113: 08179804045 | G113: esabella.regina@gmail.com | H113: Better Laundry | I113: Kota Tanggerang | J113: Metro Permata 1 Blok O5 no 8
A114: 110 | B114: 2024 | C114: April | D114: 11804 | E114: Suwarni Lin | F114: 081310643968 | H114: Wishy washi | I114: Kab. Tangerang | J114: Rukan osaka S06 OTA
A115: 111 | B115: 2024 | C115: April | D115: 10563 | E115: Abi Hafidz | F115: 085217955565 | G115: noer.underbon9048@gmail.com | H115: AZZAHRO LAUNDRY ٣٨ CIKANDE | I115: Kab. Serang | J115: kp.Gegong burung Rt 02/02 Desa situterate Kec. Cikande Kabupaten SERANG BANTEN kode pos 42186
A116: 112 | B116: 2024 | C116: Mei | D116: 11582 | E116: Beby Pasaribu | F116: 087885100177 | G116: bebypasaribu@gmail.com | H116: Kirim Laundry Aja | I116: Kota Tangerang Selatan | J116: pamulang regency blok a3 no 6
A117: 113 | B117: 2024 | C117: Mei | D117: 12144 | E117: Laundry Sekang | F117: 08979033709 | G117: Laundrysekarang@gmail.com | H117: Laundry Sekarang | I117: Kota Cilegon | J117: Palas Cilegon
A118: 114 | B118: 2024 | C118: Mei | D118: 12076 | E118: Kata Laundr | F118: 08979033724 | G118: katalaudry06@gmail.com | H118: kata laundry | I118: Kota Cilegon | J118: Perumas
A119: 115 | B119: 2024 | C119: Mei | D119: 12199 | E119: Ari Sudaryani | F119: 081384927806 | G119: boythi03@gmail.com | H119: laundry ibu ari | I119: Kab. Tangerang | J119: graha Catania 12. U20/02
A120: 116 | B120: 2024 | C120: Mei | D120: 11939 | E120: Risma Saiful A | F120: 081210560908 | G120: copralritz@gmail.com | H120: My Laundry | I120: Kota Tangerang | J120: jl nila rt 02 rw 08 karawaci baru
A121: 117 | B121: 2024 | C121: Juni | D121: 12220 | E121: Fitri Mulyana | F121: 085776341383 | G121: eritaneti@gmail.com | H121: Hikmah laundry | I121: Kab. Tangerang | J121: jln raya kampung Melayu barat
A122: 118 | B122: 2024 | C122: Juli | D122: 10378 | E122: Kim Laundry | F122: 081807085001 | G122: kimlaundry11@gmail.com | H122: Kim Laundry/Kim Laundry ( 2 ) | I122: Kab. Tangerang | J122: Jatimulya
A123: 119 | B123: 2024 | C123: September | D123: 13032 | E123: Damayanti | F123: 081299911530 | G123: damay2023@gmail.com | H123: Laundry Noni | I123: Kab. Tangerang | J123: Ruko Cendana Hive Parc No 81
A124: 120 | B124: 2024 | C124: September | D124: 13256 | E124: Shella Owner | F124: 087774063669 | G124: shellalaundry.id@gmail.com | H124: Shella Laundry/SHELLA LAUNDRY | I124: Kota Tangerang Selatan | J124: Jl. Benda Raya, Kel. Pondok Benda, Kec. Pamulang, Kota Tangerang Selatan
A125: 121 | B125: 2024 | C125: September | D125: 13238 | E125: oky rakasiwi | F125: 081210000625 | G125: flashlaundrynight@icloud.com | H125: flash laundry night | I125: Kota Tangerang Selatan | J125: jalan tarumanegara No.19a
A126: 122 | B126: 2024 | C126: September | D126: 13273 | E126: Leviana Aulia | F126: 088211671659 | G126: Levianaaulia1@gmail.com | H126: Sae Laundry Express | I126: Kab. Tangerang | J126: Kp. Dukuh Pinang Rt 01 Rw 03 No.68 Kel.Bojong nangka Kec. Kelapa Dua Tangerang
... A130: 126 | B130: 2025 | C130: Januari | D130: 9865 | E130: SR laundry | F130: 081297252322 | G130: marya_tasya09@yahoo.com | H130: SR laundry/SR laundry 3 | I130: Kab. Tangerang selatan | J130: jl. pintu air, gang hj.sapri, RT.01, RW.09, parung serab
A131: 127 | B131: 2025 | C131: Januari | D131: 14496 | E131: Hudi Riantoro | F131: 082175175391 | H131: EVA LAUNDRY/EVA LAUNDRY | I131: Kota Tangerang Selatan | J131: Ruko Berryl 3 no 57 Jl ki hajar dewantara gading serpongTangerang
A132: 128 | B132: 2025 | C132: April | D132: 10378 | E132: Kim Laundry | F132: 081807085001 | G132: kimlaundry11@gmail.com | H132: Kim Laundry/Bibik Laundry / Bibik Cuci | I132: Kab. Tangerang | J132: Jurumudi Tangerang
...

Sheet Bengkulu
A1: PT PIPOSMART DIGITAL INDONESIA
A2: Laporan Nasabah Baru
A3: Tahun 2026
A4: Nomor | B4: Tahun Member | C4: Bulan | D4: Kode Owner | E4: Nama Owner | F4: No. Hp Owner | G4: Email | H4: Project/Outlet | I4: Kota | J4: Alamat
A5: 1 | B5: 2021 | C5: September | D5: 2188 | E5: lora seftiantara | F5: 0821 77694046 | G5: evakolambia@gmail.com | H5: Eva Kolambia Laundry | I5: Kab. Rejang Lebong | J5: jalan m.h thamrin
A6: 2 | B6: 2023 | C6: November | D6: 10649 | E6: EDWIN PARULIAN PANGGARBESI | F6: 081936217822 | G6: edwin.parulian@gmail.com | H6: STIM STUM/STIM STUM MANGGA | I6: Kota Bengkulu | J6: stim stum
A7: TOTAL 2026 | E7: {=sum(1/countif(E7,E7))} -> #REF! | H7: {=sum(1/countif(H7,H7))} -> #REF! | I7: 0
A8: TOTAL 2021-2026 | E8: {=sum(1/countif(E5:E6,E5:E6))} -> 2 | H8: {=sum(1/countif(H5:H6,H5:H6))} -> 2 | I8: {=sum(1/countif(I5:I6,I5:I6))} -> 2

Sheet DI Yogyakarta
A1: PT PIPOSMART DIGITAL INDONESIA
A2: Laporan Nasabah Baru
A3: Tahun 2026
A4: Nomor | B4: Tahun Member | C4: Bulan | D4: Kode Owner | E4: Nama Owner | F4: No. Hp Owner | G4: Email | H4: Project/Outlet | I4: Kota | J4: Alamat
A5: 1 | B5: 2021 | C5: April | D5: 287 | E5: Bilqis | F5: 0813 2572 0522 | G5: icislaundry@gmail.com | H5: icis laundry | I5: Kab. Bantul | J5: bekelan no. 12, tirtonirmolo
A6: 2 | B6: 2021 | C6: Mei | D6: 376 | E6: Arya | F6: 0812 7438 7653 | G6: laundrytechno@gmail.com | H6: Techno Laundry/Techno Laundry New Generation | I6: Kab. Sleman | J6: jalan Wulung no 8a Papringan
A7: 3 | B7: 2021 | C7: Mei | D7: 518 | E7: Duga griamugung | F7: 0896 6171 3766 | G7: griaduga@gmail.com | H7: Griya Laundry | I7: Kab. Sleman | J7: Kwarasan no.102 RT 5 RW 5
A8: 4 | B8: 2021 | C8: Agustus | D8: 1780 | E8: icha | F8: 0878 43143035 | G8: ichasholichah03@gmail.com | H8: icha donat | I8: Kab. Sleman | J8: jln kebon agung getas tlogoadi mlati sleman
A9: 5 | B9: 2021 | C9: Oktober | D9: 2825 | E9: yona clean | F9: 0882 007116956 | G9: yonaclean@gmail.com | H9: YONACLEAN | I9: Kab. Bantul | J9: Jati Wonokromo Pleret Bantul
A10: 6 | B10: 2021 | C10: November | D10: 3404 | E10: Yulianingrum | F10: 0857 59167300 | G10: wuri.asian@gmail.com | H10: HIDDENIA | I10: Kab. Bantul | J10: Jeblog Rt2
A11: 7 | B11: 2022 | C11: Januari | D11: 3851 | E11: Ratna | F11: 0811 2630082 | G11: mrcleanjogja@gmail.com | H11: MrCleanLaundry | I11: Kab. Sleman | J11: Jl. Klithikan Kranggan (Selatan Toko Emas Semar Jawa)
A12: 8 | B12: 2022 | C12: Januari | D12: 1485 | E12: Ahmad | F12: 0878 39878808 | G12: magic.laundry.17@gmail.com | H12: Magic Laundry Express/MagicLaundryExpress.com | I12: Kab. Bantul | J12: Jl Imogiri Barat km 5.5 Ngoto
A13: 9 | B13: 2022 | C13: Maret | D13: 3411 | E13: Bayu Kurniawan | F13: 0852 16458603 | G13: anakkoslaundry@gmail.com | H13: Anakkos Laundry | I13: Kota Yogyakarta | J13: Jalan Bimasakti, No.55, Demangan, Gondokusuman, Yogyakarta
A14: 10 | B14: 2022 | C14: Maret | D14: 4979 | E14: sarona gaharu | F14: 0821 17723500 | G14: andreas.abednego@gmail.com | H14: Laundry Ayem Tentrem | I14: Kab. Sleman | J14: Ringinsari RT 01 RW 01
A15: 11 | B15: 2022 | C15: Maret | D15: 4865 | E15: andina | F15: 0821 33346637 | G15: temanlaundryjogja@gmail.com | H15: Teman Laundry & Dry Clean | I15: Kab. Sleman | J15: Jl kaliurang km 14 no 11c
A16: 12 | B16: 2022 | C16: Mei | D16: 5536 | E16: Aji Darma | F16: 085876549841 | G16: laundrybinatuconcat@gmail.com | H16: Laundry Binatu Concat | I16: Kab. Sleman | J16: Jl.Sukun No.98A, Mancasan Lor
... A29: 25 | B29: 2025 | C29: Februari | D29: 6508 | E29: Owner Soekaer | F29: 0895333353583 | G29: soekaer.indonesia@gmail.com | H29: Soekaer/Soekaer Paris | I29: Kota Yogyakarta | J29: Jl. Parangtritis No 163
A30: 26 | B30: 2025 | C30: Februari | D30: 14698 | E30: Soekaer UGM | F30: 089678167250 | H30: Soekaer UGM/Soekaer UGM | I30: Kab. Sleman | J30: Jl Kaliurang Km 5, Karangwuni, Catur Tunggal, Depok, Sleman, Yogyakarta
A31: 27 | B31: 2025 | C31: Mei | D31: 15308 | E31: Najmuddin | F31: 089522333945 | G31: osispendidikanalma@gmail.com | H31: JUNAS UTAMA LAUNDRY EXPRESS UMY/JUNAS UTAMA LAUNDRY EXPRESS UMY | I31: Kab. Bantul | J31: JL SUNAN KUDUS NO 29 GATAK TAMANTIRTO KASIHAN BANTUL
A32: 28 | B32: 2025 | C32: Agustus | D32: 16049 | E32: Maria Vanya | F32: 082391375426 | H32: Techno Laundry/Techno Laundry | I32: Kab. Sleman | J32: Gang Mawar no 8-10, Santren, Caturtunggal
A33: 29 | B33: 2025 | C33: November | D33: 9598 | E33: ethara | F33: 085601172035 | G33: tara3mm@gmail.com | H33: ethara laundry/Amanah Baru Laundry | I33: Kab. Sleman | J33: jln pandega Martha 2
A34: 30 | B34: 2026 | C34: Juni | D34: 18986 | E34: galang daiva | F34: 082136507733 | G34: galangdaivayudhokrisno@gmail.com | H34: techno laundry gg mawar/techno laundry gg mawar | I34: Kab. Sleman | J34: gang mawar no.8-10, santren, caturtunggal
A35: TOTAL 2026 | E35: {=sum(1/countif(E35,E35))} -> #REF! | H35: {=sum(1/countif(H35,H35))} -> #REF! | I35: {=sum(1/countif(I28:I32,I28:I32))} -> 3
A36: TOTAL 2021-2026 | E36: {=sum(1/countif(E5:E34,E5:E34))} -> 24 | H36: {=sum(1/countif(H5:H34,H5:H34))} -> 30 | I36: {=sum(1/countif(I5:I32,I5:I32))} -> 3

Sheet DKI Jakarta
A1: PT PIPOSMART DIGITAL INDONESIA
A2: Laporan Nasabah Baru
A3: Tahun 2026
A4: Nomor | B4: Tahun Member | C4: Bulan | D4: Kode Owner | E4: Nama Owner | F4: No. Hp Owner | G4: Email | H4: Project/Outlet | I4: Kota | J4: Alamat
A5: 1 | B5: 2021 | C5: Mei | D5: 326 | E5: 289 Laundry | F5: 08777770289 | G5: 289laundry@gmail.com | H5: 289laundry/289 DM | I5: Kota Jakarta Barat | J5: Taman dutamas C1A/6
A6: 2 | B6: 2021 | C6: Mei | D6: 764 | E6: Yuda Kurniawan | F6: 0812 821 208 | G6: yuda.kurniawan@gmail.com | H6: Resique Laundry/RESIQUE LAUNDRY JUSIN | I6: Kota Jakarta Timur | J6: Jl. Haji Jusin No. 34RT. 4 RW. 1 Susukan - CiracasJakarta Timur
A7: 3 | B7: 2021 | C7: Mei | D7: 946 | E7: Drg. Iie Erawati | F7: 081299409599 | G7: manoharalaundry@gmail.com | H7: Manohara Laundry | I7: Kota Jakarta Pusat | J7: Jl. Kalipasir Pengarengan no.150 RT 8 RW 1
A8: 4 | B8: 2021 | C8: Mei | D8: 382 | E8: Wachyudi Abdillah | F8: 0812 6805 3035 | G8: askia04.laundry@gmail.com | H8: Askia Laundry | I8: Kota Jakarta Timur | J8: Jl. Gamdaria I no. 29 RT. 10/RW.03
A9: 5 | B9: 2021 | C9: Juni | D9: 763 | E9: Rizqi laundry | F9: 087870873086 | G9: purwantilaundry32@gmail.com | H9: Rizqi laundry (Rizqi laundry) | I9: Kota Jakarta Utara | J9: GG,masjid alfajar sukapura RT 04 RW 04 sukapura Cilincing Jakarta Utara
A10: 6 | B10: 2021 | C10: Juni | D10: 931 | E10: Rose | F10: 082124390717 | G10: rose.kembaren@gmail.com | H10: Rossi Laundry | I10: Kota Jakarta Utara | J10: Kelapa Gading
A11: 7 | B11: 2021 | C11: Juni | D11: 1449 | E11: YESS | F11: 0896 5151 8072 | G11: s4nt1simpati@gmail.com | H11: Laundry rumahan/Yes Laundry Rumahan | I11: Kota Jakarta Barat | J11: jl duri Utara 1
A12: 8 | B12: 2021 | C12: Juni | D12: 1162 | E12: Aditiya Pirmanda | F12: 0813 1813 3392 | G12: aditiya.pirmanda15@yahoo.com | H12: aulia laundry | I12: Kota Jakarta Utara | J12: jln johar no 40 rt001/rw004 kec koja kel tugu utara jakarta utara
A13: 9 | B13: 2021 | C13: Juni | D13: 1209 | E13: nur ayu wijayanti | F13: 0857 2211 3389 | G13: nurayuwijaya03@gmail.com | H13: Mr.revanWASH | I13: Kota Jakarta Selatan | J13: jalan agung raya II , Lenteng Agung . jakarta selatan.
A14: 10 | B14: 2021 | C14: Juni | D14: 494 | E14: Pujianah | F14: 085811556708 | G14: anahpuji528@gmail.com | H14: imutt/imutt laundry | I14: Kota Jakarta Selatan | J14: menteng atas selatan II rt 04/04 no 16 setia budi jakarta selatan
A15: 11 | B15: 2021 | C15: Juni | D15: 1409 | E15: Asri Minang | F15: 0821 6666 7909 | G15: rendysantosa91@gmail.com | H15: Delivery Laundry | I15: Kota Jakarta Timur | J15: jalan masjid alishlah no 31 RT 03 RW 07 kelurahan Susukan kecamatan Ciracas Jakarta timur
A16: 12 | B16: 2021 | C16: Juni | D16: 1294 | E16: andrew | F16: 0813 8337 8886 | G16: inibarulaundry@gmail.com | H16: inibarulaundry | I16: Kota Jakarta Pusat | J16: cempaka putih
... A60: 56 | B60: 2022 | C60: Januari | D60: 4089 | E60: Meli | F60: 0811 1960880 | G60: meli.ridwan88@gmail.com | H60: Melyan Laundry/Meliana Laundry #1 | I60: Kota Jakarta Selatan | J60: Jl.kertanegara no.41 selong kebayoran baru jakarta selatan
A61: 57 | B61: 2022 | C61: Januari | D61: 7519 | E61: Tony | F61: 0821 1213 0068 | H61: GLOW Laundry | I61: Kota Jakarta Barat | J61: Kios Apartemen city resort residence,Tower Bougenville Lt.dasar no.09
A62: 58 | B62: 2022 | C62: Januari | D62: 4210 | E62: Nadia | F62: 081380875902 | G62: nadvirgie96@gmail.com | H62: Dominique Laundry | I62: Kota Jakarta Selatan | J62: jalan pasir terusan
A63: 59 | B63: 2022 | C63: Februari | D63: 326 | E63: 289 Laundry | F63: 08777770289 | G63: 289laundry@gmail.com | H63: 289laundry/289 GB | I63: Kota Jakarta Barat | J63: Taman dutamas C1A/6
A64: 60 | B64: 2022 | C64: Februari | D64: 4399 | E64: Tina | F64: 0881 1237887 | G64: agustina.projects@gmail.com | H64: TEMEN Laundry/TEMEN Laundry | I64: Kota Jakarta Selatan | J64: Jl. Srengseng Sawah No. 15
A65: 61 | B65: 2022 | C65: Februari | D65: 4430 | E65: Arya Fahrur | F65: 0822 97606525 | G65: aryafaro@gmail.com | H65: KA'RAJA LAUNDRY | I65: Kota Jakarta Utara | J65: Jl. Bendungan Melayu No1A
A66: 62 | B66: 2022 | C66: Februari | D66: 4749 | E66: Weltis Sasnofia | F66: 0878 70080022 | G66: oklaundry.oklaundry@gmail.com | H66: Laundry/Ok Laundry Tambora/Ok Laundry Tambora | I66: Kota Jakarta Barat | J66: Jakarta
A67: 63 | B67: 2022 | C67: Februari | D67: 4570 | E67: M Arief Yusuf | F67: 0856 1448414 | G67: Loondryman@gmail.com | H67: LOONDRYMAN/ LOONDRYMAN HOLYCLEAN EXPERT | I67: Kota Jakarta Pusat | J67: jl.cempaka sari 3 no.6 rt.012 rw.008,Kel. Harapan Mulia Kec.Kemayoran Jakarta Pusat
A68: 64 | B68: 2022 | C68: Maret | D68: 4821 | E68: Admin 1 | F68: 0813 11342872 | G68: rendra.priyanto@gmail.com | H68: Express 22 Laundry Kalisari | I68: Kota Jakarta Timur | J68: Jl. Puskesmas No. 2B
A69: 65 | B69: 2022 | C69: Maret | D69: 4749 | E69: Weltis Sasnofia | F69: 0878 70080022 | G69: oklaundry.oklaundry@gmail.com | H69: Laundry/Ok Laundry Tambora/ Ok Laundry Tanah Abang | I69: Kota Jakarta Barat | J69: Jakarta
A70: 66 | B70: 2022 | C70: Maret | D70: 4921 | E70: Adzriel Laundry | F70: 0812 82554225 | G70: laundryadzriel@gmail.com | H70: Adzriel Laundry | I70: Kota Jakarta Selatan | J70: jl,Halimah no.8R rt.003/003
A71: 67 | B71: 2022 | C71: Maret | D71: 4749 | E71: Weltis Sasnofia | F71: 0878 70080022 | G71: oklaundry.oklaundry@gmail.com | H71: Laundry/Ok Laundry Tambora/ ok laundry Duri Pulo | I71: Kota Jakarta Barat | J71: Jakarta
A72: 68 | B72: 2022 | C72: Maret | D72: 4778 | E72: Purwanti | F72: 0878 70873085 | G72: purwantilaundry8@gmail.com | H72: RIZQI LAUNDRY (Purwanti) | I72: Kota Jakarta Utara | J72: Gang SMU 83 RT. 04 RW. 04
A73: 69 | B73: 2022 | C73: Maret | D73: 5009 | E73: Robby Setiawan | F73: 085280139392 | G73: adityacollection161104@gmail.com | H73: Dealova Laundry | I73: Kota Jakarta Utara | J73: Jln.kebantenan III rt 005/006 no 6Cilincing jakarta utara
... A80: 76 | B80: 2022 | C80: April | D80: 5380 | E80: Ivan Natawijaya | F80: 0813 22883325 | G80: ivannatawijaya7117@gmail.com | H80: sun clean | I80: Kota Jakarta Utara | J80: muara karang blok p2 selatan no 76
A81: 77 | B81: 2022 | C81: Mei | D81: 5519 | E81: Srirahayu dewi Dewi | F81: 0822 13300671 | H81: hood laundry | I81: Kota Jakarta Timur | J81: jalan raya tengah depan Alfamidi no13
A82: 78 | B82: 2022 | C82: Mei | D82: 5508 | E82: Seindo laundry sandang | F82: 0811 9835 88 | G82: seindolaundry@gmail.com | H82: Seindo Laundry | I82: Kota Jakarta Barat | J82: jl. sandang , no,4a
A83: 79 | B83: 2022 | C83: Mei | D83: 5574 | E83: Owner Kinken77 | F83: 0877 8833 4331 | G83: ownerkinken77@gmail.com | H83: kinken laundry | I83: Kota Jakarta Utara | J83: jl. Muara Angke Blok Ambalat no.48 RT 06/021 Pluit penjaringan Jakarta utara
A84: 80 | B84: 2022 | C84: Mei | D84: 5749 | E84: Sapta duwi prima | F84: 0853 1333 4825 | G84: saptaduwiprima@gmail.com | H84: Tata Laundry | I84: Kota Jakarta Selatan | J84: Jalan Lebak Bulus 1 Rt001/Rw001 no. 44
A85: 81 | B85: 2022 | C85: Juni | D85: 5765 | E85: owner | F85: 0812 9443 0326 | G85: jayasaputra.work@gmail.com | H85: Nuna Laundry | I85: Kota Jakarta Barat | J85: Jln.Tanjung Pura No.32 Rt 005 Rw.05Kel.PegadunganKec.Kali DeresJakarta Barat11830( MAJELIS TAKLIM AL FITROH )
A86: 82 | B86: 2022 | C86: Juni | D86: 2903 | E86: Alif Rachman | F86: 0877 7000 7941 | G86: aliefrc12@gmail.com | H86: Laundry Mba Zen | I86: Kota Jakarta Barat | J86: Jl. Semeru Raya No.35 RT.10/RW.10 Grogol Jakarta Barat
A87: 83 | B87: 2022 | C87: Juni | D87: 5911 | E87: Luiz Fernando | F87: 0817 603 1165 | G87: lfo@outlook.com.br | H87: Home | I87: Kota Jakarta Pusat | J87: Capitol Park Residence
A88: 84 | B88: 2022 | C88: Juni | D88: 6058 | E88: Citra Halim | F88: 0817 488 5266 | G88: citra.halim1@gmail.com | H88: Citra Laundry/Citra Laundry | I88: Kota Jakarta Barat | J88: jl. tanjung duren timur raya gang mandalika
A89: 85 | B89: 2022 | C89: juli | D89: 4570 | E89: M Arief Yusuf | F89: 0856 1448414 | G89: Loondryman@gmail.com | H89: LOONDRYMAN/ LOONDRYMAN PREMIUM BENHIL | I89: Kota Jakarta Pusat | J89: jl.cempaka sari 3 no.6 rt.012 rw.008,Kel. Harapan Mulia Kec.Kemayoran Jakarta Pusat
A90: 86 | B90: 2022 | C90: Agustus | D90: 6509 | E90: Mulya Sari | F90: 0812 8888 6070 | G90: mulyasari992@gmail.com | H90: mulya jaya abadi | I90: Kota Jakarta Pusat | J90: jl.cempaka putih tengah 1 no 10 a
A91: 87 | B91: 2022 | C91: Agustus | D91: 6608 | E91: TRI & ROB | F91: 0821 2312 6678 | G91: tri.sukaesih20@gmail.com | H91: KLINMAX Laundry | I91: Kota Jakarta Timur | J91: Jl. Galursari no.14.B Rt.05/Rw.07 Utan Kayu Utara, Matraman, Jakarta Timur 13120
A92: 88 | B92: 2022 | C92: Agustus | D92: 4399 | E92: Tina | F92: 0881 1237887 | G92: agustina.projects@gmail.com | H92: TEMEN Laundry/Laundry SHELTER | I92: Kota Jakarta Selatan | J92: Jl. Srengseng Sawah No. 15
A93: 89 | B93: 2022 | C93: Agustus | D93: 6617 | E93: Pitda | F93: 0821 1341 8872 | G93: pitdajuntak@gmail.com | H93: SHIONG LAUNDRY | I93: Kota Jakarta Timur | J93: Jl. Perindustrian No. 7 RT 03 RW 06 Kebon Pala, Makasar,Jakarta Timur
... A95: 91 | B95: 2022 | C95: September | D95: 5319 | E95: Nurul Hidayah | F95: 081213859176 | G95: nuridareborn@gmail.com | H95: Ninda Keci Laundry/Sokin Clean Laundry | I95: Kota Jakarta Timur | J95: jl. kayu manis 5 baru no. 39 RT. 7 RW. 4, kayu manis
A96: 92 | B96: 2022 | C96: September | D96: 6737 | E96: Maulana Malik | F96: 088806807532 | H96: Sahabat Laundry/sahabat laundry 2 lontar | I96: Kota Jakarta Timur | J96: jalan pengarenga no 138. pulo jahe.
A97: 93 | B97: 2022 | C97: September | D97: 3371 | E97: rudi | F97: 0838 77877841 | G97: pusatlaundrey@gmail.com | H97: Pusat Laundry ( BANG BEN )/Cabang Pusat Laundry | I97: Kota Jakarta Timur | J97: Jl pertanian RT 10/4 no 27
A98: 94 | B98: 2022 | C98: September | D98: 1682 | E98: admin | F98: 087885582698 | G98: rizqqamalia@gmail.com | H98: 46 LAUNDRY | I98: Kota Jakarta Selatan | J98: karang pola
A99: 95 | B99: 2022 | C99: September | D99: 6645 | E99: Nurul Laundry | F99: 081385338373 | G99: selmankardinal@gmail.com | H99: Nurul Laundry eBony | I99: Kota Jakarta Selatan | J99: tower ebony Kalibata City
A100: 96 | B100: 2022 | C100: September | D100: 6645 | E100: Nurul Laundry | F100: 081385338373 | G100: selmankardinal@gmail.com | H100: Nurul Laundry Cendana | I100: Kota Jakarta Selatan | J100: tower ebony Kalibata City
A101: 97 | B101: 2022 | C101: Oktober | D101: 7198 | E101: Owner | F101: 082122337181 | G101: fita26826@gmail.com | H101: MAXCLEAN Laundry | I101: Kota Jakarta Utara | J101: Apartemen Laguna Lantai 2 Kios 2-08
A102: 98 | B102: 2022 | C102: Oktober | D102: 5824 | E102: Julia Scanlon | F102: 082122222676 | H102: Julia Laundry | I102: Kota Jakarta Utara | J102: PIK
A103: 99 | B103: 2022 | C103: Oktober | D103: 7236 | E103: ERAZIO LAUNDRY | F103: 0896 9834 2727 | G103: laundrysuksesmakmur@gmail.com | H103: ERAZIO LAUNDRY | I103: Kota Jakarta Barat | J103: Jl. H. Selong Rt.013/Rw.001 Gg. Lingkar 2
A104: 100 | B104: 2022 | C104: Oktober | D104: 7059 | E104: Nia | F104: 0821 1629 8618 | H104: April Laundry/April Laundry | I104: Kota Jakarta Selatan | J104: Jl jagakarsa No.1b
A105: 101 | B105: 2022 | C105: November | D105: 7410 | E105: Surya Laundry | F105: 082210127470 | G105: surya.laundrykudin@gmail.com | H105: Surya Laundry | I105: Kota Jakarta Timur | J105: jl kudin no 20 rt1 rw3
A106: 102 | B106: 2022 | C106: Desember | D106: 7638 | E106: Agung | F106: 081314305859 | G106: faliang8@gmail.com | H106: Fresh & Klein | I106: Kota Jakarta Timur | J106: Jl. Raya Sedayu City Blok SCBRF no.35. sedayu city
A107: 103 | B107: 2023 | C107: Januari | D107: 6058 | E107: Citra Halim | F107: 0817 488 5266 | G107: citra.halim1@gmail.com | H107: Citra Laundry/Citra Laundry GS | I107: Kota Jakarta Barat | J107: jl. tanjung duren timur raya gang mandalika
A108: 104 | B108: 2023 | C108: Januari | D108: 7949 | E108: Lilik Maulina | F108: 08176007469 | G108: lilikmaulina@gmail.com | H108: Bunda Laundry | I108: Kota Jakarta Utara | J108: Jl Kelapa dua no.19 RT.009/RW.003 Cilincing - Jakarta Utara14120
A109: 105 | B109: 2023 | C109: Januari | D109: 7059 | E109: Nia | F109: 0821 1629 8618 | H109: April Laundry/Aletta Laundry | I109: Kota Jakarta Selatan | J109: Jl jagakarsa No.1b
A110: 106 | B110: 2023 | C110: Januari | D110: 8040 | E110: Arya | F110: 0811 1159499 | G110: aldogunawan662@gmail.com | H110: Rumah Laundry (Arya) | I110: Kota Jakarta Utara | J110: Jl taruna 1 sukapura No 2
A111: 107 | B111: 2023 | C111: Januari | D111: 7865 | E111: Imam Hardianto | F111: 082231104968 | G111: imamhardianto92@gmail.com | H111: aisha laundry | I111: Kota Jakarta Utara | J111: Jl. Bendungan Melayu RT. 003 RW. 001 No. 25A
A112: 108 | B112: 2023 | C112: Januari | D112: 6737 | E112: Maulana Malik | F112: 088806807532 | H112: Sahabat Laundry/sahabat laundry 1 House | I112: Kota Jakarta Timur | J112: jalan pengarenga no 138. pulo jahe.
A113: 109 | B113: 2023 | C113: Januari | D113: 7835 | E113: JM1505 | F113: 0811 1680184 | G113: laundryqta22@gmail.com | H113: Laundry Qta/Laundry Qta Pulomas | I113: Kota Jakarta Timur | J113: Jl. Pulomas Barat V no 45
A114: 110 | B114: 2023 | C114: Januari | D114: 8027 | E114: ChaeruliLarasati | F114: 08989882830 | G114: laras.ydba@gmail.com | H114: Instan Laundry | I114: Kota Jakarta Pusat | J114: Jl. Cempaka putih tengah No. 32
A115: 111 | B115: 2023 | C115: Februari | D115: 6737 | E115: Maulana Malik | F115: 088806807532 | H115: Sahabat Laundry/sahabat laundry 3 kranji | I115: Kota Jakarta Timur | J115: jalan pengarenga no 138. pulo jahe.
A116: 112 | B116: 2023 | C116: Februari | D116: 6737 | E116: Maulana Malik | F116: 088806807532 | H116: Sahabat Laundry/sahabat laundry 2 | I116: Kota Jakarta Timur | J116: jalan pengarenga no 138. pulo jahe.
A117: 113 | B117: 2023 | C117: Februari | D117: 6645 | E117: Selman Moelyono | F117: 081385338373 | G117: selmankardinal@gmail.com | H117: Nurul Laundry Herbras | I117: Kota Jakarta Selatan | J117: tower ebony Kalibata City
A118: 114 | B118: 2023 | C118: Februari | D118: 8082 | E118: arif burhanudin | F118: 087777290901 | G118: azzamlaundry22@gmail.com | H118: Azzam Laundry | I118: Kota Jakarta Barat | J118: Jl kemurnian 1 no 115 glodok jakarta barat
A119: 115 | B119: 2023 | C119: Maret | D119: 8344 | E119: Nurul Fathiyaturrohmah | F119: 08984346080 | H119: Alfatih Laundry/ Alfatih Laundry Kemiri Jaya | I119: Kota Jakarta Selatan | J119: Jl. Desa Putera No. 1 RT 07/05
A120: 116 | B120: 2023 | C120: Maret | D120: 8344 | E120: Nurul Fathiyaturrohmah | F120: 08984346080 | H120: Alfatih Laundry/Alfatih Laundry | I120: Kota Jakarta Selatan | J120: Jl. Desa Putera No. 1 RT 07/05
A121: 117 | B121: 2023 | C121: Maret | D121: 8421 | E121: Fatimatul zahro | F121: 0819 3123 7145 | G121: dhiniluh8@gmail.com | H121: Cleo Laundry | I121: Kota Jakarta Timur | J121: jl Malaka Selatan k16 no 4 pondok kelapa Jaktim
A122: 118 | B122: 2023 | C122: Maret | D122: 8565 | E122: Savera Laundry | F122: 0821 3585 3014 | G122: savera.laundry@gmail.com | H122: Savera Laundry/Savera Laundry DTS | I122: Kota Jakarta Selatan | J122: Jl Duren Tiga Selatan, No. 68
A123: 119 | B123: 2023 | C123: Maret | D123: 8572 | E123: Fadil | F123: 0813 8955 4160 | G123: sini.laundry23@gmail.com | H123: Sini Laundry | I123: Kota Jakarta Pusat | J123: Jl. Kebon Pala 1 No. 4 RT/RW 003/013 (Teras Sweelty)
A124: 120 | B124: 2023 | C124: April | D124: 8762 | E124: Sri | F124: 087841155243 | G124: ardiyansahsaputra55@gmail.com | H124: laundry Sri/laundry | I124: Kota Jakarta Selatan | J124: jl. Srengseng sawah no. 8 RT.11 RW.09kota jakarta selatan
A125: 121 | B125: 2023 | C125: April | D125: 8783 | E125: Kelondri | F125: 81329008578 | G125: kelondri@gmail.com | H125: Kelondri/Kelondri | I125: Kota Jakarta Timur | J125: Jl. Pisangan Baru Tengah IV No. 3 RT. 002 RW. 004. Pisangan Baru - Matraman. Jakarta Timur
A126: 122 | B126: 2023 | C126: April | D126: 8620 | E126: Winie Dea | F126: 085742117954 | G126: deawinie79@gmail.com | H126: rumah cuci mamah dea | I126: Kota Jakarta Timur | J126: jl.raya tengah rt.08/08 gedong pasar rebo kramat jati-jakarta timur
A127: 123 | B127: 2023 | C127: April | D127: 8074 | E127: Yesi Yusnita | F127: 08111015686 | H127: Pink Laundry/Pink Laundry | I127: Kota Jakarta Timur | J127: Jl. Kebon Nanas Selatan VIII No. 2A
A128: 124 | B128: 2023 | C128: April | D128: 8766 | E128: Enita Aprilia | F128: 081998810644 | G128: loundrytata@gmail.com | H128: TATA LAUNDRY/ENITA | I128: Kota Jakarta Utara | J128: kp muka GG belimbing 3 blok c no 18 RT.009/RW.04 Ancol Pademangan jakrta Utara
A129: 125 | B129: 2023 | C129: April | D129: 8768 | E129: Palas Palansyah | F129: 085947447474 | G129: superpowerwashloundry@gmail.com | H129: SUPER POWER WASH LOUNDRY | I129: Kota Jakarta Utara | J129: apartement greenbay tower d ,LGM NO 06 (depan lobby j&k -samping indomart
A130: 126 | B130: 2023 | C130: Mei | D130: 8074 | E130: Yesi Yusnita | F130: 08111015686 | H130: Pink Laundry/Pink Laundry GS | I130: Kota Jakarta Timur | J130: Jl. Kebon Nanas Selatan VIII No. 2A
A131: 127 | B131: 2023 | C131: Mei | D131: 9111 | E131: Sigit | F131: 081521749959 | G131: onlyonelaundrymart@gmail.com | H131: Only One Laundry Mart | I131: Kota Jakarta Timur | J131: Jl Remaja 1 Rt 07/04 No 7 Jatinegara Kaum
A132: 128 | B132: 2023 | C132: Mei | D132: 4089 | E132: Meli | F132: 0811 1960880 | G132: meli.ridwan88@gmail.com | H132: Melyan Laundry/Meliana Laundry #2 | I132: Kota Jakarta Selatan | J132: Jl.kertanegara no.41 selong kebayoran baru jakarta selatan
A133: 129 | B133: 2023 | C133: Mei | D133: 8995 | E133: Muhammad Anas,19-5-2023 | F133: 0852 5552 9995 | H133: C2Laundry | I133: Kota Jakarta Selatan | J133: Apertemen Kalibata City Tower Eboni AL 12 Jaksel
A134: 130 | B134: 2023 | C134: Mei | D134: 8955 | E134: isra | F134: 0877 7779 3219 | G134: berkahlaundrydelapan8@gmail.com | H134: berkah laundry 88 | I134: Kota Jakarta Selatan | J134: Jl , HKSN 88 GANG KOPRO BANJIR NO : 19 Rt 008 Rw 011 kebayoran lama jaksel 12240( Berkah loundry 88 ) pas di depan Masjid Jami Nurul hidayah
A135: 131 | B135: 2023 | C135: Mei | D135: 1389 | E135: Herlina | F135: 0821 24000151 | G135: aguinazlaundry@gmail.com | H135: Aguinaz Laundry/Redberry Laundry 2 | I135: Kota Jakarta Selatan | J135: Jl.Swadaya 1a no.4 rt 05/09, Pejaten timur, Pasar minggu, Jakarta Selatan, 12510
A136: 132 | B136: 2023 | C136: Mei | D136: 9045 | E136: Devita Sari | F136: 087883807403 | G136: sdevita507@gmail.com | H136: fayraa loundry | I136: Kota Jakarta Barat | J136: jln.terate RT.009 RW.004 no 169 kelurahan kembangan Utara
A137: 133 | B137: 2023 | C137: Mei | D137: 9093 | E137: Alvyan | F137: 08179920649 | G137: ng.alvyan27@gmail.com | H137: Alvyan Laundry | I137: Kota Jakarta Pusat
A138: 134 | B138: 2023 | C138: Mei | D138: 9033 | E138: Dolphin Laundry Mampang | F138: 081779990001 | G138: dolphinlaundry.mampang@gmail.com | H138: Dolphin Laundry | I138: Kota Jakarta Selatan | J138: Jl. Mampang Prapatan VIII No 8A, RT001 RW001
A139: 135 | B139: 2023 | C139: Juni | D139: 9168 | E139: Adelina Adeline | F139: 0852 1654 9484 | G139: clare.jewelrycleaner@gmail.com | H139: CLARE LAUNDRY | I139: Kota Jakarta Timur | J139: jalan Olahraga I no 20, condet, cililitan, Kramat Jati, Jakarta Timur
A140: 136 | B140: 2023 | C140: Juni | D140: 9219 | E140: Sisca DJR | F140: 0856 9105 6955 | G140: siscadjr@gmail.com | H140: mamih laundry | I140: Kota Jakarta Selatan | J140: jl Srengseng sawah Jagakarsa Jakarta Selatan
A141: 137 | B141: 2023 | C141: Juni | D141: 9130 | E141: Bunda Maia | F141: 0878 19999440 | G141: nyonyalaundry10b@gmail.com | H141: Nyonya Laundry | I141: Kota Jakarta Selatan | J141: Jl. Batu Merah 1 No 10B
A142: 138 | B142: 2023 | C142: Juni | D142: 8565 | E142: Savera Laundry | F142: 0821 3585 3014 | G142: savera.laundry@gmail.com | H142: Savera Laundry/Savera Laundry Kalibata Tengah | I142: Kota Jakarta Selatan | J142: Jl Duren Tiga Selatan, No. 68
A143: 139 | B143: 2023 | C143: Juni | D143: 9347 | E143: Zi Laundry | F143: 0858 8838 8195 | G143: zilaundry8@gmail.com | H143: zilaundry/zilaundry Fresh | I143: Kota Jakarta Selatan | J143: Pengadegan selatan 1
A144: 140 | B144: 2023 | C144: Juni | D144: 9288 | E144: Royal laundry | F144: 0851 5711 4446 | G144: modestartpoint@gmail.com | H144: test/Royal laundry | I144: Kota Jakarta Timur | J144: jakarta
A145: 141 | B145: 2023 | C145: Juni | D145: 9325 | E145: Laras Rasmawati | F145: 0822 9840 4005 | G145: business.easygleam@gmail.com | H145: EasyGleam Laundry & Cleaners | I145: Kota Jakarta Barat | J145: Jl. Harun Raya No.1, RT.01/RW.07
A146: 142 | B146: 2023 | C146: Juli | D146: 9393 | E146: siti rahmah | F146: 0812 98312025 | G146: rahmahsity95@gmail.com | H146: fresh laundry | I146: Kota Jakarta Selatan | J146: apartemen kalibata city tower borneo BM 11
A147: 143 | B147: 2023 | C147: Juli | D147: 8783 | E147: Kelondri | F147: 81329008578 | G147: kelondri@gmail.com | H147: Kelondri/WOW | I147: Kota Jakarta Timur | J147: Jl. Pisangan Baru Tengah IV No. 3 RT. 002 RW. 004. Pisangan Baru - Matraman. Jakarta Timur
A148: 144 | B148: 2023 | C148: Juli | D148: 8922 | E148: operator | F148: 08567374800 | G148: ayra.ayralaundry@gmail.com | H148: Ayra Laundry | I148: Kota Jakarta Timur | J148: Jalan Bambu Hitam, Bambu Apus,Cipayung
A149: 145 | B149: 2023 | C149: Juli | D149: 9431 | E149: Muhammad Ihsan Mangkunegara | F149: 085156455153 | G149: wooshjakarta@gmail.com | H149: WOOSH! | I149: Kota Jakarta Barat | J149: Jl. KH Syahdan, Gg. Keluarga RW12
... A162: 158 | B162: 2023 | C162: September | D162: 5199 | E162: Brant | F162: 0812 82084284 | G162: sintua.hutauruk@gmail.com | H162: Arihta Laundry | I162: Kota jakarta timur | J162: Jl. Tuparev No. 13 Pulomas Kayu Putih Jakarta Timur
...

Sheet Gorontalo 
A1: PT PIPOSMART DIGITAL INDONESIA
A2: Laporan Nasabah Baru
A3: Tahun 2026
A4: Nomor | B4: Tahun Member | C4: Bulan | D4: Kode Owner | E4: Nama Owner | F4: No. Hp Owner | G4: Email | H4: Project/Outlet | I4: Kota | J4: Alamat
A5: 1 | B5: 2021 | C5: Agustus | D5: 2253 | E5: Fitria Abas | F5: 0813 56660900 | G5: fitriaabas961@gmail.com | H5: JF Laundry/JF Laundry Gorontalo | I5: Kota Gorontalo | J5: Jl. Kenangan No.85 Kel. Dulalowo Timur
A6: 2 | B6: 2021 | C6: Agustus | D6: 670 | E6: Ramlah achmad | F6: 0852 56668600 | G6: ramlaahmad217@gmail.com | H6: laundry karpet Carawali/laundry carawali | I6: Kota Gorontalo | J6: jln Husni Thamrin no 39 limbaU2 kec kota selatan
A7: 3 | B7: 2022 | C7: Mei | D7: 5562 | E7: winarsih | F7: 0852 60474084 | G7: winarsihag@gmail.com | H7: Kana Laundry | I7: Kota Gorontalo | J7: Jl. Anoa V perum tenilo blok H92
A8: 4 | B8: 2025 | C8: Juli | D8: 15873 | E8: Arifin Lahay | F8: 081370265858 | H8: JF Laundry 2/JF Laundry 2 | I8: Kab. Gorontalo | J8: Jl. AA Wahab, Mongolato Kec Telaga
A9: TOTAL 2026 | E9: {=sum(1/countif(E9,E9))} -> #REF! | H9: {=sum(1/countif(H9,H9))} -> #REF! | I9: 0
A10: TOTAL 2021-2026 | E10: {=sum(1/countif(E5:E8,E5:E8))} -> 4 | H10: =counta(H5:H8) -> 4 | I10: {=sum(1/countif(I5,I5))} -> 1

Sheet Jambi
A1: PT PIPOSMART DIGITAL INDONESIA
A2: Laporan Nasabah Baru
A3: Tahun 2026
A4: Nomor | B4: Tahun Member | C4: Bulan | D4: Kode Owner | E4: Nama Owner | F4: No. Hp Owner | G4: Email | H4: Project/Outlet | I4: Kota | J4: Alamat
A5: 1 | B5: 2021 | C5: Desember | D5: 3862 | E5: kaswatiningsih | F5: 0819 30828201 | G5: hosimlaundry@gmail.com | H5: saraswati laundry | I5: Kab. Tanjung Jabung Barat | J5: jalan lintas jambi kuala tungkal
A6: 2 | B6: 2022 | C6: April | D6: 4155 | E6: PL Jambi | F6: 0813 77564701 | G6: payolaundryjambi@gmail.com | H6: Payo Laundry Jambi | I6: Kota Jambi | J6: Jl. Sk. Rd. Syahbudin
A7: 3 | B7: 2023 | C7: Juli | D7: 3252 | E7: Hindun_Yahya | F7: 085266022723 | H7: PRIMA LAUNDRY JAMBI | I7: Kota Jambi | J7: jalan sunan Giri Rt 05
A8: 4 | B8: 2023 | C8: Desember | D8: 10683 | E8: kiki satria | F8: 089604366131 | G8: exclean.treatments@gmail.com | H8: exclean. id | I8: Kota Jambi | J8: mayang puskes
A9: 5 | B9: 2024 | C9: Oktober | D9: 13512 | E9: Ratu laundry | F9: 08980982759 | G9: ratulaundryy.26@gmail.com | H9: RATU LAUNDRY | I9: Kota Jambi | J9: jl.sersan Anwar bay,bagan pete
A10: 6 | B10: 2024 | C10: Oktober | D10: 13478 | E10: Agus Suhendro | F10: 085217716789 | G10: supermax.laundry@gmail.com | H10: Supermax Laundry Express | I10: Kab. Muaro Jambi | J10: Jl. Raya Kasang Pudak RT. 002 desa kasang kumpeh muaro Jambi
A11: 7 | B11: 2025 | C11: Januari | D11: 14327 | E11: Yohana Nasution | F11: 08127416720 | G11: yohanan7441@gmail.com | H11: Aisyah Laundry/Aisyah Laundry | I11: Kab. Tanjung Jabung Barat | J11: Jl. Abdurahman Sidik Kel. Tebing Tinggi, Tanjab Barat
A12: 8 | B12: 2025 | C12: Januari | D12: 14369 | E12: Salianti Jagi Diri | F12: 085789154930 | G12: saliantijagidiri@gmail.com | H12: Sally Laundy/Sally Laundry | I12: Kab. Muaro Jambi | J12: Jalan flamboyan, Rt 3
A13: 9 | B13: 2025 | C13: Februari | D13: 14813 | E13: SAGA LAUNDRY | F13: 082278128083 | G13: SAGALAUNDRYJAMBI@GMAIL.COM | H13: SAGA LAUNDRY JAMBI/SAGA LAUNDRY JAMBI | I13: Kota Jambi | J13: jl. TP. Sriwijaya RT 001 Kel. Beliung Kec. Alam Barajo Kota Jambi
A14: 10 | B14: 2025 | C14: April | D14: 15080 | E14: BAP | F14: 081274388765 | G14: aquafit.since2004@gmail.com | H14: mamaJo LAUNDRY/mamaJo LAUNDRY | I14: Kota Jambi | J14: Jl. KH Ismail Malik Pasar Villa Kenali Permai Blok N1 No 1-2
A15: 11 | B15: 2025 | C15: Mei | D15: 15323 | E15: Yuwitafaurisia | F15: 081274730174 | G15: meranginrita13@gmail.com | H15: BW Elegant Laundry/BW Elegant Laundry | I15: Kab. Merangin | J15: Jl. Lintas Sumatera Dusun Bangko
A16: 12 | B16: 2025 | C16: Juli | D16: 15676 | E16: Noona Laundry | F16: 081274317551 | G16: noonalaundryy@gmail.com | H16: Noona Laundry/Noona Laundry | I16: Kota Jambi | J16: Noona Laundry Jl.sk Rd Syahbudin Mayang Mangurai, Kec Kota Baru. Kota jambi
A17: 13 | B17: 2025 | C17: Agustus | D17: 16021 | E17: Fitria Irmawati | F17: 085295123414 | G17: irham3614@gmail.com | H17: Fira Fresh Laundry/Fira Fresh Laundry | I17: Kota Jambi | J17: Jl. Zaidi Saleh Pal 5 Kota Baru (Depan Keyo Kost)
A18: 14 | B18: 2025 | C18: Agustus | D18: 16109 | E18: Muhammad Ridwan | F18: 085266435679 | G18: Iwantoet16@gmail.com | H18: Siap Laundry/Siap Laundry | I18: Kota Jambi | J18: Jl. TP Sriwijaya, Kel. Beliung, Kec. Kota Baru, Kota Jambi
A19: 15 | B19: 2025 | C19: Agustus | D19: 16105 | E19: Esje Laundry | F19: 08127304104 | G19: esjelaundry521@gmail.com | H19: ESJE LAUNDRY JAMBI/ESJE LAUNDRY JAMBI | I19: Kota Jambi | J19: lorong sawit jaya RT.37 Kel. Bagan Pete Kec. Alam Barajo Kota Jambi
... A26: 22 | B26: 2026 | C26: Juni | D26: 18785 | E26: Owner revajhoni | F26: 085199701158 | G26: kidsfour025@gmail.com | H26: fourkids laundry/fourkids laundry | I26: Kota Jambi | J26: kidsfour025@gmail.com
A27: TOTAL 2026 | E27: {=sum(1/countif(E27,E27))} -> #REF! | H27: {=sum(1/countif(H27,H27))} -> #REF! | I27: {=sum(1/countif(I11:I26,I11:I26))} -> 4
A28: TOTAL 2021-2026 | E28: {=sum(1/countif(E5:E26,E5:E26))} -> 22 | H28: {=sum(1/countif(H5:H26,H5:H26))} -> 22 | I28: {=sum(1/countif(I5:I26,I5:I26))} -> 4

Sheet Jawa Barat
A1: PT PIPOSMART DIGITAL INDONESIA
A2: Laporan Nasabah Baru
A3: Tahun 2026
A4: Nomor | B4: Tahun Member | C4: Bulan | D4: Kode Owner | E4: Nama Owner | F4: No. Hp Owner | G4: Email | H4: Project/Outlet | I4: Kota | J4: Alamat
A5: 1 | B5: 2021 | C5: Mei | D5: 329 | E5: Ahmad ulfi gusli mulya | F5: 0821 1477 2554 | G5: ahmadulfi0@gmail.com | H5: amira laundry | I5: Kab. Bekasi | J5: jl pendidikan mangunjaya,tambun selatan
A6: 2 | B6: 2021 | C6: Mei | D6: 440 | E6: Andi priyono | F6: 0878 2557 7555 | G6: andi.priyono.007@gmail.com | H6: FAHREZA LAUNDRY | I6: Kota Bandung | J6: Sukarajin 1 No 5 BANDUNG
A7: 3 | B7: 2021 | C7: Mei | D7: 832 | E7: Untung Rohwadi | F7: 0811 990 686 | G7: dkucex@gmail.com | H7: dkucex/dkucex Villa Asia | I7: Kab. Bogor | J7: Bojonggede
A8: 4 | B8: 2021 | C8: Mei | D8: 631 | E8: wi | F8: 0852 8100 4519 | G8: hilwamaryam263@gmail.com | H8: MINI laundry | I8: Kab. Karawang | J8: karawang barat
A9: 5 | B9: 2021 | C9: Mei | D9: 474 | E9: GreenLaundry | F9: 0812 8331 5588 | G9: greenlaundry.awn@gmail.com | H9: Green Laundry | I9: Kab. Cirebon | J9: Jl kebon baru no. 01 - Arjawinangun
A10: 6 | B10: 2021 | C10: Mei | D10: 754 | E10: Seni suryaningsih | F10: 0857 2488 2666 | G10: senisuryaninnsih@gmail.com | H10: Syakir laundry | I10: Kota Sukabumi | J10: balandongan
A11: 7 | B11: 2021 | C11: Mei | D11: 277 | E11: Nur sugiarti | F11: 0858 7585 8156 | G11: laundrycleanandfresh2@gmail.com | H11: Clean'Fresh Laundry/Clean'Fresh | I11: Kab. Bogor | J11: Kp Babakan Sirna Pasir Angin
A12: 8 | B12: 2021 | C12: Mei | D12: 661 | E12: Ririn Lie | F12: 0877 0008 7779 | G12: olinolino779@gmail.com | H12: OlinoLino Laundry | I12: Kota Bandung | J12: Jl. Gunung Batu 203
A13: 9 | B13: 2021 | C13: Juni | D13: 889 | E13: Vera | F13: 0818 0601 0000 | G13: verafirmanmaulina@gmail.com | H13: Isogu Laundry GDC/ISOGU LAUNDRY | I13: Kota Bekasi | J13: Apartemen Grand Dhika City Jatiwarna. Tower Emerald. CE104
A14: 10 | B14: 2021 | C14: Juni | D14: 1317 | E14: YDS Cimahi | F14: 0852 8222 5004 | G14: laundryamanah0@gmail.com | H14: Laundry Amanah | I14: Kota Cimahi | J14: Jl. Parmindo No. 52
A15: 11 | B15: 2021 | C15: Juni | D15: 1220 | E15: Siradja Laundry | F15: 0838 9564 6448 | G15: laundrysiradja@gmail.com | H15: Laundry Siradja | I15: Kota Depok | J15: Jl. Kranggan No. 6 (Dpn TPU Pdk Ranggon) Rt. 003/06Harjamukti - Cimanggis, Depok
A16: 12 | B16: 2021 | C16: Juni | D16: 1008 | E16: Lina N | F16: 0878 7591 4797 | G16: linaasmada@gmail.com | H16: Umba - Umba Laundry | I16: Kota Depok | J16: Jl Abdul Gani 2, Kalibaru, Cilodong - Depok
... A84: 80 | B84: 2022 | C84: Januari | D84: 2719 | E84: Dessy Monica | F84: 0878 71413349 | G84: moniclaundry1112@gmail.com | H84: Monic Laundry/Monic Laundry Galaxy (Online) | I84: Kota Bekasi | J84: Jl Taman Galaxy B 301 Galaxy Bekasi
A85: 81 | B85: 2022 | C85: Januari | D85: 3869 | E85: Ridha Martha | F85: 0878 71619501 | H85: Roemah laundry/ Rumah Laundry | I85: Kota Depok | J85: Stir mobil pesona jaya lantai 2 kota depok
A86: 82 | B86: 2022 | C86: Januari | D86: 2158 | E86: Admin | F86: 0816 338027 | G86: mamalaundrys88@gmail.com | H86: Mama Laundry/Mama Laundry - Kota Bekasi | I86: Kota Bekasi | J86: Jalan Perjuangan No 28, Kel Marga Mulya, Bekasi Utara
A87: 83 | B87: 2022 | C87: Januari | D87: 3881 | E87: Srikandi Laundry | F87: 0857 77821277 | G87: srikandilaundry4@gmail.com | H87: laundry srikandi | I87: Kota Depok | J87: Jln urea 2 ujung no34. Rt 03/16 beji
A88: 84 | B88: 2022 | C88: Januari | D88: 4072 | E88: Rabiyul Adawiyah | F88: 0818 06733654 | G88: gatra89@gmail.com | H88: laundrychat/LaundryChat | I88: Kab. Bogor | J88: sentraland paradise cluster Malta blok E11 No 02
A89: 85 | B89: 2022 | C89: Januari | D89: 4114 | E89: ayyu | F89: 0857 71749096 | G89: laundry111121@gmail.com | H89: Tri Nur Laundry/Tri Nur Laundry | I89: Kab. Bekasi | J89: Jl Kp kukun kulon Rt 10 Rw 5 ciantra cikarang selatan
A90: 86 | B90: 2022 | C90: Januari | D90: 4218 | E90: Indri | F90: 0813 22338898 | G90: aquandrie26@hotmail.com | H90: Bindy Laundry | I90: Kab. Bandung Barat | J90: Jl. Cihanjuang No. 151 Bandung Barat
A91: 87 | B91: 2022 | C91: Januari | D91: 472 | E91: Regina | F91: 081226050292 | G91: rumahcuciazzura@gmail.com | H91: Rumah Cuci Azzura/Azura Laundry | I91: Kota Bekasi | J91: Jalan Surya Dharma Blok CE 8 Jatisari Jatiasih
A92: 88 | B92: 2022 | C92: Februari | D92: 3694 | E92: wawan riswandi | F92: 0858 61399970 | G92: wanzriswandy40@gmail.com | H92: CUCIQUE LAUNDRY/CUCIQUE LAUNDRY | I92: Kota Bandung | J92: jl babakan ciparay no 73
A93: 89 | B93: 2022 | C93: Februari | D93: 4514 | E93: Sri Murniati | F93: 0813 24727675 | G93: eniniglaundry@gmail.com | H93: ENIN IG Laundry | I93: Kota Cirebon | J93: Griya Sunyaragi Permai Jalan Sonokeling Raya No. U6 Karyamulya - Kota Cirebon
A94: 90 | B94: 2022 | C94: Februari | D94: 3814 | E94: Theresia | F94: 0813 80991122 | G94: ronny21warouw@gmail.com | H94: Yum Laundry | I94: Kab. Bogor | J94: rawakalonggunung sindurkabupaten bogor
A95: 91 | B95: 2022 | C95: Februari | D95: 4477 | E95: Aqila Laundry | F95: 085890047455 | G95: she1skandar89@gmail.com | H95: Aini Laundry | I95: Kota Bekasi | J95: pejuang raya
A96: 92 | B96: 2022 | C96: Februari | D96: 3951 | E96: Imas Fatimah | F96: 0896 13082244 | G96: imassitifatimah@gmail.com | H96: JASTRA LAUNDRY | I96: Kab. Purwakarta | J96: perumahan Puri yasmin blok A2 no 3 Jatiluhur Purwakarta
A97: 93 | B97: 2022 | C97: Februari | D97: 4580 | E97: Karina Isabella | F97: 0851 56435942 | G97: karinaisabella4@gmail.com | H97: NARA LAUNDRY | I97: Kota Bandung | J97: Jl Pamekar Raya 101 A
... A122: 118 | B122: 2022 | C122: Mei | D122: 5716 | E122: Oppa Laundry | F122: 0821 1872 8163 | G122: denykuswandi400@gmail.com | H122: OPPA LOUNDRY | I122: Kab. Bandung | J122: Jl.Raya Laswi No.45
A123: 119 | B123: 2022 | C123: Mei | D123: 5553 | E123: Andreas Kurniawan | F123: 0857 7575 7329 | H123: Mr. Clean Shoes Laundry | I123: Kota Bekasi | J123: JL. Pulo Ribung Raya Blok BB46A no. 15 Jakasetia Bekasi
A124: 120 | B124: 2022 | C124: November | D124: 7406 | E124: Azka K R | F124: 0895414066655 | G124: azka.laundry.tsm@gmail.com | H124: AZKA LAUNDRY EXPRESS | I124: Kota Tasikmalaya | J124: Jln. Rumah Sakit Gg. Sukarasa No. 7 Tasikmalaya
A125: 121 | B125: 2022 | C125: Mei | D125: 5683 | E125: Priyo Utomo | F125: 0877 8863 0578 | G125: upriyo68@gmail.com | H125: SERBA LAUNDRY | I125: Kab. Bogor | J125: Jl.Pekapuran Rt.05 Rw.07 No.245 (Pabuaran Mekar)
A126: 122 | B126: 2022 | C126: Mei | D126: 5722 | E126: Rehan Ginanjar Saputra | F126: 0852 1627 3283 | G126: rehansmi92@gmail.com | H126: Mutiara Sentul laundry 3 | I126: Kab. Bogor | J126: Jl.Raya Karanggan RT 05 RW 08 Kel. Karanggan Kec. Citeurep kab. Bogor (Samping Mesjid AT.TAQWA)
A127: 123 | B127: 2022 | C127: Mei | D127: 4446 | E127: Annisa Vikasari | F127: 0878 219 08147 | G127: solusiberkahbersama@gmail.com | H127: Solusi Nyuci Laundry | I127: Kota Bandung | J127: Jl. Ranca Oray No. 1 Bandung
A128: 124 | B128: 2022 | C128: Mei | D128: 2968 | E128: Lestari Aryaningsih | F128: 0813 8158 0778 | G128: nasrulpontoh16@gmail.com | H128: Vidin loundry & Dry Clean/VIDIN Laundry & Dry Cleaning Service | I128: Kab. Bogor | J128: Ruko Food Plaza (RFS) 6 No.6Cibubur Country
A129: 125 | B129: 2022 | C129: Mei | D129: 2968 | E129: Lestari Aryaningsih | F129: 0813 8158 0778 | G129: nasrulpontoh16@gmail.com | H129: Vidin loundry & Dry Clean/Telaga Bambu Fishing | I129: Kab. Bogor | J129: Ruko Food Plaza (RFS) 6 No.6Cibubur Country
A130: 126 | B130: 2022 | C130: Mei | D130: 4768 | E130: Bambang Suharto | F130: 0816 715 364 | G130: mutiarasentul@gmail.com | H130: Mutiara Sentul Laundry/Mutiara Sentul Laundry 2 | I130: Kab. Bogor | J130: jl.raya citaringgul, kec. babakan madang, kab. bogor
A131: 127 | B131: 2022 | C131: Mei | D131: 3079 | E131: Irfan Bagus | F131: 081386373756 | G131: irfanbagus777@gmail.com | H131: Waroeng Loundry/Waroeng Loundry 2 | I131: Kab. Bekasi | J131: Jln Kp Blok 1 Rt02 Rw06 samping lap pasar malam belakang Polres Cikarang
A132: 128 | B132: 2022 | C132: Juni | D132: 2719 | E132: Dessy Monica | F132: 0878 7141 3349 | G132: moniclaundry1112@gmail.com | H132: Monic Laundry/Monic Laundry GG | I132: Kota Bekasi | J132: Jl Taman Galaxy B 301 Galaxy Bekasi
A133: 129 | B133: 2022 | C133: Juni | D133: 4896 | E133: Elisabeth P. Desiani | F133: 0896 39843456 | H133: Baladewa Laundry/Green Laundry 2 | I133: Kab. Karawang | J133: Jl. Menati 1 No.27 Puserjaya Kec. Telukjambe Timur Kab. Karawang
A134: 130 | B134: 2022 | C134: Juni | D134: 5054 | E134: Rumahku Jarddin Apartment Cihampelas | F134: 0877 29718239 | G134: Rumahku.co@gmail.com | H134: Rumah Laundry | I134: Kota Bandung | J134: Apartemen Jarrdin CihampelasKOA.03-07 (Kantor RumahKu)
A135: 131 | B135: 2022 | C135: Juni | D135: 5991 | E135: Indra Cipta | F135: 0815 778 8865 | G135: indracipta65@gmail.com | H135: Haruming Laundry | I135: Kab. Sumedang | J135: Jl. Ir Soekarno KM 20. Jatinangor - Sumedang
A136: 132 | B136: 2022 | C136: Juni | D136: 5882 | E136: admin | F136: 085893553984 | G136: rohimlesmana55@gmail.com | H136: AMANDA LAUNDRY EXPRESS | I136: Kota Bekasi | J136: kp kamurang
A137: 133 | B137: 2022 | C137: Juni | D137: 5906 | E137: Arjuna Kusuma Firnawan | F137: 0811 1377 993 | H137: Java Laundry | I137: Kota Bekasi | J137: Jl H baron no 77B Jakasetia Bekasi Selatan
A138: 134 | B138: 2022 | C138: Juni | D138: 550 | E138: Saefurohman | F138: 0853 2022 1112 | G138: saefulrohman1991@gmail.com | H138: Shan Laundry/Shan Laundry Cibogo | I138: Kab. Subang | J138: Pertigaan Babakan Bandung - Cibogo - Subang
A139: 135 | B139: 2022 | C139: Juni | D139: 5922 | E139: Arinda | F139: 0812 8593 3172 | G139: priyantob4@gmail.com | H139: Qianna Laundry | I139: Kota Depok | J139: jalan inpres 1 rawageni
A140: 136 | B140: 2022 | C140: Juni | D140: 3046 | E140: anjas chevi mulyana | F140: 0813 1223 2020 | G140: kangchevi5@gmail.com | H140: Sabda Laundry | I140: Kab. Bandung Barat | J140: jl. somawinata no D18 pakusarakan
A141: 137 | B141: 2022 | C141: Juni | D141: 4768 | E141: Bambang Suharto | F141: 0816 715 364 | G141: mutiarasentul@gmail.com | H141: Mutiara Sentul Laundry/on line mutiara sentul laundry | I141: Kab. Bogor | J141: jl.raya citaringgul, kec. babakan madang, kab. bogor
A142: 138 | B142: 2022 | C142: Juli | D142: 6253 | E142: Yeni Johari | F142: 0821 2265 6967 | G142: yennysjouwke@gmail.com | H142: THE SHINE LAUNDRY | I142: Kab. Bogor | J142: Jl. Babakan Raya No.104 Dramaga Bogor
A143: 139 | B143: 2022 | C143: Juli | D143: 550 | E143: Saefurohman | F143: 0853 2022 1112 | G143: saefulrohman1991@gmail.com | H143: Shan Laundry/Shan Laundry Cibarola | I143: Kab. Subang | J143: Pertigaan Babakan Bandung - Cibogo - Subang
A144: 140 | B144: 2022 | C144: Juli | D144: 6307 | E144: Lariza Laundry Reborn | F144: 0813 8598944 | G144: larizalaundrybanjar@gmail.com | H144: lariza laundry | I144: Kota Banjar | J144: Perum Pintusinga Rt 6/18 No 4
A145: 141 | B145: 2022 | C145: Juli | D145: 6052 | E145: khanza laundry express 01 | F145: 08820087705037 | G145: kaffahaedar0@gmail.com | H145: khanza laundry Express | I145: Kab. Bekasi | J145: Kp Kukun rt 11/06 Ciantra cikarang selatan bekasi
A146: 142 | B146: 2022 | C146: Juli | D146: 1043 | E146: Toni Aswan | F146: 0852 9277 6692 | G146: toniaswan@gmail.com | H146: Home Laundree/Home Laundree Legokulon | I146: Kab. Subang | J146: Dusun Rancasari RT 05/03
A147: 143 | B147: 2022 | C147: Agustus | D147: 541 | E147: azzahra | F147: 089668228316 | G147: umuumair@gmail.com | H147: ummi laundry/IBU LAUNDRY | I147: Kab. Karawang | J147: perum bip blok de 19 no 1perum halim blok c14 no 8
A148: 144 | B148: 2022 | C148: Agustus | D148: 4867 | E148: Dhewor J | F148: 081223104987 | H148: laundry/RUMAH LAUNDRY | I148: Kota Depok | J148: bedahan sawangan Depok
A149: 145 | B149: 2022 | C149: Agustus | D149: 6486 | E149: yudhi | F149: 082122288052 | G149: find.me1924@gmail.com | H149: alfaro loundry (yudhi) | I149: Kota Bekasi | J149: jl. Bintaro Raya rt04 rw15 bulak perwira
A150: 146 | B150: 2022 | C150: Agustus | D150: 6045 | E150: Erhart Tobing | F150: 08125309996 | G150: blackspartan.laundry@gmail.com | H150: Black Spartan Laundry/Florence Laundry | I150: Kab. Bogor | J150: Jl. Raya Ciangsana No. 19 B, Ciangsana
A151: 147 | B151: 2022 | C151: Agustus | D151: 6442 | E151: Isep Ismayadi | F151: 0813 2020 2544 | H151: Klambi Laundry | I151: Kota Cirebon | J151: Komplek PDK
A152: 148 | B152: 2022 | C152: September | D152: 6899 | E152: Admin Cantik | F152: 089656932023 | G152: rewashbandung@gmail.com | H152: Washlab Setiabudi/WASHLAB 90MIN JARRDIN | I152: Kota Bandung | J152: Jl. Setiabudi No. 130 - 134 ( Blossom 4 ) Hegarmanah, Kec. Cidadap, Kota Bandung - 40141
A153: 149 | B153: 2022 | C153: September | D153: 6455 | E153: me | F153: 0895320477814 | G153: meiamelia070581@gmail.com | H153: me_laundry | I153: Kota Bandung | J153: JL. TITIRAN NO 10 ( depan danoufa hotel )
A154: 150 | B154: 2022 | C154: September | D154: 6899 | E154: Admin Cantik | F154: 089656932023 | G154: rewashbandung@gmail.com | H154: Washlab Setiabudi/SPOTLESS SMART LAUNDRY | I154: Kota Bandung | J154: Jl. Setiabudi No. 130 - 134 ( Blossom 4 ) Hegarmanah, Kec. Cidadap, Kota Bandung - 40141
A155: 151 | B155: 2022 | C155: Oktober | D155: 7090 | E155: Hernandia Kusumaputri | F155: 0819 5248 0222 | G155: cucisikat.id@gmail.com | H155: cucisikat.id | I155: Kota Bekasi | J155: Jl. Lumbu Barat Raya No.13, RT.005/RW.009
A156: 152 | B156: 2022 | C156: Oktober | D156: 7163 | E156: Restu Septiani | F156: 0813 8239 0544 | H156: BuBu Laundry | I156: Kab. Purwakarta | J156: kp. pamengpeuk
A157: 153 | B157: 2022 | C157: Oktober | D157: 7063 | E157: Humala Siagian | F157: 082111240408 | G157: humala.prio.ho@gmail.com | H157: WAL's LAUNDRY | I157: Kab. Bogor | J157: Perumahan Panorama Bali Residence Ruko Blok D No. 26 Jl. Putat Nutuv Ciseeng Bogor
A158: 154 | B158: 2022 | C158: Oktober | D158: 7120 | E158: WENNI MALLAROS HUTAHAEAN | F158: 0813 86105465 | G158: mamasuryati31@gmai.com | H158: UMMI LAUNDRY | I158: Kab. Karawang | J158: PERUMAHAN HALIM BLOK C4 NO7 CIKAMPEK
A159: 155 | B159: 2022 | C159: Oktober | D159: 1808 | E159: Titik | F159: 0813 14291590 | G159: titiksutiningsih123@gmail.com | H159: BERKAH LAUNDRY/BERKAH LAUNDRY RB | I159: Kota Bekasi | J159: Jl. Purigading Raya
A160: 156 | B160: 2022 | C160: Oktober | D160: 6994 | E160: HASTO PRIYO SAPUTRO | F160: 08989891187 | G160: saputro0110@gmail.com | H160: SINAR LAUNDRY | I160: Kab. Ciamis | J160: CIHAURBEUTI
A161: 157 | B161: 2022 | C161: Oktober | D161: 7061 | E161: Brushandwax Ciangsana | F161: 0821 1465 6432 | G161: brushandwaxciangsana@gmail.com | H161: brushandwax ciangsana | I161: Kab. Bogor | J161: Jl.Gn. Putri No.108,RT.02/RW.07Ciangsana, Kec.Gn.Putri , Kabupaten Bogor,Jawa Barat
A162: 158 | B162: 2022 | C162: Oktober | D162: 7081 | E162: Soekaer Jatiwaringin | F162: 0813 2599 1584 | G162: soekaerjtw@gmail.com | H162: Soekaer | I162: Kota Bekasi | J162: Jl. Raya Jatiwaringin No.81C
A163: 159 | B163: 2022 | C163: November | D163: 7434 | E163: nora purba | F163: 0821 1770 5506 | G163: marlamm2509@gmail.com | H163: AnuGrah laundry | I163: Kota Bekasi | J163: Jl. Pasar Kecapi No.34C, RT.002/RW.001, Jatiwarna
A164: 160 | B164: 2022 | C164: November | D164: 7437 | E164: ayu | F164: 0813 8938 0003 | G164: kiranisa30@gmail.com | H164: java laundry 2/Kireynisa Laundry | I164: Kota Bekasi | J164: jl. sawo jakasampurna bekasi barat
A165: 161 | B165: 2022 | C165: November | D165: 7486 | E165: Febby satryo | F165: 0859 7278 3734 | G165: iko.laundry@gmail.com | H165: iko laundry | I165: Kab. Bekasi | J165: Jln.papan mas raya tambun selatan
A166: 162 | B166: 2022 | C166: November | D166: 4723 | E166: Budi Santo | F166: 081286986164 | G166: dwilesatari09@gmail.com | H166: sahabat laundry / sultan laundry | I166: Kab. Karawang | J166: jln pertokoan stasiun cikampek nmr 2
A167: 163 | B167: 2022 | C167: November | D167: 7479 | E167: farhan alfatan | F167: 0821 25008245 | G167: rabbittank02@gmail.com | H167: juragan laundry | I167: Kab. Karawang | J167: kp.krajan1 ds.jayamukti kec.banyusari kab.karawang rt03/rw01
A168: 164 | B168: 2022 | C168: November | D168: 4723 | E168: Budi Santo | F168: 081286986164 | G168: dwilesatari09@gmail.com | H168: sahabat laundry/nyonya laundry cariu | I168: Kab. Karawang | J168: jln pertokoan stasiun cikampek nmr 2
A169: 165 | B169: 2022 | C169: Desember | D169: 7730 | E169: Fio | F169: 088213533742 | G169: nissaholisah915@gmail.com | H169: Audrey Laundry Express | I169: Kab. Bekasi | J169: jl.jatiwangi kp.cibarengkok RT 01 RW 02 Cikarang barat
A170: 166 | B170: 2022 | C170: Desember | D170: 7624 | E170: Nabila | F170: 0895 333545443 | H170: chingu | I170: Kota Bandung | J170: haji anwar no 10
A171: 167 | B171: 2022 | C171: Desember | D171: 7481 | E171: Nalasendja Muhammad | F171: 0818 0605 7152 | H171: Cozzy Laundry | I171: Kota Tasikmalaya | J171: Jalan Raya Batara
A172: 168 | B172: 2022 | C172: Desember | D172: 7858 | E172: Hanes Suharto | F172: 085714799300 | G172: bentbiru@gmail.com | H172: Hoki Laundry | I172: Kab. Bogor | J172: Perum Griya Bukit Jaya Blok H3A No.4Gunung Putri
A173: 169 | B173: 2023 | C173: Januari | D173: 4723 | E173: Budi Santo | F173: 081286986164 | G173: sahabatlaundrybaru@gmail.com | H173: sahabat laundry/ceuk mamah laundry | I173: Kab. Karawang | J173: jln pertokoan stasiun cikampek nmr 2
A174: 170 | B174: 2023 | C174: Januari | D174: 7573 | E174: ATP Laundry | F174: 0812 1900 0151 | G174: atp.laundry1@gmail.com | H174: ATP Laundry | I174: Kab. Bogor | J174: Jalan raya parung aleng rt.03 rw.03 cikeas - sukaraja
A175: 171 | B175: 2023 | C175: Januari | D175: 7975 | E175: SRI WAHYUNINGSIH | F175: 0812 1813 9554 | G175: ayoeni.84@gmail.com | H175: waroeng laundry/Cleans laundry | I175: Kab. Bekasi | J175: Kp. Blok I Ds.simpangan cikarang utara
A176: 172 | B176: 2023 | C176: Januari | D176: 6700 | E176: Admin | F176: 0812 8383 9219 | H176: Inas Anin Laundry/Inas Anin Laundry | I176: Kota Depok | J176: Jl. Curug Agung No. 3, RT 6, RW 10
A177: 173 | B177: 2023 | C177: Januari | D177: 7934 | E177: Fery Yanti | F177: 0812 1953 5499 | G177: laundryku5123@gmail.com | H177: Laundryku | I177: Kota Depok | J177: Jl. Pahlwan No. 9A RT 04/03 Cinangka Sawangan Depok
A178: 174 | B178: 2023 | C178: Januari | D178: 8068 | E178: Get Laundry Villa Pamulang | F178: 085773459383 | G178: intanpuspitasari21@gmail.com | H178: Get Laundry | I178: Kota Bogor | J178: Villa pamulang jl. pandu 1
A179: 175 | B179: 2023 | C179: Februari | D179: 8258 | E179: Lestari Aryaningsih | F179: 0818 0845 9470 | G179: vidinlaundry@yahoo.com | H179: VIDIN LAUNDRY | I179: Kab. Bekasi | J179: Ruko Vidin WaterspringsJl.Benda Raya No.99
A180: 176 | B180: 2023 | C180: Februari | D180: 7985 | E180: zea_aristya | F180: 085794097922 | G180: zea_aristya06@gmail.com | H180: laundry/Laundry Susukan | I180: Kab. Cirebon | J180: DS.susukan tonggoh kec. susukan lebak kab.cirebin
A181: 177 | B181: 2023 | C181: Februari | D181: 4896 | E181: Elisabeth P. Desiani | F181: 0896 39843456 | H181: Baladewa Laundry/Green Laundry 3 | I181: Kab. Karawang | J181: Jl. Menati 1 No.27 Puserjaya Kec. Telukjambe Timur Kab. Karawang
A182: 178 | B182: 2023 | C182: Februari | D182: 6700 | E182: Admin | F182: 0812 8383 9219 | H182: Inas Anin Laundry/Inas Anin Laundry #2 | I182: Kota Depok | J182: Jl. Curug Agung No. 3, RT 6, RW 10
A183: 179 | B183: 2023 | C183: Februari | D183: 4723 | E183: Budi Santo | F183: 081286986164 | G183: dwilesatari09@gmail.com | H183: sahabat laundry/akang cuan laundry | I183: Kab. Karawang | J183: jln pertokoan stasiun cikampek nmr 2
A184: 180 | B184: 2023 | C184: Februari | D184: 7229 | E184: Michael setligt | F184: 085724502934 | G184: pay2back@gmail.com | H184: BeeONE shoes Laundry | I184: Kota Bandung | J184: jl. merkuri utara V no 12 Margahayu Raya
A185: 181 | B185: 2023 | C185: Maret | D185: 8535 | E185: Hermina putri | F185: 0813 1587 4471 | G185: kitalaundryuk@gmail.com | H185: Kita Laundrt | I185: Kab. Bekasi | J185: Harapan indah blok CA no 9b,rt08/rw19,kel pejuang kec medan satria 17131
A186: 182 | B186: 2023 | C186: Maret | D186: 8444 | E186: Adin | F186: 081578078296 | G186: adincayank18@yahoo.com | H186: felicia londry/felicia londry | I186: Kab. Bekasi | J186: Cifest blok AB.49. desa ciantra.
A187: 183 | B187: 2023 | C187: Maret | D187: 8355 | E187: PA | F187: 0812 4190 8288 | H187: IAM LAUNDRY/ IAM LAUNDRY BP | I187: Kab. Bandung | J187: komp. Bumi Panyawangan, Jl Puspa Kencana, Cileunyi, kab Bandung, Jawa Barat
A188: 184 | B188: 2023 | C188: Maret | D188: 8551 | E188: AL Laundry | F188: 081932366072 | H188: AL LAUNDRY | I188: Kab. Bogor | J188: jl.alfalah cikaret samping TEGUK
A189: 185 | B189: 2023 | C189: Maret | D189: 4723 | E189: Budi Santo | F189: 081286986164 | G189: dwilesatari09@gmail.com | H189: sahabat laundry/omah laundry | I189: Kab. Karawang | J189: jln pertokoan stasiun cikampek nmr 2
A190: 186 | B190: 2023 | C190: Maret | D190: 8513 | E190: Dion | F190: 0812 9425 9596 | G190: catursukmaknt@gmail.com | H190: Dokter Cuci Laundry 2 | I190: Kab. Karawang | J190: Perumnas Bumi telukjambe Blok I No. 63
A191: 187 | B191: 2023 | C191: Maret | D191: 8330 | E191: Pribadi Hartono | F191: 0857 19311968 | G191: tonifeb1968@gmail.com | H191: Wash 2 Clean | I191: Kab. Bekasi | J191: Ruko Grand Wisata, Jl. Celebration Boulevard AA15 NO 39
...

Sheet Jawa Tengah
A1: PT PIPOSMART DIGITAL INDONESIA
A2: Laporan Nasabah Baru
A3: Tahun 2026
A4: Nomor | B4: Tahun Member | C4: Bulan | D4: Kode Owner | E4: Nama Owner | F4: No. Hp Owner | G4: Email | H4: Project/Outlet | I4: Kota | J4: Alamat
A5: 1 | B5: 2021 | C5: Juni | D5: 982 | E5: Amma M.S | F5: 0821 33471313 | G5: gajahbeach@gmail.com | H5: SNAPY LAUNDRY | I5: Kota Semarang | J5: Jl. Gajah raya no. 134 Gayamsari semarang
A6: 2 | B6: 2021 | C6: Juni | D6: 1283 | E6: Eldea | F6: 0896 7161 8415 | G6: eldea.indonesia@gmail.com | H6: ELDEA LAUNDRY/ We Clean We Care | I6: Kab. Wonosobo | J6: Gg kenari 320 rt.003 rw.005 Wonobungkah Jlamprang Wonosobo
A7: 3 | B7: 2021 | C7: Juni | D7: 989 | E7: Lilis Handayani | F7: 0877 8611 6755 | G7: nanangjunior232@gmail.com | H7: Junior laundry/JUNIOR LAUNDRY | I7: Kab. Sukoharjo | J7: jl.parangkesit , Ngruki 02/17 , cemani
A8: 4 | B8: 2021 | C8: Juni | D8: 998 | E8: Suwarty Tri | F8: 0815 7684 094 | G8: trisuwarty@gmail.com | H8: TU-TY laundry | I8: Kab. Cilacap | J8: jl.jambu 2 kalisabuk rt04rw01
A9: 5 | B9: 2021 | C9: Juli | D9: 1632 | E9: Ancala Sekar RM | F9: 0821 3322 9508 | G9: arenalaundrykendal@gmail.com | H9: ARENA LAUNDRY KLW | I9: Kab. Kendal | J9: kp. Podowaras Rt 2. Rw 1.⁸
A10: 6 | B10: 2021 | C10: Juli | D10: 1517 | E10: Rois Akbar Fauzi | F10: 0822 6666 6083 | G10: washlaundry178@gmail.com | H10: Wash.co | I10: Kota Semarang | J10: plamongan sari raya no 8
A11: 7 | B11: 2021 | C11: Juli | D11: 1486 | E11: Utami | F11: 0857 2769 5927 | G11: sihhutmi@gmail.com | H11: Utami Loundry | I11: Kab. Karanganyar | J11: Jl. adi sumarmo , malangjiwan colomadu
A12: 8 | B12: 2021 | C12: Agustus | D12: 2074 | E12: zidny | F12: 0858 77777631 | G12: zidni.assidiqi270214@gmail.com | H12: fast laundry | I12: Kota Tegal | J12: jl.hangtuah 48,
A13: 9 | B13: 2021 | C13: Agustus | D13: 688 | E13: lina | F13: 0813 90426472 | G13: charolinar@gmail.com | H13: Lentera laundry | I13: Kab. Semarang | J13: jl.kaligarang 306 ungaran barat
A14: 10 | B14: 2021 | C14: Agustus | D14: 738 | E14: Tiara | F14: 0878 3018 3355 | G14: dutalaundryklampok@gmail.com | H14: duta laundry klampok | I14: Kab. Brebes | J14: jln. manijah raya 02 Rt 12/04kec wanasari kab brebes
A15: 11 | B15: 2021 | C15: Agustus | D15: 1084 | E15: april | F15: 0877 7599 0475 | G15: saputra.ab@gmail.com | H15: Aisy Laundry | I15: Kab. Banyumas | J15: jalan beji no.10
A16: 12 | B16: 2021 | C16: Agustus | D16: 1829 | E16: Didik Adi Purnomo | F16: 0852 90439202 | G16: didikadipurnomo5@gmail.com | H16: Radist Laundry | I16: Kota Semarang | J16: Gergaji Balekambang Raya no 16
... A50: 46 | B50: 2022 | C50: Juli | D50: 6065 | E50: Queen Laundry | F50: 0856 0040 7334 | G50: laundrybots@gmail.com | H50: laundry bots | I50: Kota Semarang | J50: pusponjolo tengah raya
A51: 47 | B51: 2022 | C51: Agustus | D51: 6385 | E51: Wiwied | F51: 0812 2723 1200 | H51: MentaRi Anjelou | I51: Kota Semarang | J51: Bulusan Selatan VII RT 7 RW 5Perumahan Grand Diponegoro No.9
A52: 48 | B52: 2022 | C52: Agustus | D52: 6592 | E52: WOW LAUNDRY | F52: 0882008218200 | H52: w.o.w laundry/jl kapas timur 8G/1078 | I52: Kota Semarang | J52: jl k i.am faruqi 2 rt04/07 karang roto Genuk semarang timur
A53: 49 | B53: 2022 | C53: September | D53: 6941 | E53: Express Laundry | F53: 0821 3853 2352 | G53: express.laundry2019@gmail.com | H53: Express Laundry | I53: Kab. Pemalang | J53: Jl. Melati no. 38 Pekunden
A54: 50 | B54: 2022 | C54: Oktober | D54: 7313 | E54: iik | F54: 0812 2872 8000 | H54: LILY LAUNDRY/LILY LAUNDRY ARGOSARI | I54: Kota Salatiga | J54: JL. Argosari Raya No.7 Argomulyo Salatiga
A55: 51 | B55: 2022 | C55: Oktober | D55: 7313 | E55: iik | F55: 0812 2872 8000 | H55: LILY LAUNDRY/LILY LAUNDRY NAKULA | I55: Kota Salatiga | J55: JL. Argosari Raya No.7 Argomulyo Salatiga
A56: 52 | B56: 2022 | C56: November | D56: 7340 | E56: Kasir labuan suci | F56: 087890909755 | G56: lareslaundry@gmail.com | H56: Lares Laundry | I56: Kota Semarang | J56: jl. labuhan raya no 9
A57: 53 | B57: 2022 | C57: November | D57: 7485 | E57: Resik Wangi Bojongbata | F57: 0811 282 8797 | G57: resikwangi.bojongbata@gmail.com | H57: Resik Wangi Laundry/ Bojongbata | I57: Kab. Pemalang | J57: jl. Anggur no.22 Bojongbata
A58: 54 | B58: 2022 | C58: November | D58: 3929 | E58: SanSan | F58: 0812 32935438 | G58: kurniawantheresia@gmail.com | H58: Daily Wash Sragen/Superstar Laundry Koin Plumbungan | I58: Kab. Sragen | J58: Jl Raya Sukowati 176 Sragen
A59: 55 | B59: 2023 | C59: Januari | D59: 3316 | E59: herry kurniawan | F59: 0896 70982278 | G59: ratihherry7@gmail.com | H59: orchid laundry/STAR RENTAL | I59: Kota Salatiga | J59: jalan kemiri raya no 7 salatiga
A60: 56 | B60: 2023 | C60: Januari | D60: 7313 | E60: iik | F60: 0812 2872 8000 | H60: LILY LAUNDRY/anugerahrental | I60: Kota Salatiga | J60: JL. Argosari Raya No.7 Argomulyo Salatiga
A61: 57 | B61: 2023 | C61: Februari | D61: 3316 | E61: herry kurniawan | F61: 0896 70982278 | G61: ratihherry7@gmail.com | H61: orchid laundry/Orchid Laundry Pandansari | I61: Kota Salatiga | J61: jalan kemiri raya no 7 salatiga
A62: 58 | B62: 2023 | C62: Maret | D62: 7485 | E62: Resik Wangi Bojongbata | F62: 0811 282 8797 | G62: resikwangi.bojongbata@gmail.com | H62: Resik Wangi Laundry / Resik Wangi Banjardawa | I62: Kab. Pemalang | J62: jl. Anggur no.22 Bojongbata
A63: 59 | B63: 2023 | C63: Maret | D63: 8249 | E63: Novita Dyah Swastiningrum | F63: 0813 2631 1175 | G63: berkahlaundryAL@gmail.com | H63: Berkah Laundry Al Amin | I63: Kota Semarang | J63: Jl Bendungan no 23 Semarang
A64: 60 | B64: 2023 | C64: Maret | D64: 3929 | E64: SanSan | F64: 0812 32935438 | G64: kurniawantheresia@gmail.com | H64: Daily Wash Sragen/Superstar Laundry Koin Puro | I64: Kab. Sragen | J64: Jl Raya Sukowati 176 Sragen
A65: 61 | B65: 2023 | C65: Maret | D65: 8115 | E65: bavarian | F65: 0877 2284 7463 | G65: vaholic11@gmail.com | H65: princess/princess | I65: Kota Semarang | J65: karangrejo raya 30
A66: 62 | B66: 2023 | C66: April | D66: 8115 | E66: bavarian | F66: 0877 2284 7463 | G66: vaholic11@gmail.com | H66: princess/Princess laundry jangli | I66: Kota Semarang | J66: karangrejo raya 30
A67: 63 | B67: 2023 | C67: April | D67: 8115 | E67: bavarian | F67: 0877 2284 7463 | G67: vaholic11@gmail.com | H67: princess/Princess Clean Kauman | I67: Kota Semarang | J67: karangrejo raya 30
A68: 64 | B68: 2023 | C68: April | D68: 8613 | E68: Fajar Rohman | F68: 0812 1566 4887 | G68: fajarr128@gmail.com | H68: Delawu Laundry | I68: Kab. Sukoharjo | J68: Jl. Bengawan RT 04 RW 02 Nglawu Telukan Grogol Sukoharjo
A69: 65 | B69: 2023 | C69: April | D69: 4816 | E69: hermawan dwi susanto | F69: 0857 25235583 | G69: hermawandwisusanto99@gmail.com | H69: keisha laundry/KEISHA LAUNDRY #2 | I69: Kota Pekalongan | J69: kraton
A70: 66 | B70: 2023 | C70: April | D70: 8748 | E70: Nizar Trias Modani | F70: 0877 4447 0996 | G70: nizarmodani@gmail.com | H70: QAFF LAUNDRY EXPRESS | I70: Kab. Tegal | J70: Jl. Raya Lebaksiu - Kab. Tegal
A71: 67 | B71: 2023 | C71: Mei | D71: 8881 | E71: Latief | F71: 0821 9190 1440 | G71: noermalatief@gmail.com | H71: JOGAN LAUNDRY | I71: Kota Pekalongan | J71: Jalan Darma Bakti No 78
A72: 68 | B72: 2023 | C72: Mei | D72: 8912 | E72: 1 | F72: 0813 2963 2255 | G72: laundrybarsoc@gmail.com | H72: LaundryBar | I72: Kab. Sukoharjo | J72: Jl. Menco raya, ruko menco city no3
A73: 69 | B73: 2023 | C73: Mei | D73: 9053 | E73: Amey | F73: 085600574686 | G73: mzedishter@gmail.com | H73: BERKAH LAUNDRY | I73: Kota Semarang | J73: klero,RT 1.RW 1 kec.tengaran.kab.semarang
A74: 70 | B74: 2023 | C74: Mei | D74: 8848 | E74: Andreas Surya Wirawan SE | F74: 0881 01145 0876 | G74: suryawirawanandreas@gmail.com | H74: Tasha Laundry | I74: Kab. Pemalang | J74: perumahan taman mandiri blok B31 belakang toko material
A75: 71 | B75: 2023 | C75: Mei | D75: 8817 | E75: CHYNTIA LAUNDRY | F75: 081802390946 | H75: Chyntia Laundry | I75: Kota Semarang | J75: Jatisari indah blok A1 no. 15
A76: 72 | B76: 2023 | C76: Juni | D76: 9096 | E76: IVAN | F76: 0856 6901 6003 | G76: barokahlaundry6463@gmail.com | H76: BAROKAH | I76: Kab. Sukoharjo | J76: Jl. Pakis, Turi Baru
A77: 73 | B77: 2023 | C77: Juni | D77: 7409 | E77: Alie | F77: 0853 2911 9837 | G77: muhamalfin05@gmail.com | H77: Alvin laundry | I77: Kota Pekalongan | J77: jln papagan rt01/14 no 9kedungwuni pekalongan
A78: 74 | B78: 2023 | C78: Juni | D78: 9319 | E78: Anik Aqidah | F78: 0877 0004 0422 | H78: papa laundry | I78: Kota Surakarta | J78: mojosongo
A79: 75 | B79: 2023 | C79: Juni | D79: 8829 | E79: Ayu Hapsari | F79: 0898 4115646 | G79: ayufarrel15@gmail.com | H79: Ratu Laundry | I79: Kota Surakarta | J79: Jl. Ahmad Yani no.388 Kerten, Laweyan, Solo
A80: 76 | B80: 2023 | C80: Juli | D80: 8816 | E80: Danu Mey Kirono | F80: 082326351485 | H80: Kirana Laundry n Dry Cleaning | I80: Kab. Purwerejo | J80: Kedunglo Kemiri Purworejo
A81: 77 | B81: 2023 | C81: Juli | D81: 9379 | E81: Windarti Rahardjo | F81: 08161998464 | G81: windartirahardjo66@gmail.com | H81: Bella Vista Laundry | I81: Kab. Banyumas | J81: Jl. Supriyadi 88 Purwokerto
A82: 78 | B82: 2023 | C82: Juli | D82: 8457 | E82: lukman ardi | F82: 0857 8679 9828 | H82: friend shoes | I82: Kota Surakarta | J82: jl. srigunting V, gremet, manahan
A83: 79 | B83: 2023 | C83: Juli | D83: 9176 | E83: Albirru | F83: 082223118031 | G83: albirrulaundry@gmail.com | H83: Albirru Laundry | I83: Kota Semarang | J83: jl timoho raya no 24
A84: 80 | B84: 2023 | C84: Agustus | D84: 9815 | E84: Satriyo Budi Utomo | F84: 0818 08766216 | G84: kinglondry@gmail.com | H84: King Laundry/King Laundry | I84: Kota Surakarta | J84: jl.Honggowongso Solo
A85: 81 | B85: 2023 | C85: Agustus | D85: 9767 | E85: Princess | F85: 0819 33889551 | G85: putrinadilapss@gmail.com | H85: PRINCESS LAUNDRY/PRINCESS LAUNDRY | I85: Kota Semarang | J85: jl Timoho barat no 03 , Bulusan kota Semarang
A86: 82 | B86: 2023 | C86: Agustus | D86: 9815 | E86: Satriyo Budi Utomo | F86: 081808766216 | G86: King Laundry/Happy Laundry | H86: King Laundry/Happy Laundry | I86: Kota Surakarta | J86: jl.Honggowongso Solo
A87: 83 | B87: 2023 | C87: September | D87: 8877 | E87: khusnul khuluq | F87: 08562655354 | H87: selly laundry pekalongan | I87: Kota Pekalongan | J87: jl pelita 1 kradenan gang 3 perum buaran indah
A88: 84 | B88: 2023 | C88: September | D88: 9563 | E88: LANCAR JAYA LAUNDRY | F88: 0857 99855321 | G88: akhmad.saiin123@gmail.comd | H88: Lancar Jaya Laundry | I88: Kab. Cilacap | J88: Jalan Melati RT 01/08 Kuripan Kidul Kesugihan Cilacap 53274
A89: 85 | B89: 2023 | C89: September | D89: 8923 | E89: Taloks Rental Motor | F89: 085727444211 | H89: Taloks Rental Motor | I89: Kota Salatiga | J89: jl.domas salatiga
A90: 86 | B90: 2023 | C90: September | D90: 9950 | E90: ponpes nurul quran simo | F90: 0856 40787074 | H90: nurul quran laundry | I90: Kab. Boyolali | J90: simo
A91: 87 | B91: 2023 | C91: September | D91: 9758 | E91: Ajiputra | F91: 0877 81500085 | G91: icebonbon@yahoo.com | H91: Tjoetji/TJOETJI RAPIH & BERSIH | I91: Kota Surakarta | J91: solo
A92: 88 | B92: 2023 | C92: Oktober | D92: 7485 | E92: Resik Wangi Bojongbata | F92: 0811 282 8797 | G92: resikwangi.bojongbata@gmail.com | H92: Resik Wangi Laundry/Resik Wangi Wanarejan | I92: Kab. Pemalang | J92: jl. Anggur no.22 Bojongbata
A93: 89 | B93: 2023 | C93: Oktober | D93: 10207 | E93: Rina Sitohang | F93: 081224059138 | G93: rinasitohang920@gmail.com | H93: loundry | I93: Kab. Klaten | J93: No.KM.2,senden,Danguran,kec.Klaten selatankab. klaten, jawa tengah57426
A94: 90 | B94: 2023 | C94: Oktober | D94: 10257 | E94: Sokhib Sarifudin | F94: 085643077617 | G94: afaadalaundry@gmail.com | H94: Afaada Laundry | I94: Kab. Boyolali | J94: Bakalan, Tanduk, Ampel
A95: 91 | B95: 2023 | C95: Oktober | D95: 10200 | E95: Adam Kurniawan Rukmanto | F95: 089689326932 | G95: adamkurniawan93@gmail.com | H95: Ohana Laundry | I95: Kota Semarang | J95: Jl. Pekunden Tengah 1041A
A96: 92 | B96: 2023 | C96: Oktober | D96: 9767 | E96: Princess | F96: 081933889551 | G96: putrinadilapss@gmail.com | H96: PRINCESS LAUNDRY/jawara clean | I96: Kota Semarang | J96: jl Timoho barat no 03 , Bulusan kota Semarang
A97: 93 | B97: 2023 | C97: Desember | D97: 10751 | E97: Ira | F97: 082115545898 | H97: My Loundry | I97: Kota Semarang | J97: Jl. Mulawarman Selatan No. 118B
A98: 94 | B98: 2023 | C98: Desember | D98: 10709 | E98: Shaka Laundry | F98: 082313615414 | G98: shakalaundry0@gmail.com | H98: Shaka Laundry | I98: Kota Semarang | J98: jln bangetayu kulon rt 01 rw 03
A99: 95 | B99: 2023 | C99: Desember | D99: 5169 | E99: Ibu Presiden | F99: 0858 56908493 | G99: hadiid.hcl@gmail.com | H99: Moms Laundry/MOMmy Laundry Pinky | I99: Kab. Kendal | J99: Kaliwungu
A100: 96 | B100: 2024 | C100: Januari | D100: 3316 | E100: herry kurniawan | F100: 089670982278 | G100: ratihherry7@gmail.com | H100: orchid laundry/KURNIA RENTAL | I100: Kota Salatiga | J100: jalan kemiri raya no 7 salatiga
A101: 97 | B101: 2024 | C101: Februari | D101: 11171 | E101: ADMIN | F101: 0895640490044 | G101: mnataliakms@gmail.com | H101: Utama Laundry | I101: Kota Semarang | J101: Jl. Wonodri Sendang Raya 15B
A102: 98 | B102: 2024 | C102: Februari | D102: 11234 | E102: Larasati Novita | F102: 089528680001 | G102: larasatinovita400@gmail.com | H102: Mrs. Clean | I102: Kota Semarang | J102: jl gajah raya no 130A
A103: 99 | B103: 2024 | C103: Februari | D103: 11054 | E103: fi | F103: 0882006754700 | H103: wow...fi laundry/WOW FI LAUNDRY | I103: Kota Semarang | J103: JL.GEMAH RAYA NO.12B
A104: 100 | B104: 2024 | C104: Februari | D104: 7313 | E104: iik | F104: 081228728000 | H104: LILY LAUNDRY/BLESS RENTAL | I104: Kota Salatiga | J104: Jl. Kh Muhidin Kp. Bulak Poncol Kel. Kencana Kec. Tanah Sareal Kota Bogor RT 1 RW 5
A105: 101 | B105: 2024 | C105: Februari | D105: 8848 | E105: Andreas Surya Wirawan SE | F105: 0881011450876 | G105: suryawirawanandreas@gmail.com | H105: Tasha Laundry/JT LAUNDRY | I105: Kab. Pemalang | J105: jl. A Riyanto Sumampir
A106: 102 | B106: 2024 | C106: Maret | D106: 11472 | E106: Andi Wijaya | F106: 081914347054 | H106: love clean | I106: Kota Semarang | J106: gajah raya 142b
A107: 103 | B107: 2024 | C107: Maret | D107: 11550 | E107: Tyas Laundry | F107: 081219900075 | G107: aden.setiyawan05@gmail.com | H107: Tyas Laundry | I107: Kab. Banyumas | J107: Jl.Gunung Muria No.7 Grendeng, Purwokerto Utara
A108: 104 | B108: 2024 | C108: April | D108: 11644 | E108: panda laundry | F108: 081802677775 | G108: pandalaundry757@gmail.com | H108: panda laundry | I108: Kota Semarang | J108: pekunden tengah 1041A,semarang
A109: 105 | B109: 2024 | C109: April | D109: 11881 | E109: albirru laundry | F109: 082221110314 | G109: albirrulaundry@gmail.com | H109: albirru laundry | I109: Kota Semarang | J109: jalan timoho raya no.24
A110: 106 | B110: 2024 | C110: April | D110: 1879 | E110: BOY ARLAN | F110: 085290006780 | G110: boyaarlan89@gmail.com | H110: GRHA LAUNDRY | I110: Kab. Pekalongan | J110: GRAHA NAYA RESIDENCE E.11 KAMPIL WIRADESA PEKALONGAN
A111: 107 | B111: 2024 | C111: Mei | D111: 12041 | E111: Tuti Laundry | F111: 089520997841 | G111: tutilaundry2@gmail.com | H111: Tuty laundry | I111: Kab. Cilacap | J111: jl.lele rt03/5 Menganti kec.kesugihan kab.cilacap
A112: 108 | B112: 2024 | C112: Mei | D112: 11954 | E112: rizki fajar Kurniawan | F112: 085700372783 | G112: rizkifk46@gmail.com | H112: JR laundry syar'i/JR laundry ekspres | I112: Kab. Klaten | J112: popongan Rt1 Rw3,tegalgondo,klaten
A113: 109 | B113: 2024 | C113: Mei | D113: 9767 | E113: Princess | F113: 081933889551 | G113: putrinadilapss@gmail.com | H113: PRINCESS LAUNDRY/laundry princes | I113: Kota Semarang | J113: jl Timoho barat no 03 , Bulusan kota Semarang
A114: 110 | B114: 2024 | C114: Mei | D114: 3316 | E114: herry kurniawan | F114: 089670982278 | G114: ratihherry7@gmail.com | H114: orchid laundry/JASMINE LAUNDRY | I114: Kota Salatiga | J114: Jalan Kemiri Barat Salatiga
A115: 111 | B115: 2024 | C115: Juni | D115: 12181 | E115: Lina Dwi hati | F115: 081325417100 | G115: dwihatilina@gmail.com | H115: Mbah Ringgo Laundry | I115: Kab. Karanganyar | J115: Jl. Solo-Sragen km.5 palur (depan palur plaza)
A116: 112 | B116: 2024 | C116: Juni | D116: 7313 | E116: iik | F116: 081228728000 | H116: LILY LAUNDRY/LILY LAUNDRY TEGALREJO | I116: Kota Salatiga | J116: Jl Tegalrejo Raya
A117: 113 | B117: 2024 | C117: Juni | D117: 9563 | E117: LANCAR JAYA LAUNDRY | F117: 085799855321 | G117: akhmad.saiin123@gmail.comd | H117: Lancar Jaya Laundry/LANCAR JAYA LAUNDRY SUBANG | I117: Kab. Cilacap | J117: Jln Raya Sukamulya-Cibogo No 17 Kp Cipaku Ds Cibogo
A118: 114 | B118: 2024 | C118: Juli | D118: 8912 | E118: Fiorentino | F118: 081329632255 | G118: laundrybarsoc@gmail.com | H118: LaundryBar/LaundryBar - MANAHAN | I118: Kab. Sukoharjo | J118: Jl. MT Haryono No.64
A119: 115 | B119: 2024 | C119: Juli | D119: 12730 | E119: Kei Laundry | F119: 085659033978 | G119: keilaundry10@gmail.com | H119: laundry | I119: Kab. Sukoharjo | J119: Jl Kartasura - Sambon No.41, Dusun I, Pucangan, Kec. kartasura, Kabupaten Sukoharjo, Jawa Tengah, 57168.
A120: 116 | B120: 2024 | C120: Juli | D120: 8115 | E120: bavarian | F120: 087722847463 | G120: vaholic11@gmail.com | H120: princess/princess laundry banjarsari | I120: Kota Semarang | J120: karangrejo raya 30
A121: 117 | B121: 2024 | C121: Agustus | D121: 7313 | E121: iik | F121: 081228728000 | H121: LILY LAUNDRY/LILY LAUNDRY KEMIRI | I121: Kota Salatiga | J121: jl.kemiri barat salatiga
A122: 118 | B122: 2024 | C122: Agustus | D122: 13137 | E122: veronica | F122: 08112648077 | G122: kremesayammalioboro@gmail.com | H122: PRIVATE LOUNDRY | I122: Kab. Sukoharjo | J122: Perum Gading Permai AH 1D Grogol
A123: 119 | B123: 2024 | C123: Agustus | D123: 12492 | E123: Ikhsantiko Aswianto | F123: 085161677167 | G123: iaswianto@gmail.com | H123: Kumbahin | I123: Kota Magelang | J123: Sanden, Magelang
A124: 120 | B124: 2024 | C124: Agustus | D124: 12636 | E124: Farida Salsabila | F124: 085642673566 | G124: coastoceanlaundry@gmail.com | H124: Coast Ocean Laundry | I124: Kab. Batang
A125: 121 | B125: 2024 | C125: September | D125: 11644 | E125: panda laundry | F125: 081802677775 | G125: pandalaundry757@gmail.com | H125: panda laundry/panda laundry petempen | I125: Kota Semarang | J125: pekunden tengah 1041A,semarang
A126: 122 | B126: 2024 | C126: Oktober | D126: 13526 | E126: DoTuman laundry | F126: 085292103121 | G126: kritingj93@gmail.com | H126: laundry | I126: Kab. Batang | J126: denasri kulon Rt. 03 Rw. 03 Kec./Kab. Batang
A127: 123 | B127: 2024 | C127: Oktober | D127: 10207 | E127: Rina Sitohang | F127: 081224059138 | G127: rinasitohang920@gmail.com | H127: loundr/laundry danguran | I127: Kab. Klaten | J127: jln. ki pandaran No.KM.2,senden,Danguran,kec.Klaten selatankab. klaten, jawa tengah57426
A128: 124 | B128: 2024 | C128: Oktober | D128: 13503 | E128: Badruddin | F128: 085281456556 | G128: teraslaundry506@gmail.com | H128: Teras Laundry | I128: Kab. Jepara | J128: jalan raya mayong - pancur km 1
A129: 125 | B129: 2024 | C129: Oktober | D129: 13566 | E129: DoTuman Laundry | F129: 085700446229 | G129: dotumanlaundry@gmail.com | H129: laundry | I129: Kab. Batang | J129: wuni subah jateng
A130: 126 | B130: 2024 | C130: Oktober | D130: 3316 | E130: herry kurniawan | F130: 089670982278 | G130: ratihherry7@gmail.com | H130: orchid laundr/THALIA LAUNDRY | I130: Kota Salatiga | J130: jalan kemiri raya no 7 salatiga
A131: 127 | B131: 2024 | C131: Desember | D131: 13940 | E131: Lukman Al Hakim | F131: 088215766786 | G131: alhakimlukman725@gmail.com | H131: Ankabouth Laundry Karpet Boyolali | I131: Kab. Boyolali | J131: PP Dawar rt 1 rw 3 manggis mojosongo boyolali
A132: 128 | B132: 2024 | C132: Desember | D132: 14009 | E132: Ade | F132: 08980930777 | G132: anytimelaundry.id@gmail.com | H132: Anytime Laundry | I132: Kota Semarang | J132: Imam Bonjol 46A Semarang
A133: 129 | B133: 2024 | C133: Desember | D133: 9096 | E133: Jafar | F133: 6281329415085 | G133: barokahlaundry6463@gmail.com | H133: BAROKAH/Barokah Laundry | I133: Kab. Sukoharjo | J133: Jl. Pakis No.20, Turi Baru, Cemani, Grogol
...

Sheet Jawa Timur
A1: PT PIPOSMART DIGITAL INDONESIA
A2: Laporan Nasabah Baru
A3: Tahun 2026
A4: Nomor | B4: Tahun Member | C4: Bulan | D4: Kode Owner | E4: Nama Owner | F4: No. Hp Owner | G4: Email | H4: Project/Outlet | I4: Kota | J4: Alamat
A5: 1 | B5: 2021 | C5: Mei | D5: 1021 | E5: Ety Dwi Wahyuni | F5: 0813 3166 2347 | G5: etydwiwahyuni@gmail.com | H5: AKAS LAUNDRY | I5: Kota Mojokerto | J5: Jl. Pendidikan 46 Rt/Rw 03/02Pulowetan Pulorejo Mojokerto
A6: 2 | B6: 2021 | C6: Mei | D6: 490 | E6: Hermawan Yudhistiro | F6: 0853 3537 6949 | G6: adhiwasta@gmail.com | H6: C to C Laundry | I6: Kab. Nganjuk | J6: Jl.Wilis No.57A Jarakan - Kramat - Nganjuk( DEPAN INDOMARET JARAKAN )
A7: 3 | B7: 2021 | C7: Mei | D7: 844 | E7: Johan lie | F7: 0813 9321 9994 | G7: qc.laundrysby@gmail.com | H7: quick clean laundry | I7: Kota Surabaya | J7: ruko galeria RA3 no10
A8: 4 | B8: 2021 | C8: Mei | D8: 611 | E8: Nasta | F8: 0851 0140 5051 | G8: nastainmuhaimin82@gmail.com | H8: umba dw/Umba DW Loundry | I8: Kota Mojokerto | J8: jl penanggungan no 69 mojokerto
A9: 5 | B9: 2021 | C9: Juni | D9: 1077 | E9: Admin1 | F9: 0896 7785 3403 | G9: harunarkbentrek@gmail.com | H9: arr laundry | I9: Kab. Sidoarjo | J9: Ds. Bendotretek Rt.04 Rw.01 kec. prambon kab. sidoarjo
A10: 6 | B10: 2021 | C10: Juni | D10: 943 | E10: Leli | F10: 0896 8517 8777 | G10: asfah3166@gmail.com | H10: LAUNDRY 77 | I10: Kota Surabaya | J10: JL.Wonosari wetan baru 11 pertigaan jalan .
A11: 7 | B11: 2021 | C11: Juli | D11: 975 | E11: Ayun | F11: 081336597596 | G11: griya.laundry.banyuwangi@gmail.com | H11: Griya Laundry Banyuwangi/Griya Laundry Express Banyuwangi | I11: Kab. Banyuwangi | J11: Jl. Sutawijaya Perum Pakis Jalio Blok D.28 Sumberrejo-Banyuwangi
A12: 8 | B12: 2021 | C12: Juli | D12: 1509 | E12: SUSY | F12: 0815 4609 5745 | G12: nasyaghanie@gmail.com | H12: Laundry Mart/Hitam Putih Laundry | I12: Kota Surabaya | J12: jl. Dupak Bangunsari I no 22
A13: 9 | B13: 2021 | C13: Agustus | D13: 1962 | E13: Waskito Agung Asmoro | F13: 0813 59079698 | G13: okelaundry3@gmail.com | H13: Oke Laundry | I13: Kab. Mojokerto | J13: Jl. Jatikulon no.53 Mojokerto
A14: 10 | B14: 2021 | C14: September | D14: 2163 | E14: rekso utomo | F14: 0823 36584713 | G14: kaylafresh57@gmail.com | H14: kayla fresh laundry/kayla fresh laundry 1 | I14: Kab. Sidoarjo | J14: ds kraton rt 12 rw 03kec.krian kab.sidoarjo
A15: 11 | B15: 2021 | C15: September | D15: 2176 | E15: Hendra Setiawan | F15: 089522568733 | G15: hendrasetiawan220399@gmail.com | H15: Laundry Trijaya | I15: Kab. Sumenep | J15: Jl. KH. Agus Salim Kepanjin, Kota Sumenep
A16: 12 | B16: 2021 | C16: September | D16: 2481 | E16: azizah | F16: 088 235812400 | G16: ajijahlailatul93@gmail.com | H16: belalaundry/Bella Laundry | I16: Kab. Malang | J16: jl. raya katangjuwet
... A65: 61 | B65: 2022 | C65: Mei | D65: 4343 | E65: Herlan Subandono | F65: 816 34425180 | G65: kendilwashingclinic@gmail.com | H65: Kendil Washing Clinic/Gresik Kota Baru | I65: Kab. Gresik | J65: jln. banjarmadin no 18 Perumahan Gresik Kota Baru
A66: 62 | B66: 2022 | C66: Mei | D66: 5285 | E66: GIGALAUNDRY | F66: 0812 3255 5964 | H66: giga laundry | I66: Kab. Sidoarjo | J66: perum Grand Masangan B2/20
A67: 63 | B67: 2022 | C67: Mei | D67: 5762 | E67: Rica Yena | F67: 0813 3609 7751 | G67: yenai5387@gmail.com | H67: X- Laundry/ X- Clusive Laundry | I67: Kab. Bangkalan | J67: Perum Ar Royan Blok C no 10
A68: 64 | B68: 2022 | C68: Mei | D68: 5848 | E68: novi indrawati | F68: 0812 3443 4374 | H68: CUBER | I68: Kota Malang | J68: kota malang
A69: 65 | B69: 2022 | C69: Juni | D69: 4343 | E69: Herlan Subandono | F69: 819 34425180 | G69: kendilwashingclinic@gmail.com | H69: Kendil Washing Clinic / Pondok Permata Suci | I69: Kab. Gresik | J69: jln. banjarmadin no 18 Perumahan Gresik Kota Baru
A70: 66 | B70: 2022 | C70: Juni | D70: 4343 | E70: Herlan Subandono | F70: 817 34425180 | G70: kendilwashingclinic@gmail.com | H70: Kendil Washing Clinic/Perum Bunder Asri | I70: Kab. Gresik | J70: jln. banjarmadin no 18 Perumahan Gresik Kota Baru
A71: 67 | B71: 2022 | C71: Juni | D71: 6022 | E71: Rahmawati Rahayu | F71: 0822 7711 4449 | G71: rammarahayu@gmail.com | H71: LAUNDRY IN SAJA | I71: Kota Pasuruan | J71: Jalan erlangga no 37, kota pasuruan
A72: 68 | B72: 2022 | C72: Juni | D72: 4535 | E72: mia | F72: 0823 3355 9797 | G72: miawwww@gmail.com | H72: Laundry Karpet Kediri | I72: Kota Kediri | J72: JL. SMA 6 No 76 Ngasinan Kota Kediri
A73: 69 | B73: 2022 | C73: Juni | D73: 6031 | E73: intan tiketing | F73: 0857 3032 1522 | G73: intan.tiketing@gmail.com | H73: GOKIL/KilaT Loundry | I73: Kota Surabaya | J73: ploso baru no. 18
A74: 70 | B74: 2022 | C74: Juli | D74: 6285 | E74: Wawan | F74: 0895 2267 6707 | H74: ASSA LAUNDRY | I74: Kota Madiun | J74: Jl. Tawangsari No.61
A75: 71 | B75: 2022 | C75: Agustus | D75: 4918 | E75: Ghania Azkadina | F75: 0822 31162434 | G75: medsosibnu@gmail.com | H75: SunLaundryExpress/LONDREQU EXPRESS JBR2 | I75: Kab. Jember | J75: https://maps.app.goo.gl/4T1UUDx4snf2VtTd6
A76: 72 | B76: 2022 | C76: Agustus | D76: 3848 | E76: Hetti Pramita | F76: 0823 37602030 | G76: hettipramitaartasari@gmail.com | H76: ANNaz Laundry/ANNaz Laundry 02 | I76: Kab. Banyuwangi | J76: sepanjang kulon
A77: 73 | B77: 2022 | C77: Agustus | D77: 6348 | E77: Loundry Sumi88 | F77: 0812 9760 5696 | G77: loundrysumi88@gmail.com | H77: Loundry Sumi88 | I77: Kab. Gresik | J77: Jl.Peganden Raya
A78: 74 | B78: 2022 | C78: September | D78: 4777 | E78: Priyanti | F78: 0813 36721477 | G78: alif.tct@gmail.com | H78: AA LAUNDRY JEMBER | I78: Kab. Jember | J78: Jl.Semeru , Pancakarya , Ajung - Jember
A79: 75 | B79: 2022 | C79: September | D79: 4277 | E79: Reeza MC | F79: 0878 08007888 | G79: dir.laundry@gmail.com | H79: dir Laundry & Dry Clean/dir Laundry & Dry Clean 2 | I79: Kab. Sidoarjo | J79: Jl. Randu Asri RT.26/RW.06 Pagerwojo, Buduran Sidoarjo
A80: 76 | B80: 2022 | C80: September | D80: 6611 | E80: SISMA BISNIS | F80: 087859102617 | G80: sismabisnis@gmail.com | H80: SISMA CLEAN/SISMA CLEAN 3 | I80: Kota Malang | J80: Jl. Sumbersari
A81: 77 | B81: 2022 | C81: Oktober | D81: 5147 | E81: Galuh Purnama | F81: 082141541232 | G81: Galuhpurnama328@gmail.com | H81: ABAH LAUNDRY/ABAH LAUNDRY DOMAS | I81: Jawa Timur | J81: jl. raya pelemwatu menganti gresik
A82: 78 | B82: 2022 | C82: Oktober | D82: 4343 | E82: Herlan Subandono | F82: 814 34425180 | G82: kendilwashingclinic@gmail.com | H82: Kendil Washing Clinic / Special Service | I82: Kab. Gresik | J82: jln. banjarmadin no 18 Perumahan Gresik Kota Baru
A83: 79 | B83: 2022 | C83: Desember | D83: 7674 | E83: Dwi | F83: 085748851449 | G83: cheru454@gmail.com | H83: Pink Laundry/Laundry SHOW | I83: Kab. Nganjuk | J83: Cerme, Pace Kab. Nganjuk
A84: 80 | B84: 2022 | C84: Desember | D84: 4960 | E84: rima diana | F84: 08563320900 | G84: rimadiana@gmail.com | H84: FRESH LAUNDRY | I84: Kab. Trenggalek | J84: Desa Slawe
A85: 81 | B85: 2022 | C85: Desember | D85: 7815 | E85: Varika Khusna | F85: 081331702536 | G85: varikakhusna@gmail.com | H85: MBOK E LAUNDRY | I85: Kota Blitar | J85: JL. MUSI BARAT NO 45 DAWUHAN KOTA BLITAR
A86: 82 | B86: 2022 | C86: Desember | D86: 7627 | E86: aurora laundry | F86: 081567989414 | H86: aurora laundry | I86: Kota kediri | J86: jalan sumber jiput 28A
A87: 83 | B87: 2023 | C87: Januari | D87: 3848 | E87: Hetti Pramita | F87: 0823 37602030 | G87: hettipramitaartasari@gmail.com | H87: ANNaz Laundry/ANNaz Laundry 03 | I87: Kab. Banyuwangi | J87: sepanjang kulon
A88: 84 | B88: 2023 | C88: Januari | D88: 6488 | E88: Nita | F88: 082230005856 | G88: nitapurwaningsih83@gmail.com | H88: DETERGENT LAUNDRY | I88: Kota Madiun | J88: jl pilang darma no 6f pilangbango madiun
A89: 85 | B89: 2023 | C89: Januari | D89: 7885 | E89: Frenki Hardjono | F89: 081231358968 | G89: hardonofrenki858@gmail.com | H89: rejeki laundry | I89: Kota Surabaya | J89: jl. kampung malang tengah 1 no.1b
A90: 86 | B90: 2023 | C90: Februari | D90: 8248 | E90: Adib Muqosis | F90: 0857 46676 6017 | G90: adibcoy.1984@gmail.com | H90: JADID LAUNDRY | I90: Kab. Lamongan | J90: Jl. Simpang Poros No. 48 RT. 02 RW. 01
A91: 87 | B91: 2023 | C91: Februari | D91: 4343 | E91: Herlan Subandono | F91: 815 34425180 | G91: kendilwashingclinic@gmail.com | H91: Kendil Washing Clinic / Perumahan Pongangan Indah | I91: Kab. Gresik | J91: jln. banjarmadin no 18 Perumahan Gresik Kota Baru
A92: 88 | B92: 2023 | C92: Februari | D92: 6611 | E92: SISMA BISNIS | F92: 087859102617 | G92: sismabisnis@gmail.com | H92: SISMA CLEAN/SISMA CLEAN 1 | I92: Kota Malang
A93: 89 | B93: 2023 | C93: Februari | D93: 8395 | E93: Mitra Laundry | F93: 081226415187 | G93: mitralaundry9@gmail.com | H93: Mitra Laundry | I93: Kota Kediri | J93: sukorame
A94: 90 | B94: 2023 | C94: Mei | D94: 8581 | E94: PP AL-MALIKY | F94: 0895 33377 6363 | G94: indra18@alqolam.ac.id | H94: SuWa Laundry | I94: Kab. Malang | J94: jl sumber waras RT 12 RW 02 desa ganjaran
A95: 91 | B95: 2023 | C95: Juni | D95: 9421 | E95: Arief Suparto | F95: 0816 1932 679 | H95: rejeki loundry | I95: Kota Surabaya | J95: kampung malang tengah
A96: 92 | B96: 2023 | C96: Juni | D96: 9247 | E96: Nawaputra | F96: 0822 2995 0095 | G96: loondryman.sub@gmail.com | H96: Loondryman Kebonsari | I96: Kota Surabaya | J96: Kebonsari Tengah No 89
A97: 93 | B97: 2023 | C97: Juni | D97: 4343 | E97: Herlan Subandono | F97: 818 34425180 | G97: kendilwashingclinic@gmail.com | H97: Kendil Washing Clinic/Dahanrejo | I97: Kab. Gresik | J97: jln. banjarmadin no 18 Perumahan Gresik Kota Baru
A98: 94 | B98: 2023 | C98: Juli | D98: 9179 | E98: 4SDR | F98: 085731010515 | G98: berkahlaundry2@gmail.com | H98: BERKAH LAUNDRY | I98: Kab. Gresik | J98: Jl. poros Peganden ManyarDEPAN TOKO BANGUNAN AVIA PEGANDEN, MANYAR
A99: 95 | B99: 2023 | C99: Agustus | D99: 4343 | E99: Herlan Subandono | F99: 0812 34425180 | G99: kendilwashingclinic@gmail.com | H99: Kendil Washing Clinic / Ahmad Yani | I99: Kab. Gresik | J99: jln. banjarmadin no 18 Perumahan Gresik Kota Baru
A100: 96 | B100: 2023 | C100: Agustus | D100: 9360 | E100: rusda lutfiah | F100: 0812 49123952 | G100: izzuli370@gmail.com | H100: izzul laundry express 3 jam | I100: Kab. Sidoarjo | J100: jl.h.syukur rt17 rw 08 sedati gede - sedati - sidoarjo
A101: 97 | B101: 2023 | C101: Agustus | D101: 5080 | E101: Ayik 16 | F101: 0812 99083502 | G101: estehanaknegeri16@gmail.com | H101: Sahabat Laundry 16/Sahabat Laundry 16 Setro | I101: Kota Surabaya | J101: Jl. Bulak Rukem Timur 2C No. 16 Surabaya
A102: 98 | B102: 2023 | C102: September | D102: 9934 | E102: Yudhistira Ardi | F102: 0811 3789987 | H102: Shoe Clean | I102: Kab. Sidoarjo | J102: Griya permata gedangan blok M3 no 1B
A103: 99 | B103: 2023 | C103: September | D103: 10035 | E103: Yuni indri | F103: 0852 59201497 | G103: yuniindri63@gmail.com | H103: DYS Laundry Card | I103: Kab. Sidoarjo | J103: Jl. Jatisari 2/6 Pepelegi - Waru - Sidoarjo
A104: 100 | B104: 2023 | C104: September | D104: 9978 | E104: Heny Nuraini | F104: 0812 98927000 | G104: dequeen239@gmail.com | H104: De'Queen | I104: Kab. Lamongan | J104: jln.sunan drajad 239
A105: 101 | B105: 2023 | C105: November | D105: 7157 | E105: BERKAH LAUNDRY | F105: 087723823339 | G105: bmwlaundry28@gmail.com | H105: BMW LAUNDRY/BERKAH LAUNDRY | I105: Kab. Gresik | J105: jl. poros peganden no. 41 Manyar Gresik
A106: 102 | B106: 2023 | C106: November | D106: 10519 | E106: Bestie Laundry | F106: 082141996221 | G106: ninna.doddo@gmail.com | H106: BESTIE LAUNDRY | I106: Kab. Kediri | J106: Ruko Depan Pasar Kweden, Jalan Masjid Kweden, Karangrejo, Ngasem, Kediri
A107: 103 | B107: 2024 | C107: Januari | D107: 9573 | E107: Malik Maulana | F107: 081332302835 | H107: AUREL LAUNDRY | I107: Kota Surabaya | J107: Kedurus Dukuh 1 no 63
A108: 104 | B108: 2024 | C108: Januari | D108: 3848 | E108: Hetti Pramita | F108: 082337602030 | G108: hettipramitaartasari@gmail.com | H108: ANNaz Laundry/ANNaz Laundry 04 | I108: Kab. Banyuwangi | J108: sepanjang kulon
A109: 105 | B109: 2024 | C109: Januari | D109: 10965 | E109: Laundry's 88 | F109: 081334374070 | G109: iasa.alfia@icloud.com | H109: Laundry's 88 | I109: Kota Surabaya | J109: Ruko palma galleria RB 01/15 , Citraland Utara - Surabaya
A110: 106 | B110: 2024 | C110: Januari | D110: 4001 | E110: Ayu | F110: 082141060807 | G110: ayudwiyanti21@gmail.com | H110: Buka Laundry K8 | I110: Kab. Kediri | J110: Perumahan Pesona Jingga Residence Blok K8 Kecamatan Gampengrejo Kabupaten Kediri
A111: 107 | B111: 2024 | C111: Februari | D111: 3672 | E111: surani | F111: 081252773583 | G111: laundry95701@gmail.com | H111: RANI LAUNDRY SYAR'I MALANG | I111: Kota Malang | J111: jl raya Kebonsari no 7 RT 03/01
A112: 108 | B112: 2024 | C112: Maret | D112: 10682 | E112: Pandapotan | F112: 0811301039 | G112: tuntaslaundrytenggumung@gmail.com | H112: TUNTAS TENGGUMUNG/TUNTAS COIN LAUNDRY KUPANG | I112: Kota Surabaya | J112: Jl.Tenggumung Karya Lor No.53
A113: 109 | B113: 2024 | C113: Maret | D113: 11691 | E113: Indah | F113: 082330020181 | H113: Trika Laundry | I113: Kota Pasuruan | J113: Kompleks Pertokoan Depan Perumahan Nuansa Candi 4 Petahunan, Gadingrejo Kota Pasuruan
A114: 110 | B114: 2024 | C114: Maret | D114: 10682 | E114: Pandapotan | F114: 0811301039 | G114: tuntaslaundrytenggumung@gmail.com | H114: TUNTAS TENGGUMUNG/TUNTAS LAUNDRY SIKUMANA | I114: Kota Surabaya | J114: Jl.Tenggumung Karya Lor No.53
A115: 111 | B115: 2024 | C115: April | D115: 11240 | E115: Admin 1 | F115: 085171614119 | G115: sitifatimah111989@gmail.com | H115: Aya laundry | I115: Kab. Banyuwangi | J115: jl.raya pasar Glenmore perumahan partika residence(Belakang apotik Glenmore)
A116: 112 | B116: 2024 | C116: Mei | D116: 11693 | E116: Fitriya | F116: 089681065730 | G116: fitriamasruroh5@gmail.com | H116: Ruang Laundry | I116: Kab. Tulungagung | J116: Bendil Panggungrejo Tulungagung
A117: 113 | B117: 2024 | C117: Mei | D117: 5762 | E117: Rica Yena | F117: 081336097751 | G117: yenai5387@gmail.com | H117: X- Laundry/Chayra Laundry | I117: Kab. Bangkalan | J117: Jl raya telang
A118: 114 | B118: 2024 | C118: Juni | D118: 12111 | E118: Leman | F118: 081217618317 | G118: lemanmaz17@gmail.com | H118: ISLAH LAUNDRY | I118: Kota Surabaya | J118: jl Sukolilo Larangan Sukolilo Baru kec Bulak kota Surabaya
A119: 115 | B119: 2024 | C119: Juni | D119: 10682 | E119: Pandapotan | F119: 0811301039 | G119: tuntaslaundrytenggumung@gmail.com | H119: TUNTAS TENGGUMUNG/TUNTAS MENGANTI | I119: Kota Surabaya | J119: Jl.Tenggumung Karya Lor No.53
A120: 116 | B120: 2024 | C120: Juli | D120: 12449 | E120: Shinner | F120: 085150655339 | G120: sinner230997@gmail.com | H120: shinner | I120: Kab. Sidoarjo | J120: jl asri rt01 rw 02
A121: 117 | B121: 2024 | C121: Juli | D121: 12403 | E121: Siti Nur Rohma | F121: 082331066999 | G121: sitinurrohma1404@gmail.com | H121: raka laundry | I121: Kab. Kediri | J121: jalan Soekarno Hatta 108
A122: 118 | B122: 2024 | C122: Agustus | D122: 12975 | E122: Saifuddin Abbas | F122: 08123316305 | G122: anandanugraha53@gmail.com | H122: Rich Londry Menganti | I122: Kab. Gresik | J122: jl. Raya Wonokoyo, Menganti, Gresik
A123: 119 | B123: 2024 | C123: Agustus | D123: 13043 | E123: Indri Triani Tjandrawati | F123: 08123187588 | G123: indritriani.tjandrawati@gmail.com | H123: Lucky Laundry | I123: Kab. Sidoarjo | J123: Taman Tiara VBT 51
A124: 120 | B124: 2024 | C124: September | D124: 9934 | E124: Yudhistira Ardi | F124: 08113789987 | H124: Shoe Clean/Shoe clean semambung | I124: Kab. Sidoarjo | J124: Griya permata gedangan blok M3 no 1B
A125: 121 | B125: 2024 | C125: September | D125: 13183 | E125: Rumah Laundry keluarga | F125: 081216129585 | G125: rumahlaundrykeluarga@gmail.com | H125: Rumah Laundry Keluarga | I125: Kab. Jombang | J125: jl. dr. wahidin sudirohusodo no 74 sengon jombang
A126: 122 | B126: 2024 | C126: September | D126: 13251 | E126: Aldio Ferdyan | F126: 08993373130 | G126: hi.sansinc@gmail.com | H126: Sans Inc. | I126: Kab. Sidoarjo | J126: Sidoarjo
A127: 123 | B127: 2024 | C127: Oktober | D127: 13445 | E127: Mutiara Laundry Gresik | F127: 085707121732 | G127: mutiaraexpresslaundry@gmail.com | H127: Mutiara Express Laundry/Mutiara Laundry GKB | I127: Kab. Gresik | J127: Jalan Sumatra no 25 GKB Gresik
A128: 124 | B128: 2024 | C128: Oktober | D128: 13445 | E128: Mutiara Laundry Gresik | F128: 085707121732 | G128: mutiaraexpresslaundry@gmail.com | H128: Mutiara Express Laundr/Laundry Karpet Gresik | I128: Kab. Gresik | J128: Jalan Sumatra no 25 GKB Gresik
A129: 125 | B129: 2024 | C129: Oktober | D129: 13592 | E129: Dina Putri | F129: 085933215071 | G129: dlaundry2028@gmail.com | H129: D' Laundry | I129: Kota Madiun | J129: Madiun
A130: 126 | B130: 2024 | C130: Oktober | D130: 10682 | E130: Pandapotan | F130: 0811301039 | G130: tuntaslaundrytenggumung@gmail.com | H130: TUNTAS TENGGUMUNG/TUNTAS LASIANA | I130: Kota Surabaya | J130: Jl.Tenggumung Karya Lor No.53
A131: 127 | B131: 2024 | C131: November | D131: 9934 | E131: Yudhistira Ardi | F131: 08113789987 | H131: Shoe Clean/Shoe Clean Banyuwangi 1 | I131: Kab. Sidoarjo | J131: Griya permata gedangan blok M3 no 1B
A132: 128 | B132: 2024 | C132: November | D132: 13814 | E132: Yudi Susanto | F132: 082244466567 | G132: gealgeolgembong@gmail.com | H132: Mr klin loundry | I132: Kab. Pasuruan | J132: ruko kancil mas kav 10
A133: 129 | B133: 2024 | C133: Desember | D133: 14092 | E133: Edo Aditya | F133: 085157500392 | G133: delaundry2025@gmail.com | H133: DE FAMILY LAUNDRY | I133: Kota Surabaya | J133: Jl. Raya Gadel Tengah 35b
A134: 130 | B134: 2025 | C134: Januari | D134: 14213 | E134: Yonastasya A. Puny | F134: 085117070330 | G134: setrikain.skdn@gmail.com | H134: Setrikain/Setrikain Sukodono | I134: Kab. Sidoarjo | J134: Jl Karangnongko no 9, Pekorungan
A135: 131 | B135: 2025 | C135: Januari | D135: 14340 | E135: Chandra novia anggraini | F135: 085649022225 | G135: chandra.novia87@gmail.com | H135: Cahaya Laundr/Cahaya Laundry | I135: Kab. Kediri | J135: DS.karangtalun RT/RW:03/02 Kec.kras kab.kediri
A136: 132 | B136: 2025 | C136: Januari | D136: 14464 | E136: dea nathania | F136: 081238110003 | G136: kilolaundrysingosari@gmail.com | H136: Kilo Laundry Singosari/Kilo Laundry Singosari | I136: Kab. Malang | J136: Jl raya mondoroko, mondoroko, singosari, kec. singosari, kabupaten malang, jawa timur 65153
A137: 133 | B137: 2025 | C137: Januari | D137: 14529 | E137: ulfa | F137: 085853958526 | H137: bintang laundry/bintang laundry | I137: Kab. Kediri | J137: jl Jombang RT 01 rw 11 Kandangan Kediri (dpn pasar buah)
A138: 134 | B138: 2025 | C138: Januari | D138: 14464 | E138: dea nathania | F138: 081238110003 | G138: kilolaundrysingosari@gmail.com | H138: Kilo Laundry Singosari/Kilo Laundry Kasim | I138: Kab. Malang | J138: Jl Sulawesi No A4, Kasin
A139: 135 | B139: 2025 | C139: April | D139: 14837 | E139: Alban Vincent Wikardo | F139: 085856408508 | G139: cuccilaundrymalang@gmail.com | H139: Cucci Laundry Malang/Cucci Laundry Malang | I139: Kota Malang | J139: Jl. Joyo Tambaksari no.23
A140: 136 | B140: 2025 | C140: Mei | D140: 15514 | E140: Siti Umayah | F140: 082132390280 | H140: Super Laundry/Super Laundry | I140: Kab. Sidoarjo | J140: Jln. Raya Bypass Juanda No.35
A141: 137 | B141: 2025 | C141: Juli | D141: 15636 | E141: Detergent Laundry nusakambangan | F141: 081805308649 | G141: detergentlaundrynusakambangan@gmail.com | H141: Detergent laundry/Detergent laundry | I141: Kota Malang | J141: jl. Nusakambangan (ruko depan pintu RKZ)
A142: 138 | B142: 2025 | C142: Juli | D142: 15617 | E142: Jeffry indratmoko | F142: 087874992191 | G142: jeppproperty@gmail.com | H142: King Tuntas Laundry/Sawojajar King Tuntas Laundry | I142: Kota Malang | J142: jl watugong no 5
A143: 139 | B143: 2025 | C143: Juli | D143: 15617 | E143: Jeffry indratmoko | F143: 087874992191 | G143: jeppproperty@gmail.com | H143: King Tuntas Laundry/Watugong king Tuntas Laundry | I143: Kota Malang | J143: jl watugong no 5
A144: 140 | B144: 2025 | C144: Agustus | D144: 4343 | E144: Kendil Customer Service Center | F144: 081234425180 | G144: kendilwashingclinic@gmail.com | H144: Kendil Washing Clinic/KENDIL AC CARE | I144: Kab. Gresik | J144: Jl. Banjarmasin No 18 GKB
A145: 141 | B145: 2025 | C145: Agustus | D145: 10682 | E145: Pandapotan | F145: 0811301039 | G145: tuntaslaundrytenggumung@gmail.com | H145: TUNTAS TENGGUMUNG/TUNTAS LAUNDRY LABUAN BAJO | I145: Kota Surabaya | J145: Jl.Tenggumung Karya Lor No.53
A146: 142 | B146: 2025 | C146: Oktober | D146: 16468 | E146: Ocean Loundry | F146: 085173255448 | G146: oceanloundry23@gmail.com | H146: Green Ocean Loundry/Green Ocean Loundry | I146: Kota Malang | J146: jl ikan paus raya no 18
A147: 143 | B147: 2025 | C147: November | D147: 16623 | E147: Berkah Laundry Express Bambe | F147: 082199987133 | G147: berkahgroup.laundryexpress@gmail.com | H147: Berkah Laundry Express Bambe/Berkah Laundry Express Bambe | I147: Kab. Gresik | J147: raya bambe 170, ngambar, driyorejo, kabupaten gresik
A148: 144 | B148: 2025 | C148: Desember | D148: 17108 | E148: Anna | F148: 08155025257 | G148: anna.wahyu05@gmail.com | H148: Aisyah Loandry/Aisyah Loandry | I148: Kab. Madiun | J148: Gunungsari kab. Madiun
...

Sheet Kalimantan Barat 
A1: PT PIPOSMART DIGITAL INDONESIA
A2: Laporan Nasabah Baru
A3: Tahun 2026
A4: Nomor | B4: Tahun Member | C4: Bulan | D4: Kode Owner | E4: Nama Owner | F4: No. Hp Owner | G4: Email | H4: Project/Outlet | I4: Kota | J4: Alamat
A5: 1 | B5: 2021 | C5: Mei | D5: 743 | E5: Leonard Ditus | F5: 0821 5027 2442 | G5: Dituspoyk12@gmail.com | H5: Qios Laundry Sintang/Qios Laundry | I5: Kab. Sintang | J5: jln. lintas melawi
A6: 2 | B6: 2021 | C6: Juni | D6: 1205 | E6: Deasy Yusnita | F6: 0852 9694 4567 | G6: bunda.laundry1978@gmail.com | H6: Bunda Laundry/ BUNDA LAUNDRY 2 | I6: Kab. Sintang | J6: Jl. kelam Gg. geriang tapang no 19b Sintang
A7: 3 | B7: 2021 | C7: Juni | D7: 600 | E7: Widiatuning | F7: 0823 0101 3131 | G7: ftshop083@gmail.com | H7: FT. laundry/ FT_Laundry | I7: Kota Pontianak | J7: Jalan HM. Suwignyo no. 16 Pontianak
A8: 4 | B8: 2021 | C8: Agustus | D8: 1768 | E8: Dwi Okta | F8: 0852 45916003 | G8: dwiokta.pnk@gmail.com | H8: Laundry ZonaFresh | I8: Kota Pontianak | J8: Jl. Putricandramidi Gg. Podomulyo No. 1
A9: 5 | B9: 2021 | C9: Agustus | D9: 1782 | E9: Ismail Akbar | F9: 0852 51394079 | G9: ismail2015648@gmail.com | H9: Akbar Laundry | I9: Kota Pontianak | J9: jln dr Sutomo GG karya 1 no 78 Akbar Laundry dan Service Pontianak Kalimantan barat
A10: 6 | B10: 2021 | C10: November | D10: 3076 | E10: Bonefasius Hery | F10: 0821 48685448 | G10: herymamslaundry@gmail.com | H10: Mams Laundry | I10: Kab. Kapuas Hulu | J10: Jl. A Pangkar Hilir Kantor, Putussibau
A11: 7 | B11: 2021 | C11: Desember | D11: 2985 | E11: QUEEN LAUNDRY | F11: 0896 49823122 | G11: laundryqueen736@gmail.com | H11: Queen Laundry (QUEEN LAUNDRY) | I11: Kab. Bengkayang | J11: dusun jawa
A12: 8 | B12: 2022 | C12: Januari | D12: 3561 | E12: Tita | F12: 0895 600381258 | G12: titaariani463@gmail.com | H12: Gifari laundri | I12: Kab. Pontianak | J12: jl.ampera jungkat gg. dua. no 003
A13: 9 | B13: 2022 | C13: Januari | D13: 4170 | E13: yanta | F13: 0852 15014608 | G13: yantahutapea1@gmail.com | H13: Mars Laundry | I13: Kota Pontianak | J13: Jl. Tekam Gg. Jelutung 1
A14: 10 | B14: 2022 | C14: Januari | D14: 4195 | E14: Nina Heryani | F14: 0812 58149650 | G14: ninasupriatna@gmail.com | H14: Bunda Setrika | I14: Kota Pontianak | J14: Jl.Dr Wahidin Gg Batas Pandang Jalur 7 no 2a
A15: 11 | B15: 2022 | C15: Januari | D15: 2309 | E15: Tengku Darma Yunita | F15: 0813 49346615 | G15: ranggapratama.22887@gmail.com | H15: Kalea Laundry | I15: Kab. Kayong Utara | J15: Jl. Bhayangkara RT.001 RW.016
A16: 12 | B16: 2022 | C16: Februari | D16: 4324 | E16: Arie Bisnis | F16: 0813 46683575 | G16: adelwinarie@gmail.com | H16: O'Laundry | I16: Kota Pontianak | J16: Jalan Purnama II, No 34
... A24: 20 | B24: 2022 | C24: Juni | D24: 5814 | E24: Agus Supriadi | F24: 0813 2570 1009 | G24: supriadiagus1982@gmail.com | H24: Amerta laundry | I24: Kota Pontianak | J24: Jalan Perintis kemerdekaan Komplek gerbang permata asri No a1
A25: 21 | B25: 2022 | C25: Juli | D25: 5836 | E25: Adi Prayitno | F25: 082110007816 | H25: Inches Laundry Express/816 Wash Laundry Express | I25: Kota Pontianak | J25: Jl. Tabrani Ahmad
A26: 22 | B26: 2022 | C26: Juli | D26: 5836 | E26: Adi Prayitno | F26: 082110007816 | H26: Inches Laundry Express/ Big Wash Laundry 2 | I26: Kota Pontianak | J26: Jl. Tabrani Ahmad
A27: 23 | B27: 2022 | C27: Juli | D27: 6139 | E27: Rita | F27: 0812 5615 268 | G27: ritalim99@gmail.com | H27: Dansen Laundry | I27: Kota Pontianak | J27: Jl. Danau Sentarum (samping gg, Persatuan No. 4 Pontianak
A28: 24 | B28: 2022 | C28: Juli | D28: 4289 | E28: Dian Muslimah | F28: 085759956566 | G28: amanahlaudry@gmail.com | H28: Amanah Laudry/Amanah Laudry | I28: Kab. Kubu Raya | J28: Jl.trans kalimantan no 28A
A29: 25 | B29: 2022 | C29: Agustus | D29: 6472 | E29: hataya laundry | F29: 0812 5615 3388 | G29: hataya.laundry@gmail.com | H29: Hataya Laundry | I29: Kota Pontianak | J29: Jl. karet komplek surya kencana V Pontianak
A30: 26 | B30: 2022 | C30: Desember | D30: 5836 | E30: Adi Prayitno | F30: 082110007816 | H30: Inches Laundry Express/Big Wash Laundry Express | I30: Kota Pontianak | J30: Jl. Tabrani Ahmad
A31: 27 | B31: 2023 | C31: Februari | D31: 2200 | E31: Randy | F31: 0821 11118279 | G31: nurkholistiranja@gmail.com | H31: Puspita Laundry | I31: Kota Pontianak | J31: Jl.Tanjung Raya 2, Parit Mayor, Samping Komplek Permata Kapuas 2, Pontianak Timur.
A32: 28 | B32: 2023 | C32: Januari | D32: 1782 | E32: Ismail Akbar | F32: 0852 51394079 | G32: ismail2015648@gmail.com | H32: Akbar Laundry/Gemes Laundry | I32: Kota Pontianak | J32: jln dr Sutomo GG karya 1 no 78 Akbar Laundry dan Service Pontianak Kalimantan barat
A33: 29 | B33: 2023 | C33: Februari | D33: 1782 | E33: Ismail Akbar | F33: 0852 51394079 | G33: ismail2015648@gmail.com | H33: Akbar Laundry/speedwash Laundry | I33: Kota Pontianak | J33: jln dr Sutomo GG karya 1 no 78 Akbar Laundry dan Service Pontianak Kalimantan barat
A34: 30 | B34: 2023 | C34: April | D34: 8665 | E34: ari kuswanto | F34: 081348900099 | G34: kuswantoari810@gmail.com | H34: KITO LAUNDRY | I34: Kab. Sekadau | J34: jalan merdeka barat sekadau hilir kabupaten sekadau
A35: 31 | B35: 2023 | C35: Mei | D35: 1782 | E35: Ismail Akbar | F35: 0852 51394079 | G35: ismail2015648@gmail.com | H35: Akbar Laundry/in LAUNDRY | I35: Kota Pontianak | J35: jln dr Sutomo GG karya 1 no 78 Akbar Laundry dan Service Pontianak Kalimantan barat
A36: 32 | B36: 2023 | C36: Juli | D36: 9321 | E36: Yuni | F36: 0853 9190 7799 | G36: ifahalqadrie@gmail.com | H36: BIA LAUNDRY | I36: Kab. Kubu Raya | J36: JL.Parit H.Muksin 2 Gg.Kalisari
A37: 33 | B37: 2023 | C37: Juni | D37: 4289 | E37: Dian Muslimah | F37: 085759956566 | G37: amanahlaudry@gmail.com | H37: Amanah Laudry/Amanah Laundry 2 | I37: Kab. Kubu Raya | J37: Jl.trans kalimantan no 28A
A38: 34 | B38: 2023 | C38: Juni | D38: 9207 | E38: Hantoni | F38: 0821 5444 2393 | G38: dbestlaundry8790@gmail.com | H38: D'Best laundry | I38: Kota Pontianak | J38: Jalan panglima aim ( Dalam bugis - Pontianak timur) No 19/20
A39: 35 | B39: 2023 | C39: Juni | D39: 9138 | E39: sapura | F39: 0812 6179 5602 | G39: sakura.ntn12@gmail.com | H39: sakura laundry | I39: Kota Singkawang | J39: sungai garam
A40: 36 | B40: 2023 | C40: Juni | D40: 9265 | E40: Adi | F40: 0877 9687 7639 | G40: muhammadiah99@gmail.com | H40: CANDU/CANDU LAUNDRY | I40: Kota Pontianak | J40: jl. raya jungkat
A41: 37 | B41: 2023 | C41: Juni | D41: 9188 | E41: Erin | F41: 0822 4350 9061 | G41: erinsilvanaputri@gmail.com | H41: Gaia Laundry | I41: Kota Singkawang | J41: Jl. Pramuka No.20 Condong, Singkawang Tengah
A42: 38 | B42: 2023 | C42: Agustus | D42: 9679 | E42: Daniel Saputra | F42: 0852 45265216 | H42: Oce Laundry | I42: Kota Pontianak | J42: Jalan Prof. Dr Hamka no 65 Pontianak
A43: 39 | B43: 2023 | C43: Agustus | D43: 9752 | E43: Lala | F43: 0821 52058888 | G43: awanni.mkost@gmail.com | H43: M Laundry | I43: Kota Pontianak | J43: Jl. H. Siradj No.4
A44: 40 | B44: 2023 | C44: September | D44: 9941 | E44: Dini Utami Dewi | F44: 0811 5661200 | G44: ddewiutami@gmail.com | H44: Brilliant Laundry | I44: Kota Singkawang | J44: Jalan Semai no 47 Naram Singkawang
A45: 41 | B45: 2023 | C45: September | D45: 9884 | E45: Ida Nursidah | F45: 0895 20367304 | G45: inursidah75@gmail.com | H45: id londry | I45: Kota Pontianak | J45: jl. ujung pandang samping GG Nirbaya
A46: 42 | B46: 2023 | C46: September | D46: 9988 | E46: Sejati Laundry | F46: 081349771196 | G46: sejatilaundryswignyo@gmail.com | H46: Sejati Laundry | I46: Kota Pontianak | J46: Jalan Swignyo No.18
A47: 43 | B47: 2023 | C47: Oktober | D47: 7465 | E47: A&D Laundry | F47: 085245388232 | G47: andlaundry02@gmail.com | H47: A&D Laundry | I47: Kab. Sintang | J47: Jl. Bhayangkara
A48: 44 | B48: 2023 | C48: Oktober | D48: 10227 | E48: Evan Wash | F48: 081256266880 | G48: evanwash086@gmail.com | H48: EvanWashLaundryExpress | I48: Kota Pontianak | J48: Jl. Tanjung Raya 2Depan Kantor Lurah Saigon
A49: 45 | B49: 2023 | C49: November | D49: 9265 | E49: Adi | F49: 0877 9687 7639 | G49: muhammadiah99@gmail.com | H49: CANDU/EVERWIN | I49: Kota Pontianak | J49: jl. raya jungkat
A50: 46 | B50: 2023 | C50: November | D50: 10527 | E50: Zainal Arifin | F50: 083125396855 | G50: ahlilaundry74@gmail.com | H50: ahli laundry | I50: Kota Pontianak | J50: jl ujung pandang 1
A51: 47 | B51: 2023 | C51: November | D51: 10646 | E51: Megawati | F51: 082154378909 | G51: mega.rani1@icloud.com | H51: Queen Laundry (Megawati) | I51: Kab. Pontianak | J51: Jl.Wonobaru
A52: 48 | B52: 2023 | C52: November | D52: 10620 | E52: Bustamilarifin | F52: 085390904966 | G52: bustamilarifin83.mandiri@gmail.com | H52: Radja Laundry/1 | I52: Kab. Sekadau | J52: Jalam merdeka timur
A53: 49 | B53: 2023 | C53: Desember | D53: 10620 | E53: Bustamilarifin | F53: 085390904966 | G53: bustamilarifin83.mandiri@gmail.com | H53: Radja Laundry/2 | I53: Kab. Sekadau | J53: Jalam merdeka timur
A54: 50 | B54: 2023 | C54: Desember | D54: 10526 | E54: Erna Yanti | F54: 085845256410 | G54: Kingfreshlaundry14@gmail.com | H54: king fresh laundry/king fresh laundry | I54: Kab. Kubu Raya | J54: jln Abdurahman Wahid,Kuala dua kubu raya
... A66: 62 | B66: 2024 | C66: Mei | D66: 10527 | E66: Zainal Arifin | F66: 083125396855 | G66: ahlilaundry74@gmail.com | H66: ahli laundry/Halal Laundry | I66: Kota Pontianak | J66: jl. Pemda
A67: 63 | B67: 2024 | C67: Juni | D67: 12396 | E67: Odanksanjaya Odank | F67: 082152051864 | H67: candu londri | I67: Kab. Pontianak | J67: jalan raya jungkat
A68: 64 | B68: 2024 | C68: Juni | D68: 12575 | E68: Angela Nopriani | F68: 08990990074 | G68: frescopride512@gmail.com | H68: FRESCO LAUNDRY PARIS 2 | I68: Kota Pontianak | J68: Jl.Parit H.Husin 2Ruko Pesona Mutiara Dewata no.A5
A69: 65 | B69: 2024 | C69: Juni | D69: 12461 | E69: Kabir Loundry | F69: 082352514348 | H69: Kabir laundry | I69: Kota Pontianak | J69: jl karya sosial
A70: 66 | B70: 2024 | C70: Juli | D70: 12599 | E70: Yellow Laundry | F70: 081913772828 | G70: yellowlaundryyy@gmail.com | H70: Yellow Laundry | I70: Kota Pontianak | J70: Jl Padat Karya
A71: 67 | B71: 2024 | C71: Juli | D71: 12748 | E71: Icha Nolita | F71: 083125678393 | G71: inolita@yahoo.com | H71: De'Cucci Laundry | I71: Kota Pontianak | J71: jl.Re.Martadinatano 34
A72: 68 | B72: 2024 | C72: Juli | D72: 12760 | E72: Armi PB | F72: 085750088375 | H72: Armi laundry | I72: Kota Pontianak | J72: jl Pak benceng
A73: 69 | B73: 2024 | C73: September | D73: 10526 | E73: Erna Yanti | F73: 085845256410 | G73: Kingfreshlaundry14@gmail.com | H73: king fresh laundry/ROSE LAUNDRY | I73: Kab. Kubu Raya | J73: jln simpang rasau
A74: 70 | B74: 2024 | C74: Oktober | D74: 13597 | E74: CS Laundry | F74: 082191537698 | G74: hendraxyn14@gmail.com | H74: Anikun Laundry | I74: Kab. Sambas | J74: Jl. Ahmad Marzuki
A75: 71 | B75: 2024 | C75: November | D75: 13900 | E75: megawati | F75: 085652238595 | G75: hannywinnona466@gmail.com | H75: Queen laundry penjara | I75: Kota Pontianak | J75: jln.Kh Ahmad Dahlan N0.40
A76: 72 | B76: 2024 | C76: November | D76: 13922 | E76: LAUNDRY FRESCO SERDAM | F76: 082354894411 | G76: laundryfrescoserdam@gmail.com | H76: FRESCO LAUNDRY SERDAM | I76: Kota Pontianak | J76: Jl. SERDAM SEBELAH BENGKEL MOBIL BOLT
A77: 73 | B77: 2024 | C77: Desember | D77: 14006 | E77: Titan Management | F77: 082299527899 | G77: titanmanagement26@gmail.com | H77: Titan Laundry | I77: Kota Pontianak | J77: Jl. Tanjung Raya 2 seberang toko bangunan Bintang Raya samping gang Limausaigon
A78: 74 | B78: 2024 | C78: Desember | D78: 13900 | E78: megawati | F78: 085652238595 | G78: hannywinnona466@gmail.com | H78: Queen laundry penjara/Queen Laundry jln.martadinata | I78: Kota Pontianak | J78: jl.martadinara D3/26
A79: 75 | B79: 2025 | C79: Februari | D79: 14613 | E79: Sapura | F79: 085849102514 | G79: sapura.nvd@gmail.com | H79: Sakura Laundry/sakura laundry | I79: Kab. Sambas | J79: Sebayan
A80: 76 | B80: 2025 | C80: Februari | D80: 14326 | E80: wahyunitasari | F80: 089519187765 | G80: atanjung369@gmail.com | H80: ARS LAUNDRY/ARS LAUNDRY | I80: Kab. Kubu Raya | J80: jl Raya desa kapur pak reweng kubu raya
A81: 77 | B81: 2025 | C81: Februari | D81: 14728 | E81: Merryana | F81: 081280999970 | G81: bubble99laundry@gmail.com | H81: Bubble Laundry/Bubble LaundryBubble Laundry/Bubble Laundry | I81: Kab. Kapuas Hulu | J81: Jalan A Yani Putussibau
A82: 78 | B82: 2025 | C82: Februari | D82: 14398 | E82: YUKS LAUNDRY | F82: 081549153766 | G82: yuklaundry@gmail.com | H82: yuks laundry/YUKS LAUNDRY | I82: Kota Pontianak | J82: Jl. Tj. Raya II, Banjar Serasan, Kec. Pontianak Tim., Kota Pontianak, Kalimantan Barat 78243
A83: 79 | B83: 2025 | C83: Februari | D83: 5395 | E83: Zeppin Owner | F83: 0818822261 | G83: tkgzeppin@gmail.com | H83: Zeppin Laundry/Zeppin Karvin | I83: Kota Pontianak | J83: Jl. Karvin, Pontianak
A84: 80 | B84: 2025 | C84: Februari | D84: 14712 | E84: rushkeyy | F84: 0895337229297 | G84: rizkysyah66@gmail.com | H84: MOOD LAUNDRY/MOOD LAUNDRY | I84: Kab. Pontianak | J84: jl. Raya Jongkat
... A87: 83 | B87: 2025 | C87: Mei | D87: 15466 | E87: Owner Cempaka | F87: 082195112398 | G87: beny.mhj92@yahoo.com | H87: cempaka laundry/CEMPAKA LAUNDRY-Siaga | I87: Kab. Kubu Raya | J87: jl parit no 2 ruko aa 1 samping pondok damaikalbar pontianak
A88: 84 | B88: 2025 | C88: Juni | D88: 15681 | E88: arahman | F88: 085122282545 | H88: armi laundry/armi laundry | I88: Kota Pontianak | J88: jl tabrani ahmad
A89: 85 | B89: 2025 | C89: Agustus | D89: 11598 | E89: Refresh Laundry | F89: 085179771815 | G89: refreshlaundryindonesia@gmail.com | H89: Refresh Laundry/Refresh Laundry Sutoyo | I89: Kota Pontianak | J89: Jl.Sutoyo (Kios Ke Tiga, Sebelah Kantor Pertamina)
A90: 86 | B90: 2025 | C90: September | D90: 16210 | E90: Refresh Laundry Sutoyo | F90: 081347157110 | G90: refreshlaundryindonesia@gmail.com | H90: Refresh Laundry/Refresh Laundry Sutoyo | I90: Kota Pontianak | J90: Jl. Sutoyo ( Sebelah Kantor Pertamina, Kios Ke Tiga)
A91: 87 | B91: 2025 | C91: September | D91: 10946 | E91: EVERWIN LOUNDRY | F91: 081256222444 | G91: rosdiana2244@gmail.com | H91: EVERWIN LOUNDRY/Everwin loundry alfa | I91: Kab. Sanggau | J91: sanggau
A92: 88 | B92: 2025 | C92: Oktober | D92: 9265 | E92: adi | F92: 087796877639 | G92: muhammadiah99@gmail.com | H92: CANDU/day laundry ptk | I92: Kab. Pontianak | J92: jl. raya jungkat
A93: 89 | B93: 2025 | C93: Desember | D93: 11961 | E93: IDOLA LAUNDRY | F93: 089693255477 | G93: aninovi675@gmail.com | H93: IDOLA LAUNDRY/IDOLA LAUNDRY | I93: Kab. Pontianak | J93: jl. raya jungkat
A94: 90 | B94: 2026 | C94: Januari | D94: 17366 | E94: Vindy Laundry | F94: 085753077624 | G94: vindyloundry@gmail.com | H94: vindyloundry/Vindy Laundry | I94: Kab. Kubu Raya | J94: parithajimuksin2no 2A
A95: 91 | B95: 2026 | C95: Maret | D95: 18098 | E95: Muslimat | F95: 08125765533 | G95: rizkialmirafdilla@gmail.com | H95: Dillaundry/Dillaundry | I95: Kota Pontianak | J95: jl. sungai raya dalam komp. sejahtera 1 No.A13
A96: 92 | B96: 2026 | C96: Mei | D96: 18445 | E96: EG Laundry | F96: 085246927220 | G96: egkostlaundry@gmail.com | H96: EG Laundry/EG Laundry | I96: Kab. Ketapang | J96: jalan mt haryono, kab.ketapang, kalimantan barat
A97: TOTAL 2026 | E97: {=sum(1/countif(E96,E96))} -> 1 | H97: {=sum(1/countif(H96,H96))} -> 1 | I97: {=sum(1/countif(I79:I90,I79:I90))} -> 5
A98: TOTAL 2021-2026 | E98: {=sum(1/countif(E5:E96,E5:E96))} -> 73 | H98: {=sum(1/countif(H5:H96,H5:H96))} -> 91 | I98: {=sum(1/countif(I5:I90,I5:I90))} -> 12

Sheet Kalimantan Selatan
A1: PT PIPOSMART DIGITAL INDONESIA
A2: Laporan Nasabah Baru
A3: Tahun 2026
A4: Nomor | B4: Tahun Member | C4: Bulan | D4: Kode Owner | E4: Nama Owner | F4: No. Hp Owner | G4: Email | H4: Project/Outlet | I4: Kota | J4: Alamat
A5: 1 | B5: 2021 | C5: Agustus | D5: 1599 | E5: ikhlas | F5: 081253007877 | G5: omjanggutlaundry@gmail.com | H5: Om Janggut Laundry/ Janggut Laundry | I5: Kota Banjar Baru | J5: Jl. Karang Anyar
A6: 2 | B6: 2021 | C6: September | D6: 316 | E6: Juragan Laundry | F6: 0856 47706806 | G6: iwokpramono86@gmail.com | H6: Juragan laundry | I6: Kab. Tabalong | J6: Perum plambon Blok D no 11
A7: 3 | B7: 2021 | C7: September | D7: 2455 | E7: Rodi lestari | F7: 085273737306 | G7: husnalaundry12@gmail.com | H7: Husna laundry | I7: Kota Banjar Baru | J7: jln karang anyar 1 simpang sapta marga kelurahan Guntung payung kecamatan landasan ulin
A8: 4 | B8: 2021 | C8: Desember | D8: 2625 | E8: Owner | F8: 0822 52286068 | G8: Wahyu.pristiyadi07@gmail.com | H8: Wafa Laundry | I8: Kota Banjar Baru | J8: Jl. A. Yani Km. 30
A9: 5 | B9: 2021 | C9: Desember | D9: 3718 | E9: Alisha | F9: 0882 98658967 | G9: lusiana.alisha@gmail.com | H9: Fresh Laundry | I9: Kab. Tanah Bumbu | J9: Jl. transmigrasi Perumahan Citra Megah Persada 2
A10: 6 | B10: 2022 | C10: Agustus | D10: 1599 | E10: ikhlas | F10: 081253007877 | G10: omjanggutlaundry@gmail.com | H10: Om Janggut Laundry/ Om Janggut Laundry Land Ulin | I10: Kota Banjar Baru | J10: Jl. Karang Anyar
A11: 7 | B11: 2023 | C11: Januari | D11: 5115 | E11: Achmad Reza Fahriannoor | F11: 081953683905 | G11: barasih.sepatu@gmail.com | H11: Barasih Sepatu | I11: Kota Banjar Baru | J11: Jl. Ahmad Yani km 35 (jajaran pertokoan sesudah Polres Banjarbaru)
A12: 8 | B12: 2023 | C12: April | D12: 8808 | E12: EL LAUNDRY | F12: 0813559928893 | G12: elinapriscilia7@gmail.com | H12: el laundry/EL LAUNDRY | I12: Kab. Banjar | J12: jl. Cindai Alus RT/RW 005/00 kec. martapura kota kab. banjar
A13: 9 | B13: 2023 | C13: September | D13: 1599 | E13: ikhlas | F13: 081253007877 | G13: omjanggutlaundry@gmail.com | H13: Om Janggut Laundry/Om Janggut Laundry Palm | I13: Kota Banjar Baru | J13: Jl. Karang Anyar
A14: 10 | B14: 2024 | C14: Maret | D14: 1599 | E14: ikhlas | F14: 81253007877 | G14: omjanggutlaundry@gmail.com | H14: Om Janggut Laundry/Om Janggut Laundry Golf | I14: Kota Banjar Baru | J14: Jl. Karang Anyar
A15: 11 | B15: 2024 | C15: Mei | D15: 11897 | E15: Mariatul.A | F15: 087811790104 | G15: mariatuladawiahatul@gmail.com | H15: Laundry Mama | I15: Kota Banjar Baru | J15: jl. sidomulyo selatan Rt.04 Rw.09kel. landasan ulin timurkec. landasan ulin 70724
A16: 12 | B16: 2024 | C16: Juli | D16: 1599 | E16: ikhlas | F16: 081253007877 | G16: omjanggutlaundry@gmail.com | H16: Om Janggut Laundry/Om Janggut Laundry Banjar Indah | I16: Kota Banjar Baru | J16: Jl. Raya Banjar Indah Permai No. 69,
A17: 13 | B17: 2024 | C17: September | D17: 13130 | E17: Azizah Rizky | F17: 082254766438 | G17: azizahrizqi94@gmail.com | H17: RIZKY LAUNDRY EXSPRESS | I17: Kab. Tanah Bumbu | J17: jl.provinsi km 165, samping hotel weni
A18: 14 | B18: 2024 | C18: Desember | D18: 14057 | E18: ATABA LAUNDRY | F18: 081347747401 | H18: ATABA LAUNDRY | I18: Kab. Tabalong | J18: Simpang Jl. Padat Karya - Jl. Ali Said Pembataan, Murung Pudak, Tanjung, Tabalong, Kalimantan Selatan 71571
A19: 15 | B19: 2025 | C19: Februari | D19: 14689 | E19: Farida | F19: 088258092720 | G19: nurulfaridaaa18@gmail.com | H19: WAFA LAUNDRY/WAFA LAUNDRY | I19: Kota Banjar Baru | J19: JL.A Yani km.30,5 Guntung Manggis, Banjarbaru
A20: 16 | B20: 2025 | C20: Maret | D20: 1599 | E20: ikhlas | F20: 081253007877 | G20: omjanggutlaundry@gmail.com | H20: Om Janggut Laundry/Om Janggut Laundry Mahligai | I20: Kab. Banjar | J20: Jl. Mahligai RT. 01 RW. 003
A21: 17 | B21: 2025 | C21: Maret | D21: 1599 | E21: ikhlas | F21: 081253007877 | G21: omjanggutlaundry@gmail.com | H21: Om Janggut Laundry/Om Janggut Laundry Pondok Empat | I21: Kota Banjar Baru | J21: Jl. Karang Anyar 1, Pondok Empat
A22: 18 | B22: 2025 | C22: April | D22: 15137 | E22: Sena | F22: 085147311119 | G22: pakdhelaundry2025@gmail.com | H22: Pa'Dhe/Pa'Dhe | I22: Kota Banjarmasin | J22: Jl. AMD XII, Pemurus Dalam, Kec Banjarmasin Selatan
A23: 19 | B23: 2025 | C23: September | D23: 1599 | E23: ikhlas | F23: 081253007877 | G23: omjanggutlaundry@gmail.com | H23: Om Janggut Laundry/Om Janggut Laundry Perdagangan | I23: Kota Banjar Baru | J23: Jl. Karang Anyar
A24: 20 | B24: 2025 | C24: November | D24: 16775 | E24: Rumah Laundry | F24: 085248909597 | G24: rumahlaundry671@gmail.com | H24: laundry/laundry | I24: Kab. Tanah Bumbu | J24: JL.BATULICIN-PELAIHARI.DESA ANGSANA.
A25: 21 | B25: 2026 | C25: Februari | D25: 17572 | E25: Indra Sukma Admadinata | F25: 081349355323 | G25: newton7284@gmail.com | H25: HAPPY CLEAN LAUNDRY/HAPPY CLEAN LAUNDRY | I25: Kab. Tabalong | J25: Jalan Tanjung Selatan Depan Perum Grand Tanjung
A26: 22 | B26: 2026 | C26: Februari | D26: 17717 | E26: Mohamad Zainul Arifin | F26: 082150421112 | G26: divalaundry85@gmail.com | H26: Diva Laundry/Diva Laundry | I26: Kota Banjar Baru | J26: Wengga Palam Indah NO A-1
A27: 23 | B27: 2026 | C27: Februari | D27: 1599 | E27: ikhlas | F27: 081253007877 | G27: omjanggutlaundry@gmail.com | H27: Om Janggut Laundry/Om Janggut Laundry Melati | I27: Kota Banjar Baru | J27: Jl. Karang Anyar
A28: 24 | B28: 2026 | C28: Mei | D28: 18703 | E28: m aries yulianto | F28: 085819995667 | G28: laundryserviceoneday@gmail.com | H28: Oneday Laundry Service/Oneday Laundry Service | I28: Kota Banjar Baru | J28: Jl.Puyau Banjarbaru
A29: 25 | B29: 2026 | C29: Juni | D29: 18941 | E29: Robiyah | F29: 081241946193 | G29: charlescantik16@gmail.com | H29: Rora Laundry/Rora Laundry | I29: Kota Banjar Baru | J29: Jl. Pelita 5 Dekat Gg. Karya Utama, Kel. Landasan Ulim Barat, Kec. Liang Anggang, Kota Banjarbaru
A30: TOTAL 2026 | E30: {=sum(1/countif(E25:E29,E25:E29))} -> 5 | H30: {=sum(1/countif(H25:H29,H25:H29))} -> 5 | I30: {=sum(1/countif(I19:I24,I19:I24))} -> 4
A31: TOTAL 2021-2026 | E31: {=sum(1/countif(E5:E29,E5:E29))} -> 18 | H31: {=sum(1/countif(H5:H29,H5:H29))} -> 25 | I31: {=sum(1/countif(I5:I24,I5:I24))} -> 5

Sheet Kalimantan Tengah 
A1: PT PIPOSMART DIGITAL INDONESIA
A2: Laporan Nasabah Baru
A3: Tahun 2026
A4: Nomor | B4: Tahun Member | C4: Bulan | D4: Kode Owner | E4: Nama Owner | F4: No. Hp Owner | G4: Email | H4: Project/Outlet | I4: Kota | J4: Alamat
A5: 1 | B5: 2021 | C5: Mei | D5: 515 | E5: Muhamad arsyad | F5: 0853 4881 9909 | G5: abyan5577@gmail.com | H5: n.abyan laundry/ n.abyan laundry karpet | I5: Kab. Kapuas | J5: jln. trans kalimantan, selat dalam, kuala kapuas, (seberang SPBU sungai beras)
A6: 2 | B6: 2021 | C6: Juni | D6: 1288 | E6: vika | F6: 0812 5147 1589 | G6: vikakhansa50@gmail.com | H6: DEKA LAUNDRY | I6: Kab. Kotawaringin Timur | J6: JL RA KARTINI-WALTER CONRAD
A7: 3 | B7: 2021 | C7: Juli | D7: 919 | E7: Yoni Apriliadi | F7: 0823 5321 6222 | G7: yoniapriliadi@gmail.com | H7: Rumah Laundry/Rumah Laundry Buntok | I7: Kab. Barito Selatan | J7: Jl. Pelita Raya RT. 15 Buntok
A8: 4 | B8: 2021 | C8: Juli | D8: 1592 | E8: JASMINE | F8: 0856 8924 722 | G8: onlinelaundry89@gmail.com | H8: ON LINE LAUNDRY | I8: Kab. Kapuas | J8: Jl. Barito no.04 (seberang Alfamart Barito)Selat Tengah, Selat
A9: 5 | B9: 2021 | C9: Oktober | D9: 2728 | E9: Laundry Super Fresh | F9: 082221779285 | G9: laundrysuperfresh302@gmail.com | H9: Laundry Super Fresh/Laundry Super Fresh | I9: Kab. Kotawaringin Timur | J9: Jalan Cilik Riwut KM 1,2
A10: 6 | B10: 2022 | C10: Februari | D10: 3819 | E10: ECHA | F10: 0812 57444887 | G10: betapasan.dnc@gmail.com | H10: betapasan dry and clean/BETAPASAN dry&clean | I10: Kota Balikpapan | J10: taman bukit sari 1 blok p2 no.2 rt.26. graha indah - balikpapan utara - kalimantan timur
A11: 7 | B11: 2023 | C11: Desember | D11: 10852 | E11: Dewi Astrianie | F11: 082220355430 | G11: dewi.astrianie@gmsil.com | H11: Bunda Laundry | I11: Kab. Kotawaringin Timur | J11: Jl Tjilik Riwut KM 1,2
A12: 8 | B12: 2024 | C12: Juli | D12: 12557 | E12: Erika Mustifasari | F12: 082251510814 | G12: cleanandco07@gmail.com | H12: Clean & Co | I12: Kab. Kotawaringin Barat | J12: Jalan Ahmad Wongso (Sebelah Apotek Samari Pharma), Pangkalan Bun, Kalimantan Tengah
A13: 9 | B13: 2024 | C13: September | D13: 13365 | E13: Artiwiati | F13: 082260640000 | H13: Laundry Go | I13: Kab. Kotawaringin Barat | J13: Jl. Ahmad Wongso
A14: 10 | B14: 2025 | C14: Maret | D14: 14826 | E14: Edi Suryanto | F14: 081253330813 | G14: edisuryanto30@gmail.com | H14: MAYDA LAUNDRY/BORNEOFRESH | I14: Kab. Kotawaringin Barat | J14: perum Jasmine 2
A15: 11 | B15: 2025 | C15: April | D15: 15295 | E15: Wafirotun Nuhaa | F15: 081266222077 | G15: cleanandco07@gmail.com | H15: clean & co/clean & co | I15: Kab. Kotawaringin Barat | J15: Jl Ahmad Wongso
A16: 12 | B16: 2025 | C16: Desember | D16: 17209 | E16: Melia Laundry Pky | F16: 081228189595 | G16: melialaundrypky@gmail.com | H16: Melia Palangkaraya/Melia Palangkaraya | I16: Kota Palangka Raya | J16: Jl. Diponegoro No.6, Langkai, Kec. Pahandut, Kota Palangka Raya, Kalimantan Tengah 74874
A17: 13 | B17: 2026 | C17: Januari | D17: 17209 | E17: Melia Laundry Pky | F17: 81228189595 | G17: melialaundrypky@gmail.com | H17: Melia Palangkaraya/MELIA LAUNDRY RAJAWALI | I17: Kota Palangka Raya | J17: RV6R+G2F, Jl. Rajawali, Bukit Tunggal, Kec. Jekan Raya, Kota Palangka Raya, Kalimantan Tengah 74874
A18: 14 | B18: 2026 | C18: Juni | D18: 19032 | E18: Azha | F18: 082251319119 | G18: azlaundry07@gmai.com | H18: AZ LAUNDRY EXPRESS/AZ LAUNDRY EXPRESS | I18: Kab. Kapuas | J18: Pasar Timpah
A19: TOTAL 2026 | E19: {=sum(1/countif(E18,E18))} -> 1 | H19: {=sum(1/countif(H18,H18))} -> 1 | I19: {=sum(1/countif(#REF!,#REF!))} -> #REF!
A20: TOTAL 2021-2026 | E20: {=sum(1/countif(E5:E18,E5:E18))} -> 14 | H20: {=sum(1/countif(H5:H18,H5:H18))} -> 14 | I20: {=sum(1/countif(I5:I15,I5:I15))} -> 5

Sheet Kalimantan Timur
A1: PT PIPOSMART DIGITAL INDONESIA
A2: Laporan Nasabah Baru
A3: Tahun 2026
A4: Nomor | B4: Tahun Member | C4: Bulan | D4: Kode Owner | E4: Nama Owner | F4: No. Hp Owner | G4: Email | H4: Project/Outlet | I4: Kota | J4: Alamat
A5: 1 | B5: 2021 | C5: Mei | D5: 635 | E5: Aprilia ayu wulan sari | F5: 0853 8544 9999 | G5: rasyasabuncuci@gmail.com | H5: rasya laundry | I5: Kota Samarinda | J5: jln wahid hasim 1 sebelum lampu merah
A6: 2 | B6: 2021 | C6: Juni | D6: 1231 | E6: ariana | F6: 0813 2222 8902 | G6: duha.guitar@gmail.com | H6: kedai laundry/KEDAI LAUNDRY & SHOES CARE | I6: Kota Samarinda | J6: samarinda
A7: 3 | B7: 2021 | C7: Agustus | D7: 856 | E7: KAMA Laundry | F7: 085752639621 | G7: energykayamakmur@gmail.com | H7: KAMA Laundry | I7: Kab. Kutai Kartanegara | J7: Jl. Balikpapan-Handil II Cimanggu RT. 08 Kel. Sungai Seluang Kec. Samboja
A8: 4 | B8: 2021 | C8: Agustus | D8: 1042 | E8: Nelly | F8: 0821 50631000 | G8: nelly.adelia@gmail.com | H8: Dn laundry | I8: Kota Bontang | J8: jl sutan Syahrir rt 5 no 2
A9: 5 | B9: 2021 | C9: Oktober | D9: 1231 | E9: ariana | F9: 0813 22228902 | G9: duha.guitar@gmail.com | H9: kedai laundry/HYPE CLEAN AND CARE | I9: Kota Samarinda | J9: jln kadri oening no 14 samping pdam
A10: 6 | B10: 2021 | C10: November | D10: 3126 | E10: David Ricardo | F10: 0811 5816658 | G10: david.ricardo278@gmail.com | H10: Ardhilla Laundry | I10: Kota Samarinda | J10: Jl. Untung Suropati Perumahan Griya Tepian Lestari (Karpotek) Blok U No. 3
A11: 7 | B11: 2021 | C11: November | D11: 1811 | E11: Aldi Kusuma Putra | F11: 0823 58680816 | G11: aldikusuma04@gmail.com | H11: Raisa Laundry | I11: Kab. Kutai Kartanegara | J11: Jl. Maduningrat No.44 Rt.20
A12: 8 | B12: 2021 | C12: Desember | D12: 3429 | E12: Alvaro | F12: 0813 48422311 | G12: alga201015@gmail.com | H12: Pesona Laundry | I12: Kota Samarinda | J12: Jl.Utama Perumahan Pesona mahakam.Blok A1.No 11
A13: 9 | B13: 2021 | C13: Desember | D13: 3544 | E13: Tiwi | F13: 0878 10112422 | G13: pratiwionny@gmail.com | H13: Alfa Laundry | I13: Kota Balikpapan | J13: jl ruhui rahayu balikpapan
A14: 10 | B14: 2021 | C14: Desember | D14: 2821 | E14: Al Laundry & Shop | F14: 085250824972 | G14: allaundryshop@gmail.com | H14: Al laundry | I14: Kota Bontang | J14: Jl. hm ardans satimpo
A15: 11 | B15: 2021 | C15: Desember | D15: 1129 | E15: Ferry | F15: 0853 26418556 | G15: ferrymiechel@gmail.com | H15: Mega Laundry | I15: Kab. Paser | J15: Tanah Grogot
A16: 12 | B16: 2021 | C16: Desember | D16: 3311 | E16: tina | F16: 087835467724 | G16: okfresh09@gmail.com | H16: ok fresh laundry | I16: Kab. Paser | J16: Jl. HOS Cokroaminoto tanah grogot
... A50: 46 | B50: 2025 | C50: Februari | D50: 14764 | E50: fanny | F50: 081228470169 | G50: homielaundrysamarinda@gmail.com | H50: Homie Laundy Samarinda/Homie Laundy Samarinda | I50: Kota Samarinda | J50: jl aminah syukur no 13
A51: 47 | B51: 2025 | C51: Mei | D51: 15161 | E51: Yuliana | F51: 85849120511 | G51: wifanalaundry@gmail.com | H51: Wifana Laundry/Wifana Laundry | I51: Kota Bontang | J51: Jl. Selat Bone
A52: 48 | B52: 2025 | C52: Juni | D52: 14624 | E52: ALVIONITA | F52: 082154943837 | G52: vioshop29@gmail.com | H52: Ceria Laundry/WING'S LAUNDRY | I52: Kota Balikpapan | J52: Perum Taman Bukit Sari VIP 2 Blok G2 No.14 RT 25
A53: 49 | B53: 2025 | C53: Juli | D53: 9654 | E53: nadia | F53: 082351047734 | G53: roisatulfadilah@gmail.com | H53: Ofi laundry/A'king laundry | I53: Kota Samarinda | J53: Jl. P. Suryanata no 08
A54: 50 | B54: 2026 | C54: Juni | D54: 18721 | E54: Desi Resti | F54: 08211524902 | G54: desiresti0110@gmail.com | H54: One Call Laundry/One Call Laundry | I54: Kota Bontang | J54: Jl Ke Tubun
A55: TOTAL 2026 | E55: {=sum(1/countif(E55,E55))} -> #REF! | H55: {=sum(1/countif(H55,H55))} -> #REF! | I55: {=sum(1/countif(I54,I54))} -> 1
A56: TOTAL 2021-2026 | E56: {=sum(1/countif(E5:E55,E5:E55))} -> 48 | H56: {=sum(1/countif(H5:H55,H5:H55))} -> 51 | I56: {=sum(1/countif(I5:I54,I5:I54))} -> 8

Sheet Kalimantan Utara
A1: PT PIPOSMART DIGITAL INDONESIA
A2: Laporan Nasabah Baru
A3: Tahun 2026
A4: Nomor | B4: Tahun Member | C4: Bulan | D4: Kode Owner | E4: Nama Owner | F4: No. Hp Owner | G4: Email | H4: Project/Outlet | I4: Kota | J4: Alamat
A5: 1 | B5: 2021 | C5: November | D5: 1530 | E5: SR | F5: 0822 53639847 | G5: infomedia.sr@gmail.com | H5: SR SHOES CARE | I5: Kota Tarakan | J5: Jl. Adityawarman
A6: 2 | B6: 2022 | C6: Maret | D6: 4792 | E6: Muhammad Hasrul | F6: 0813 30006030 | G6: hasrulchulu@gmail.com | H6: EMILY LAUNDRY/LAUNDRY | I6: Kab. Malinau | J6: Jl Amd No.27 RT 16 Malinau Kota (Kalimantan Utara)
A7: 3 | B7: 2024 | C7: September | D7: 13131 | E7: Nurasia | F7: 085346785773 | G7: hercyanugrahjaya@gmail.com | H7: Hercy Laundry | I7: Kab. Nunukan | J7: jl. ujang dewa sedadap cv hercy depan gadis 1 sedadap
A8: TOTAL 2026 | E8: {=sum(1/countif(E8,E8))} -> #REF! | H8: {=sum(1/countif(H8,H8))} -> #REF! | I8: 0
A9: TOTAL 2021-2026 | E9: {=sum(1/countif(E5:E8,E5:E8))} -> 4 | H9: {=sum(1/countif(H5:H8,H5:H8))} -> 4 | I9: {=sum(1/countif(I5:I7,I5:I7))} -> 3

Sheet Kepulauan Riau 
A1: PT PIPOSMART DIGITAL INDONESIA
A2: Laporan Nasabah Baru
A3: Tahun 2026
A4: Nomor | B4: Tahun Member | C4: Bulan | D4: Kode Owner | E4: Nama Owner | F4: No. Hp Owner | G4: Email | H4: Project/Outlet | I4: Kota | J4: Alamat
A5: 1 | B5: 2021 | C5: Mei | D5: 543 | E5: Emilia | F5: 0821 8018 2650 | G5: aisyanaura23@gmail.com | H5: show laundry | I5: Kota Batam | J5: perumnas piayu
A6: 2 | B6: 2021 | C6: Mei | D6: 570 | E6: simatupang789 | F6: 0813 72934238 | G6: jontuamans@yahoo.com | H6: Cassmira Laundry/judes loundry | I6: Kota Batam | J6: Ruko Botania Garden Blok D3 No. 7 Batam
A7: 3 | B7: 2021 | C7: Juni | D7: 1355 | E7: ridwan yusuf | F7: 0812 6111 9628 | G7: ridwan.club12@gmail.com | H7: Vel/VEL LAUNDRY | I7: Kota Batam | J7: Perum. Taman Cipta Asri Blok Boelevard B No 15.
A8: 4 | B8: 2021 | C8: Juni | D8: 925 | E8: Piposmart | F8: 08521369258 | G8: piposmartlaundry@gmail.com | H8: PIPOSMART LAUNDRY/Aplikasi Piposmart Laundry | I8: Kota Batam | J8: KBC Blok A3 No 5
A9: 5 | B9: 2021 | C9: Juni | D9: 1299 | E9: Jonni | F9: 0812 7020 8868 | G9: jonnilin@gmail.com | H9: Koko Laundry/Koko Laundry Aladin | I9: Kota Batam | J9: Komplek. Ruko Aladin Blok D No. 4
A10: 6 | B10: 2021 | C10: juli | D10: 1437 | E10: Surya Saputra | F10: 081248118612 | G10: bobyriannainggolan@gmail.com | H10: solusi laundry/Kilat Laundry (Akun Testing Pak Rian) | I10: Kota Batam | J10: kbc
A11: 7 | B11: 2021 | C11: Juli | D11: 384 | E11: Muhammad Sabil | F11: 0823 1106 0095 | G11: muhammad.sabilyusuf@gmail.com | H11: Master Londry/Rumah Laundry Attallah #001 | I11: Kab. Bintan | J11: Perumnas baru Jl Belibis II blok F 17 Tanjung Permai
A12: 8 | B12: 2021 | C12: Agustus | D12: 2041 | E12: Chris | F12: 0812 76586058 | G12: treswahyudi@gmail.com | H12: Melchem Laundry | I12: Kota Batam | J12: Ruko Tering Raya Blok A No 9
A13: 9 | B13: 2021 | C13: Agustus | D13: 2223 | E13: Ari Daniel | F13: 0812 70979176 | G13: ardanpas@yahoo.com | H13: Laundry Doi | I13: Kota Batam | J13: Ruko Grand California B1 No 1
A14: 10 | B14: 2021 | C14: September | D14: 1828 | E14: Arkana loundry cabang putri 7 | F14: 0822 88998025 | G14: bakerynyl@gmail.com | H14: Arkana loundry/Arkana loundry | I14: Kota Batam | J14: perum puskopkar blok b17 no 38
A15: 11 | B15: 2021 | C15: September | D15: 1694 | E15: Julita | F15: 0822 88381555 | G15: julita.susanti123@gmail.com | H15: Kitee_laundry/Kitee_laundry | I15: Kab. Natuna | J15: JLN. HR SEOBRANTAS RT/RW 002/003 RANAI DARAT
A16: 12 | B16: 2021 | C16: September | D16: 1828 | E16: Arkana loundry cabang putri 7 | F16: 0822 88998025 | G16: bakerynyl@gmail.com | H16: Arkana loundry/Arkana loundry 2 | I16: Kota Batam | J16: putri 7
... A20: 16 | B20: 2021 | C20: Desember | D20: 3588 | E20: MOH YUSUF | F20: 0887 07543 313 | G20: moh.yusuf1305@gmail.com | H20: JYN'S LAUNDRY/JYN'S LAUNDRY | I20: Kota Batam | J20: GRAND BSI B3 NO.8 BATAM
A21: 17 | B21: 2022 | C21: Mei | D21: 5501 | E21: feby | F21: 0812 7779 9880 | H21: Diamond Laundry | I21: Kota Tanjung Pinang | J21: Jl. Pramuka No. 62
A22: 18 | B22: 2022 | C22: Juni | D22: 5847 | E22: Kelly | F22: 0812 1100 3294 | G22: ega070592@gmail.com | H22: Aziz Laundry aa/Kirana Loundry | I22: Kota Batam | J22: Rexvin village blok A1 no 35. Batam center
A23: 19 | B23: 2022 | C23: Juli | D23: 6293 | E23: Citra Agustin | F23: 081266572742 | H23: Berkah laundry/Berkah laundry | I23: Kota Batam | J23: Ruko Masa Sentosa Blok A No 12
A24: 20 | B24: 2022 | C24: November | D24: 7517 | E24: fauzan arif | F24: 08994807948 | G24: ojanlaundry@gmail.com | H24: ojan laundry/ojan laundry | I24: Kota Batam | J24: cemara asri bb9 no 5
A25: 21 | B25: 2022 | C25: Desember | D25: 7517 | E25: fauzan arif | F25: 08994807948 | G25: ojanlaundry@gmail.com | H25: ojan laundry/Ojan Laundry 2 | I25: Kota Batam | J25: cemara asri bb9 no 5
A26: 22 | B26: 2023 | C26: Januari | D26: 6598 | E26: Koka Laundry | F26: 0823 9219 2990 | H26: Koka Laundry/Koka Laundry | I26: Kota Batam | J26: Ruko Belian Residence Blok A3 No. 2, Batam Kota
A27: 23 | B27: 2023 | C27: April | D27: 8771 | E27: Kasir Laundry | F27: 0821 93837505 | H27: Laundry/ATLANTA LAUNDRY | I27: Kota Batam | J27: cemara asri bb9 no 5
