Workbook

Sheet Daftar Mitra
A1: a
A2: No | B2: CMO | C2: MITRA | D2: Kategori Mitra | E2: Tanggal Kerjasama | F2: Kode Owner | G2: Nama | H2: Nama Brand / Outlet | I2: No Hp | J2: Email | K2: Kecamatan | L2: Kabupaten/Kota | M2: Provinsi | N2: Alamat | O2: Atas Nama | P2: No Rekening | Q2: Nama Bank | R2: Jumlah Referral | S2: PIC | T2: PIC 2
A3: 1 | B3: SHARE CMO | C3: FRANCHISE (Jual Brand Usaha) | D3: FRENCHISE | F3: 6926 | G3: leny | H3: Get Laundry RMJ | I3: 087777139459 | J3: lenidwiyarti321@gmail.com | K3: Kec. Serpong | L3: Kota Tangerang Selatan | M3: Banten | N3: ln. Ciater Rt 004/Rw 022, Kel. Rawa Buntu Kec. Serpong, Kota Tangerang Selatan, Banten | P3: Top Up Saldo | R3: 2 | S3: Lidya | T3: Intan
A4: =A3+1 -> 2 | B4: SHARE CMO | C4: FRANCHISE (Jual Brand Usaha) | D4: FRENCHISE | F4: 11165 | G4: Ayu Widyasari primanda | H4: HAWP LAUNDRY | I4: 082197946038 | J4: ayuwidyasariprimanda000@gmail.com | K4: Kec. Sukmajaya | L4: Kota Depok | M4: Jawa Barat | N4: jln kemang swatama, gg H Tarin no 28, Kel/Kec Sukmajaya Depok | R4: 1 | S4: Lidya | T4: Intan
A5: =A4+1 -> 3 | B5: SHARE CMO | C5: REFERAL (Berlangganan) | D5: REFERRAL | F5: 1522 | G5: Sugiana | H5: Indah Express Laundry | I5: 082147446756 | J5: ndahtari7@gmail.com | K5: Denpasar Selatan | L5: Kota Denpasar | M5: Bali | N5: Danau tempe no.35 sanur kecamatan Denpasar Selatan | R5: 1 | S5: Lidya | T5: Intan
A6: =A5+1 -> 4 | B6: SHARE CMO | C6: REFERAL (Berlangganan) | D6: REFERRAL | F6: 6058 | G6: Citra Halim | H6: Citra Laundry | I6: 08174885266 | J6: citra.halim1@gmail.com | K6: Tanjung Duren Selatan | L6: Kota Jakarta Barat | M6: Dki Jakarta | N6: Jl. Tanjung Duren Timur Raya Gang Mandalika, Kota Jakarta Barat, Dki Jakarta | R6: 2 | S6: Lidya | T6: Intan
A7: =A6+1 -> 5 | B7: SHARE CMO | C7: REFERAL (Berlangganan) | D7: REFERRAL | F7: 7479 | G7: farhan alfatan | H7: Citra Laundry | I7: 082125008245 | J7: rabbittank02@gmail.com | K7: Kec. Banyusari | L7: Kab. Karawang | M7: Jawa Barat | N7: kp.krajan1 ds.jayamukti kec.banyusari kab.karawang | R7: 1 | S7: Lidya | T7: Intan
A8: =A7+1 -> 6 | B8: SHARE CMO | C8: REFERAL (Berlangganan) | D8: REFERRAL | F8: 4723 | G8: Budi Santo | H8: sahabat laundry | I8: 082174637062 | J8: sahabatlaundrybaru@gmail.com | K8: Cikampek | L8: Kab. Karawang | M8: Jawa Barat | N8: jln pertokoan stasiun cikampek nmr 2, Kab. Karawang, Jawa Barat | R8: 6 | S8: Lidya | T8: Intan
A9: =A8+1 -> 7 | B9: SHARE CMO | C9: REFERAL (Berlangganan) | D9: REFERRAL | F9: 4181 | G9: DIGNITY SINAGA | H9: DIGNITY LAUNDRY | I9: 0811620080 | J9: sachio3008@gmail.com | K9: Tangerang | L9: Kota Tangerang | M9: Banten | N9: Tanggerang, Cikokol, Tangerang, Banten | R9: 6 | S9: Lidya | T9: Intan
A10: =A9+1 -> 8 | B10: SHARE CMO | C10: REFERAL (Berlangganan) | D10: REFERRAL | F10: 7801 | G10: Rahmawaty Madjid | H10: Aroma Palopo / NETTO LAUNDRY | I10: 08114220487 | J10: aromapaloponmie@gmail.com | K10: Kadia | L10: Kota Kendari | M10: Sulawesi Tenggara | N10: Food Court The Park,Kadia,Kota Kendari,Sulawesi Tenggara | R10: 2 | S10: Lidya | T10: Intan
A11: =A10+1 -> 9 | B11: SHARE CMO | C11: REFERAL (Berlangganan) | D11: REFERRAL | F11: 11515 | G11: APRILIA | H11: SHARENA LAUNDRY | I11: 085210108123 | J11: apinkcalen@gmail.com | K11: Kec. Cakung | L11: Kota Jakarta Timur | M11: Dki Jakarta | N11: JL H.R ISMAIL RT 08 RW 03 JATINEGARA CAKUNG JAKARTA TIMUR | P11: 0940964237 | Q11: BCA | R11: 1 | S11: Lidya | T11: Intan
A12: =A11+1 -> 10 | B12: SHARE CMO | C12: REFERAL (Berlangganan) | D12: REFERRAL | F12: 9441 | G12: Kasih Laundry Siantar | H12: Kasih Laundry | I12: 0859106762310 | J12: kasihlaundrysiantar@gmail.com | K12: Bukit Shofa | L12: Kota Pematang Siantar | M12: Sumatera Utara | N12: Jl.Sisingamangaraja, No.15, Bukit Sofa, Siantar Sitalasari, Pematang Siantar | R12: 1 | S12: Lidya | T12: Intan
A13: =A12+1 -> 11 | B13: SHARE CMO | C13: REFERAL (Berlangganan) | D13: REFERRAL | F13: 14464 | G13: Kilo Laundry | H13: Kilo Laundry Singosari | I13: 087866932707 | J13: deanathaniaardita96@gmail.com | K13: Kec. Singosari | L13: Kab. Malang | M13: Jawa Timur | N13: Jl raya mondoroko, Mondoroko, Singosari, Kec. Singosari, Kabupaten Malang, Jawa Timur | P13: 0881632747 | Q13: BCA | R13: 1 | S13: Lidya | T13: Intan
A14: =A13+1 -> 12 | B14: SHARE CMO | C14: REFERAL (Berlangganan) | D14: REFERRAL | F14: 13944 | G14: Orlando Manalu | H14: LAUNDRY KITA | I14: 085163695628 | J14: orlandomanalu0@gmail.com | K14: Kec. Siantar | L14: Kab. Simalungun | M14: Sumatera Utara | N14: Jl. Asahan,KM 3,5. Pematang Simalungun, Kec. Siantar, Kabupaten Simalungun, Sumatera Utara 21151(Komplek Graha Asahan Gold) | R14: 1 | S14: Lidya | T14: Intan
A15: =A14+1 -> 13 | B15: SHARE CMO | C15: REFERAL (Berlangganan) | D15: REFERRAL | F15: 10563 | G15: Abi Hafidz | H15: AZZAHRO LAUNDRY ٣٨ CIKANDE | I15: 085217955565 | J15: noer.underbon9048@gmail.com | K15: Kec. Cikande | L15: Kab. Serang | M15: Banten | N15: kp.Gegong burung Rt 02/02 Desa situterate Kec. Cikande Kabupaten SERANG BANTEN kode pos 42186 | R15: 1 | S15: Lidya | T15: Intan
A16: =A15+1 -> 14 | B16: SHARE CMO | C16: REFERAL (Berlangganan) | D16: REFERRAL | F16: - | G16: Selly Andini | H16: Sultan Laundry. co | I16: 082297051345 | J16: Sellyandini15@yahoo.com | L16: Tanggerang | M16: Dki Jakarta | N16: Jln. Duta Raya, Perumahan Taman Cibodas, Blok H1 No.2, Tanggerang | P16: 6250379160 | Q16: BCA | R16: 1 | S16: Lidya | T16: Intan
A17: =A16+1 -> 15 | B17: SHARE CMO | C17: REFERAL (Berlangganan) | D17: REFERRAL | E17: Mei | F17: 10409 | G17: Ahmad Kamal Dahlan | H17: Zona Laundry Mamuju | I17: 085213159125 | J17: kamaldoremi@gmail.com | K17: Kec. Simboro | L17: Kab. Mamuju | M17: Sulawesi Barat | N17: Jl. Martadinata Mamuju, Kab. Mamuju | P17: 305401020779530 | Q17: BRI | R17: 1 | S17: Lidya | T17: Intan
A18: =A17+1 -> 16 | B18: SHARE CMO | C18: REFERAL (Berlangganan) | D18: REFERRAL | E18: Mei | F18: 4323 | G18: Atik Nurbayati | H18: Delisha Laundry | I18: 081259819220 | J18: atiknurbayati@gmail.com | K18: Kec.Sedati Gede | L18: Kab. Sidoarjo | M18: Jawa Timur | N18: Jl.By Pass Bandara Juanda 35 Sedati Sidoarjo | P18: 6670332641 | Q18: BCA | R18: 3 | S18: Lidya | T18: Intan
A19: =A18+1 -> 17 | B19: SHARE CMO | C19: REFERAL (Berlangganan) | D19: REFERRAL | E19: September | F19: 8177 | G19: Tengku ariani | H19: Mame Laundry | I19: 081275566111 | J19: tengkuariani20@gmail.com | K19: tengkuariani20@gmail.com | L19: Kab. Deli Serdang | M19: Sumatera Utara | N19: jalan tani asli gang Samin sebelah kolam renang Wira kel.purwodadi kec.sunggal kab.deli Serdang Sumatera Utara | P19: Top up Saldo Aplikasi | R19: 1 | S19: Lidya | T19: Intan
A20: =A19+1 -> 18 | B20: SHARE CMO | C20: AFILIASI (Perlengkapan Ex. Mesin | D20: PERLENGKAPAN | F20: 6125 | G20: Harapan | H20: Expert laundry (Raja Setrika) | I20: 081264984318 | J20: daarun18@gmail.com | K20: Medan Kota | L20: Kota Medan | M20: Sumatera Utara | N20: Jl Pelajar Timur No.157B, kel.Teladan Timur, Kec.Medan kota, kota Medan, Sumatera Utara | P20: Top up Saldo Aplikasi | R20: 9 | S20: Lidya | T20: Intan
A21: =A20+1 -> 19 | B21: SHARE CMO | C21: AFILIASI (Perlengkapan Ex. Mesin | D21: PERLENGKAPAN | F21: - | G21: Nurul | H21: PT. Alfatih Tech Utama | I21: 089662321780 | K21: Jagakarsa | L21: Jakarta Selatan | M21: Dki Jakarta | N21: Jl. Komp. Desa Putera No.1, RT.7/RW.5, Srengseng Sawah, Kec. Jagakarsa, Kota Jakarta Selatan, DKI Jakarta | P21: 4212659928 | Q21: BCA | R21: 3 | S21: Lidya | T21: Intan
A22: =A21+1 -> 20 | B22: SHARE CMO | C22: AFILIASI (Perlengkapan Ex. Mesin | D22: PERLENGKAPAN | F22: - | G22: Nurul | H22: MIKAIL ELECTRONIK | I22: 081211542249 | K22: Grogol Selatan | L22: Jakarta Selatan | M22: Dki Jakarta | N22: Jl. Persatuan Amal Mulia No. 25b, RT.5/RW.13, Grogol Sel., Jakarta, Kota Jakarta Selatan | P22: 708501008072539 | Q22: BRI | R22: 6 | S22: Lidya | T22: Intan
A23: =A22+1 -> 21 | B23: SHARE CMO | C23: AFILIASI (Perlengkapan Ex. Mesin | D23: PERLENGKAPAN | F23: - | G23: KG TEKNIK BATAM | H23: KG TEKNIK BATAM | I23: 081364050429 | J23: amiraizati01@gmail.com | K23: Batam Kota | L23: Kota Batam | M23: Kepulauan Riau | N23: Ruko Puri Legenda Blok C2 No 02-03 Batam Centre | P23: 1090019010180 | Q23: MANDIRI | R23: 3 | S23: Lidya | T23: Intan
A24: =A23+1 -> 22 | B24: SHARE CMO | C24: AFILIASI (Perlengkapan Ex. Mesin | D24: PERLENGKAPAN | F24: - | G24: Taufik | H24: CV Kinsa Niaga Sukses | I24: 081213970585 | J24: chisa.qb@gmail.com | K24: Kec. Cibarusah | L24: Kab. Bekasi | M24: Jawa Barat | N24: Perumahan Cibarusah Indah Blok e23 No.4 Cibarusah Kota Kab. Bekasi Patokan sebelum masuk perumahan ada gapura dekat dengan mesjid perahu, Kec. Cibarusah, Jawa Barat 17340 | O24: CV KINSA NIAGA SUKSES | P24: 6880445471/6881294653 | Q24: BCA | R24: 80 | S24: Lidya | T24: Intan
G25: =COUNTA(G3:G24) -> 22 | R25: =SUM(R3:R24) -> 133 | S25: =COUNTA(S3:S24) -> 22
A26: =A24+1 -> 23 | B26: SHARE CMO | C26: AFILIASI (Perlengkapan Ex. Mesin | D26: PERLENGKAPAN | F26: 1782 | G26: Ismail Akbar | H26: Akbar Laundry | I26: 085251394079 | J26: ismail2015648@gmail.com | K26: Sungai Bangkong | L26: Kota Pontianak | M26: Kalimantan Barat | N26: jln dr Sutomo GG karya 1 no 78 Akbar Laundry dan Service Pontianak Kalimantan barat Jl. Dr. Sutomo, Gg. Karya 1 No. 78Kota Pontianak, Kalimantan Barat | P26: 304701028491533 | Q26: BRI | R26: 8 | S26: Heriwati, Givoni | T26: Givoni
A27: =A26+1 -> 24 | B27: SHARE CMO | C27: AFILIASI (Perlengkapan Ex. Mesin | D27: PERLENGKAPAN | E27: 44927 | F27: 6343 | G27: Ade Syahputra | H27: Key Loundry/AAdelia store | I27: 085270356833 | J27: papakey1708@gmail.com | K27: Sei Semayang | L27: Kab. Deli Serdang | M27: Sumatera Utara | N27: jln mesjid dusun 1 aman damai,Sei Semayang,Kab. Deli Serdang,Sumatera Utara | R27: 12 | S27: Heriwati, Givoni | T27: Givoni
A28: =A27+1 -> 25 | B28: SHARE CMO | C28: AFILIASI (Perlengkapan Ex. Mesin | D28: PERLENGKAPAN | F28: 989 | G28: Pak NANANG | H28: Junior Laundry | I28: 087786116755 | J28: nanangjunior232@gmail.com | K28: Grogol | L28: Kab. Sukoharjo | M28: Jawa Tengah | N28: Jl. Parangkesit, RT 02 / RW 17, Ngruki, Cemani, Grogol, Sukoharjo, Jawa Tengah | R28: 6 | S28: Heriwati, Givoni | T28: Givoni
A29: =A28+1 -> 26 | B29: SHARE CMO | C29: AFILIASI (Perlengkapan Ex. Mesin | D29: PERLENGKAPAN | F29: - | G29: Pak Medi | H29: BMG Laundry | R29: 2 | S29: Heriwati, Givoni | T29: Givoni
A30: =A29+1 -> 27 | B30: SHARE CMO | C30: AFILIASI (Perlengkapan Ex. Mesin | D30: PERLENGKAPAN | F30: 6509 | G30: Mulya Sari | H30: mulya jaya abadi | I30: 0813833788860 | J30: mulyasari992@gmail.com | K30: Cempaka Putih | L30: Kota Jakarta Pusat | M30: Dki Jakarta | N30: jl.cempaka putih tengah 1 no 10 a | R30: 6 | S30: Heriwati, Givoni | T30: Givoni
A31: =A30+1 -> 28 | B31: SHARE CMO | C31: AFILIASI (Perlengkapan Ex. Mesin | D31: PERLENGKAPAN | F31: 8645 | G31: Yendri Yusman | H31: Dhiva Laundry | I31: 081238802987 | J31: makmur0902@gmail.com | K31: Medan Maimun | L31: Kota Medan | M31: Sumatera Utara | N31: Jl. Brigjen katamso, Kel.Kampung Baru, Kec.Medan Maimun, Kota Medan, Sumatera Utara | P31: 8430520009 | Q31: BCA | R31: 4 | S31: Heriwati, Givoni | T31: Givoni
A32: =A31+1 -> 29 | B32: SHARE CMO | C32: AFILIASI (Perlengkapan Ex. Mesin | D32: PERLENGKAPAN | F32: 14152 | G32: Mohacmad Hadi | H32: PUTRA TEKNIK SEMARANG | I32: 087718146514 | J32: alifjunior210@gmail.com | L32: Semarang | M32: Jawa Tengah | N32: jl. Bukit Palem Kipas Blok 7, Semarang, Jawa Tengah | P32: 303701020614532 | Q32: BRI | R32: 2 | S32: Heriwati, Givoni | T32: Givoni
A33: =A32+1 -> 30 | B33: SHARE CMO | C33: AFILIASI (Perlengkapan Ex. Mesin | D33: PERLENGKAPAN | F33: - | G33: Adip | H33: ADIP LAUNDRY SEMARANG | I33: 081575502277 | R33: 1 | S33: Heriwati, Givoni | T33: Givoni
A34: =A33+1 -> 31 | B34: SHARE CMO | C34: FRANCHISE (Jual Brand Usaha) | D34: FRENCHISE | E34: 45047 | F34: - | G34: Beta Nurry Damayanti | H34: Deter_gent Laundry | I34: 081252347769 | J34: @detergentlaundry_official | K34: Lowokwaru | L34: Kota Malang | M34: Jawa Timur | N34: Jln Simp.Pandan Arum No 2 RT 01 RW 02, Desa/Kel. Jatimulyo, | P34: 223701000459309 | Q34: BRI | R34: 6 | S34: Heriwati, Givoni | T34: Givoni
A35: =A34+1 -> 32 | B35: SHARE CMO | C35: FRANCHISE (Jual Brand Usaha) | D35: FRENCHISE | F35: 10717 | G35: joko Widodo daulay | H35: Adira laundry expres | I35: 082181303164 | J35: askaraputradaulay@gmail.com | K35: Kisaran Timur | L35: Kab. Asahan | M35: Sumatera Utara | N35: Jalan kakak Tua, kisaran. Kab. Asahan,Sumatera Utara | P35: 269276177 | Q35: BNI | R35: 2 | S35: Heriwati, Givoni | T35: Givoni
A36: =A35+1 -> 33 | B36: SHARE CMO | C36: REFERAL (Berlangganan) | D36: REFERRAL | F36: 5836 | G36: Adi Prayitno | H36: Inches Laundry Express | I36: 082110007816 | J36: adiprayitno754@gmail.com | K36: Sungai Jawi | L36: Kota Pontianak | M36: Kalimantan Barat | N36: Jl. Tabrani Ahmad, Pontianak, kalimantan Barat | R36: 1 | S36: Heriwati, Givoni | T36: Givoni
A37: =A36+1 -> 34 | B37: SHARE CMO | C37: REFERAL (Berlangganan) | D37: REFERRAL | F37: 4896 | G37: Elisabeth | H37: Baladewa Laundry | I37: 089639843456 | J37: dhinidhini893@gmail.com | K37: Puseurjaya | L37: Kab. Karawang | M37: Jawa Barat | N37: Jl. Menati 1 No.27 Puserjaya Kec. Telukjambe Timur Kab. Karawang | R37: 1 | S37: Heriwati, Givoni | T37: Givoni
A38: =A37+1 -> 35 | B38: SHARE CMO | C38: REFERAL (Berlangganan) | D38: REFERRAL | F38: 7233 | G38: Riendi Pratama | H38: Adrienu laundry | I38: 081295989384 | J38: riendi.pratama@gmail.com | K38: Padangsambian Klod | L38: Kota Denpasar | M38: Bali | N38: Padangsambian,Kota Denpasar Kota Bali, Bali | R38: 1 | S38: Heriwati, Givoni | T38: Givoni
A39: =A38+1 -> 36 | B39: SHARE CMO | C39: REFERAL (Berlangganan) | D39: REFERRAL | F39: 2700 | G39: My Laundry | H39: Rezky Perdana | I39: 08116360330 | J39: superlte4g@gmail.com | K39: Tanjung Gusta | L39: Kab. Deli Serdang | M39: Sumatera Utara | N39: JL LEMBAGA PEMASYARAKATAN NO 225 | R39: 4 | S39: Heriwati, Givoni | T39: Givoni
A40: =A39+1 -> 37 | B40: SHARE CMO | C40: REFERAL (Berlangganan) | D40: REFERRAL | G40: Rico Yuli Prasetyo | H40: Raja Laundry | I40: O89501299837 | J40: rico.pras09785@gmail.com | L40: Surabaya | M40: Jawa Timur | N40: Bendul merisi GG 1 selatan no.59 surabaya | P40: 4290938843 | Q40: BCA | R40: 3 | S40: Heriwati, Givoni | T40: Givoni
A41: =A40+1 -> 38 | B41: SHARE CMO | C41: REFERAL (Berlangganan) | D41: REFERRAL | F41: 9265 | G41: Adi Muhammadiah | H41: CANDU LAUNDRY | I41: 087796877639 | J41: muhammadiah99@gmail.com | K41: Siantan | L41: Kab. Pontianak | M41: Kalimantan Barat | N41: Jalan Raya Jungkat | R41: 1 | S41: Heriwati, Givoni | T41: Givoni
A42: =A41+1 -> 39 | B42: SHARE CMO | C42: REFERAL (Berlangganan) | D42: REFERRAL | E42: September 2025 | F42: 14972 | G42: Trimardijati | H42: My Laundry | I42: 081236885494 | J42: maya2272@gmail.com | K42: Nunbaun Sabu | L42: Kota Kupang | M42: Nusa Tenggara Timur | N42: Jalan Pahlawan No 22 | P42: 44538470 | Q42: BNI | R42: 1 | S42: Heriwati, Givoni | T42: Givoni
A43: =A42+1 -> 40 | B43: SHARE CMO | C43: REFERAL (Berlangganan) | D43: REFERRAL | E43: Oktober 2025 | F43: - | G43: Razeco Laundry | H43: Razeco Laundry | I43: 085361656385 | J43: emmanputera85@gmail.com | K43: Medan selayang | L43: Kota Medan | M43: Sumatera Utara | N43: Perumahan Wijaya kesuma residence no 20. Jl. bunga Wijaya kesuma, kel PB. selayang II kecamatan Medan selayang Kota Medan | P43: 3491613155 | Q43: BCA | R43: 1 | S43: Heriwati, Givoni | T43: Givoni
A44: =A43+1 -> 41 | B44: SHARE CMO | C44: FRANCHISE (Jual Brand Usaha) | D44: FRENCHISE | E44: Agustus 2024 | F44: 10682 | G44: Pandapotan | H44: TUNTAS TENGGUMUNG | I44: 082257529696 | J44: tuntaslaundrytenggumung@gmail.com | K44: Wonokusumo | L44: Kota Surabaya | M44: Jawa Timur | N44: Jl.Tenggumung Karya Lor No.53 | P44: 6985282611 | Q44: BCA | R44: 1 | S44: Heriwati, Givoni | T44: Givoni
A45: =A44+1 -> 42 | B45: SHARE CMO | C45: AFILIASI (Perlengkapan Ex. Mesin | D45: PERLENGKAPAN | F45: - | G45: Agung | H45: KING LAUNDRY | I45: 081260746002 | R45: 1 | S45: Heriwati, Givoni | T45: Givoni
G46: =COUNTA(G26:G45) -> 20 | R46: =SUM(R26:R45) -> 62 | S46: =COUNTA(S26:S45) -> 20
A47: =A44+1 -> 42 | B47: SHARE CMO | C47: REFERAL (Berlangganan) | D47: REFERRAL | F47: 11117 | G47: Guruh Adi Pratama | H47: Doux Laundry | I47: 082114005032 | J47: pratamaadiguruh@gmail.com | L47: Jakarta Selatan | M47: Dki Jakarta | N47: Kebembem Raya No 35 Jagakarsa, Jakarta Selatan, DKI Jakarta | P47: 7180472813 | Q47: BCA | R47: 1 | S47: Heriwati | T47: Novel
A48: =A47+1 -> 43 | B48: SHARE CMO | C48: REFERAL (Berlangganan) | D48: REFERRAL | F48: 1694 | G48: Julita | H48: Kitee_Laundry | I48: 0822 88381555 | J48: julita.susanti123@gmail.com | K48: Ranai Darat | L48: Kab. Natuna | M48: Kepulauan Riau | N48: JLN. HR SEOBRANTAS RT/RW 002/003 RANAI DARAT | P48: 1090016628075 | Q48: MANDIRI | R48: 2 | S48: Heriwati | T48: Lady
A49: =A48+1 -> 44 | B49: SHARE CMO | C49: REFERAL (Berlangganan) | D49: REFERRAL | F49: 4134 | G49: Chareel Josua Vandana Maningkas | H49: Mercy Laundry | I49: 087712092001 | J49: cika.roline777@gmail.com | K49: Siopat Suhu | L49: Kota Pematang Siantar | M49: Sumatera Utara | N49: Asrama Poltekad Kodiklatad, Kota Pematang Siantar, Sumatera Utara | R49: 1 | S49: Heriwati | T49: Lady
A50: =A49+1 -> 45 | B50: SHARE CMO | C50: AFILIASI (Perlengkapan Ex. Mesin | D50: PERLENGKAPAN | F50: 8881 | G50: Nurmalatif | H50: JOGAN LAUNDRY | I50: 082191901440 | J50: noermalatief@gmail.com | K50: Medono | L50: Kota Pekalongan | M50: Jawa Tengah | N50: Perumahan Omah Alit Blok C No.10 Pekalongan, Jawa Tengah | P50: 2831496021 | Q50: BCA | R50: 3 | S50: Lidya | T50: Lady
G51: =COUNTA(G47:G50) -> 4 | R51: =SUM(R48:R50) -> 6 | S51: =COUNTA(#REF!) -> 1
A52: =A50+1 -> 46 | B52: SHARE CMO | C52: AFILIASI (Perlengkapan Ex. Mesin | D52: PERLENGKAPAN | F52: - | G52: Ardiansyah | H52: Loundrystore Jambi | I52: 081395114446 | J52: Laundrystore.jls@gmail.com | K52: Kota Baru | L52: Jambi | M52: Jambi | N52: Jl.Ir.H.Juanda No.19 Kel. Simpang Tiga Sipin Kec. Kota Baru Kota Jambi | P52: 563201048259538 | Q52: BRI | R52: 11 | S52: Lidya | T52: Novel
A53: =A52+1 -> 47 | B53: SHARE CMO | C53: REFERAL (Berlangganan) | D53: REFERRAL | E53: 45920 | F53: 15517 | G53: Erika/ M. Iqbal Romzah | H53: Many Laundy | I53: 081802656191 | J53: iqbalwilianza@gmail.com | K53: Jagakarsa | L53: Jakarta Selatan | M53: Dki Jakarta | N53: Gg. Muara IA Tanjung barat jakarta selatan | P53: 8681130152 | Q53: BCA | R53: 1 | S53: Heriwati | T53: Novel
A54: =A53+1 -> 48 | B54: SHARE CMO | C54: REFERAL (Berlangganan) | D54: REFERRAL | E54: 46167 | F54: - | G54: Tri Agustini | H54: Bisnis Laundry | I54: 085266613334 | J54: trisitompul1608@gmail.com | K54: Kec. Kota Baru | L54: Kota Jambi | M54: Jambi | N54: Jl. Pertdabas RT 26 Blok E07, Kenali Asam Atas, Kec. Kota Baru, Kota Jambi, Jambi | O54: TRI AGUSTINI | P54: 8190570089 | Q54: BCA | R54: 2 | S54: Heriwati
A55: =A54+1 -> 49 | B55: SHARE CMO | C55: AFILIASI (Perlengkapan Ex. Mesin | E55: 46148 | F55: 18598 | G55: Muhammad Demas Akira | H55: Ali Laundry | I55: 081809627576 | J55: demasakiram@gmail.com | K55: Kec.Barabai | L55: Kab.Hulu Sungai Tengah | M55: Kalimantan Selatan | N55: Jl. Bintara,Kec.Barabai, Kab.Hulu Sungai Tengah, Kalimantan Selatan | O55: Muhammad Demas Akira | P55: 449601006397509 | Q55: BRI | R55: 1 | S55: Heriwati
G56: =COUNTA(G52:G53) -> 2 | O56: Kec. Kota Baru, Kota Jambi, Jambi | R56: =SUM(R52) -> 11 | S56: =COUNTA(S52) -> 1
A57: TOTAL MITRA | G57: 47 | N57: TOTAL REFERRAL | R57: =R25+R46+R51+R56 -> 212

Sheet Mitra - Referral
B1: List Mitra | F1: Nasabah Yang Di Referralkan | U1: Berlangganan 2022 | AA1: Bonus Berlangganan 2023 | AI1: Bonus Berlangganan 2024 | AU1: 2025 | BG1: 2026 | BN1: Akumulasi
A2: No | B2: MITRA | C2: Kode Owner | D2: Nama | E2: Nama Brand / Outlet | F2: Kode Owner | G2: Nama Owner | H2: Nama Brand /Outlet | I2: Bukti Fu | J2: Kategory Mitra | K2: Paket Langganan | L2: PIC | M2: Link Bukti Follow Up | N2: Date Top Up | O2: Date of Renewal | P2: Status | Q2: Tanggal Pencairan 1 | R2: Tanggal Pencairan 2 | S2: Status Pencairan Komisi Mitra | T2: CMO | U2: 11 | V2: 12 | W2: 1 | X2: 2 | Y2: 3 | Z2: 4 | AA2: 5 | AB2: 6 | AC2: 7 | AD2: 8 | AE2: 9 | AF2: 10 | AG2: 11 | AH2: 12 | AI2: 1 | AJ2: 2 | AK2: 3 | AL2: 4 | AM2: 5 | AN2: 6 | AO2: 7 | AP2: 8 | AQ2: 9 | AR2: 10 | AS2: 11 | AT2: 12 | AU2: 1 | AV2: 2 | AW2: 3 | AX2: 4 | AY2: 5 | AZ2: 6 | BA2: 7 | BB2: 8 | BC2: 9 | BD2: 10 | BE2: 11 | BF2: 12 | BG2: 1 | BH2: 2 | BI2: 3 | BJ2: 4 | BK2: 5 | BL2: 6 | BM2: 7 | BN2: UNPAY | BO2: Tahap 1 | BP2: Tahap 2 | BQ2: PAY | BR2: TOTAL
A3: 1 | B3: FRANCHISE (Jual Brand Usaha) | C3: 6926 | D3: leny | E3: Get Laundry RMJ | F3: 8068 | G3: Get Laundry Villa Pamulang | H3: Get Laundry | J3: Referral | K3: Bisnis 12 Bulan | L3: Lidya | N3: 44956 | O3: 44956 | P3: Sudah 1 Tahun | S3: Selesai Dicairkan | W3: 150000 | X3: FINISH | BN3: =BR3-BQ3 -> 0 | BO3: 150000 | BP3: 0 | BQ3: =sum(U3:BH3) -> 150000 | BR3: =SUM(U3:BJ3) -> 150000
A4: =A3+1 -> 2 | B4: FRANCHISE (Jual Brand Usaha) | C4: 6926 | D4: leny | E4: Get Laundry RMJ | F4: 15516 | G4: obby/ mama laundry | H4: laundry/mama laundry | J4: Referral | K4: Bisnis 12 Bulan | L4: Lidya | M4: https://drive.google.com/file/d/1Vb5EJJZ2sZI5jQHpWT0um2fSt4v_4OSt/view?usp=sharing | N4: 45809 | O4: 45812 | P4: Sudah 1 Tahun | Q4: 45852 | S4: Selesai Dicairkan | BA4: 150000 | BB4: FINISH | BN4: =BR4-BQ4 -> 0 | BO4: 150000 | BP4: 0 | BQ4: =sum(U4:BH4) -> 150000 | BR4: =SUM(U4:BJ4) -> 150000
A5: =A4+1 -> 3 | B5: FRANCHISE (Jual Brand Usaha) | C5: 11165 | D5: Ayu Widyasari primanda | E5: HAWP LAUNDRY | F5: 13966 | G5: Laundryin Sini | H5: Laundry In Sini | J5: Corporate Paket Bisnis | K5: Bisnis 12 Bulan | L5: Lidya | N5: 45625 | O5: 45639 | P5: Sudah 1 Tahun | S5: Belum Dicairkan | T5: Share CMO | AS5: 181720 | AT5: FINISH | BN5: =BR5-BQ5 -> 181720 | BO5: 0 | BP5: 0 | BQ5: 0 | BR5: =SUM(U5:BJ5) -> 181720
A6: =A5+1 -> 4 | B6: REFERAL (Berlangganan) | C6: 1522 | D6: Sugiana | E6: Indah Express Laundry | F6: 8162 | G6: Viva Yuniarti | H6: Dilvio Laundry | J6: Referral | K6: Bisnis 12 Bulan | L6: Lidya | N6: 44953 | O6: 44953 | P6: Sudah 1 Tahun | S6: Selesai Dicairkan | W6: 150000 | X6: FINISH | BN6: =BR6-BQ6 -> 0 | BO6: 0 | BP6: 0 | BQ6: =sum(U6:BH6) -> 150000 | BR6: =SUM(U6:BJ6) -> 150000
A7: =A6+1 -> 5 | B7: REFERAL (Berlangganan) | C7: 6058 | D7: Citra Halim | E7: Citra Laundry | F7: 7885 | G7: Frenki Hardjono | H7: rejeki laundry | J7: Referral | K7: Bisnis 6 Bulan | L7: Lidya | N7: 44931 | O7: 44931 | P7: Sudah 1 Tahun | S7: Selesai Dicairkan | W7: 75000 | X7: - | Y7: - | Z7: - | AA7: - | AB7: - | AC7: US | AD7: US | AE7: US | AF7: US | AG7: US | AH7: US | AI7: FINISH | BN7: =BR7-BQ7 -> 0 | BO7: 0 | BP7: 0 | BQ7: =sum(U7:BH7) -> 75000 | BR7: =SUM(U7:BJ7) -> 75000
A8: =A7+1 -> 6 | B8: REFERAL (Berlangganan) | C8: 7479 | D8: farhan alfatan | E8: Citra Laundry | F8: 8761 | G8: Windi | H8: altha laundry | J8: Referral | K8: Basic 1 Bulan | L8: Lidya | N8: 45040 | O8: 45040 | P8: Sudah 1 Tahun | S8: Belum Dicairkan | T8: Share CMO | Z8: 8333 | AA8: 8333 | AB8: 8333 | AC8: 8333 | AD8: 8333 | AE8: 8333 | AF8: 8333 | AG8: 8333 | AH8: 8333 | AI8: 8333 | AJ8: 8333 | AK8: 8333 | AL8: FINISH | BN8: =BR8-BQ8 -> 99996 | BO8: 0 | BP8: 0 | BQ8: 0 | BR8: =SUM(U8:BJ8) -> 99996
A9: =A8+1 -> 7 | B9: REFERAL (Berlangganan) | C9: 4723 | D9: Budi Santo | E9: sahabat laundry | F9: 9322 | G9: Laundry Geulis | H9: geulis laundry | J9: Referral | K9: Basic 12 Bulan | L9: Lidya | N9: 45090 | O9: 45090 | P9: Sudah 1 Tahun | S9: Selesai Dicairkan | AB9: 100000 | AC9: FINISH | BN9: =BR9-BQ9 -> 0 | BO9: 0 | BP9: 0 | BQ9: =sum(U9:BH9) -> 100000 | BR9: =SUM(U9:BJ9) -> 100000
A10: =A9+1 -> 8 | B10: REFERAL (Berlangganan) | C10: 4723 | D10: Budi Santo | E10: sahabat laundry | F10: 7479 | G10: farhan alfatan | H10: juragan laundry | J10: Referral | K10: Bisnis 1 Bulan | L10: Lidya | N10: 44885 | O10: 44885 | P10: Sudah 1 Tahun | S10: Dicairkan Sebagian | T10: Share CMO | U10: 12500 | V10: 12500 | W10: 12500 | X10: 12500 | Y10: 12500 | Z10: 12500 | AA10: 12500 | AB10: 12500 | AC10: 12500 | AD10: 12500 | AE10: 12500 | AF10: 12500 | AG10: FINISH | BN10: =BR10-BQ10 -> 62500 | BO10: 87500 | BP10: 0 | BQ10: =sum(U10:AA10) -> 87500 | BR10: =SUM(U10:BJ10) -> 150000
A11: =A10+1 -> 9 | B11: REFERAL (Berlangganan) | C11: 4723 | D11: Budi Santo | E11: sahabat laundry | F11: 8763 | G11: Yadi Mulyawarman | H11: Ceuk Mamah/Ceuk Mamah Doel | J11: Referral | K11: Basic 1 Bulan | L11: Lidya | N11: 45041 | O11: 45041 | P11: Sudah 1 Tahun | S11: Dicairkan Sebagian | T11: Share CMO | Z11: 8333 | AA11: 8333 | AB11: 8333 | AC11: 8333 | AD11: 8333 | AE11: 8333 | AF11: 8333 | AG11: 8333 | AH11: 8333 | AI11: 8333 | AJ11: 8333 | AK11: 8333 | AL11: FINISH | BN11: =BR11-BQ11 -> 83330 | BO11: 16666 | BP11: 0 | BQ11: =sum(Z11:AA11) -> 16666 | BR11: =SUM(U11:BJ11) -> 99996
A12: =A11+1 -> 10 | B12: REFERAL (Berlangganan) | C12: 4723 | D12: Budi Santo | E12: sahabat laundry | F12: 9805 | G12: Asep Sugianto | H12: Akang Laundry | J12: Referral | K12: Basic 1 Bulan | L12: Lidya | N12: 45154 | O12: 45154 | P12: Sudah 1 Tahun | Q12: 45477 | S12: Dicairkan Sebagian | T12: Share CMO | AD12: 8333 | AE12: 8333 | AF12: 8333 | AG12: 8333 | AH12: 8333 | AI12: 8333 | AJ12: 8333 | AK12: 8333 | AL12: 8333 | AM12: 8333 | AN12: 8333 | AO12: 8333 | AP12: FINISH | BN12: =BR12-BQ12 -> 8333 | BO12: =SUM(AD12:AN12) -> 91663 | BP12: 0 | BQ12: =sum(AD12:AN12) -> 91663 | BR12: =SUM(U12:BJ12) -> 99996
A13: =A12+1 -> 11 | B13: REFERAL (Berlangganan) | C13: 4723 | D13: Budi Santo | E13: sahabat laundry | F13: 10049 | G13: Tini Hendriyani | H13: juragan laundry pabuaran | J13: Referral | K13: Basic 12 Bulan | L13: Lidya | N13: 45211 | O13: 45212 | P13: Sudah 1 Tahun | S13: Belum Dicairkan | T13: Share CMO | AF13: 8333 | AG13: 8333 | AH13: 8333 | AI13: 8333 | AJ13: =100000-AF13-AG13-AH13-AI13 -> 66668 | AK13: FINISH | BN13: =BR13-BQ13 -> 100000 | BO13: 0 | BP13: 0 | BQ13: 0 | BR13: =SUM(U13:BJ13) -> 100000
A14: =A13+1 -> 12 | B14: REFERAL (Berlangganan) | C14: 4723 | D14: Budi Santo | E14: sahabat laundry | F14: 12245 | G14: Neng gemoy | H14: Eneng gemoy | J14: Referral | K14: Basic 1 Bulan | L14: Lidya | N14: 45449 | O14: 45451 | P14: Sudah 1 Tahun | Q14: 45477 | S14: Dicairkan Sebagian | T14: Share CMO | AN14: 8333 | AO14: 8333 | AP14: 8333 | AQ14: 8333 | AR14: 8333 | AS14: 8333 | AT14: 8333 | AU14: 8333 | AV14: 8333 | AW14: 8333 | AX14: 8333 | AY14: 8333 | AZ14: FINISH | BN14: =BR14-BQ14 -> 91663 | BO14: =SUM(AN14) -> 8333 | BP14: 0 | BQ14: =AN14 -> 8333 | BR14: =SUM(U14:BJ14) -> 99996
A15: =A14+1 -> 13 | B15: REFERAL (Berlangganan) | C15: 7251 | D15: Yogi Lumban Tobing | E15: BAR LAUNDRY | F15: 9441 | G15: Kasih Laundry Siantar | H15: Kasih Laundry | J15: Referral | K15: Basic 12 Bulan | L15: Lidya | N15: 45106 | O15: 45106 | P15: Sudah 1 Tahun | S15: Selesai Dicairkan | AB15: 100000 | AC15: FINISH | BN15: =BR15-BQ15 -> 0 | BO15: 0 | BP15: 0 | BQ15: =sum(U15:BH15) -> 100000 | BR15: =SUM(U15:BJ15) -> 100000
A16: =A15+1 -> 14 | B16: REFERAL (Berlangganan) | C16: 4181 | D16: DIGNITY SINAGA | E16: DIGNITY LAUNDRY | F16: 9665 | G16: Rama Purba | H16: RAMA LAUNDRY | J16: Referral | K16: Basic 12 Bulan | L16: Lidya | N16: 45131 | O16: 45146 | P16: Sudah 1 Tahun | S16: Selesai Dicairkan | AC16: 100000 | AD16: FINISH | BN16: =BR16-BQ16 -> 0 | BO16: 0 | BP16: 0 | BQ16: =sum(U16:BH16) -> 100000 | BR16: =SUM(U16:BJ16) -> 100000
A17: =A16+1 -> 15 | B17: REFERAL (Berlangganan) | C17: 4181 | D17: DIGNITY SINAGA | E17: DIGNITY LAUNDRY | F17: 10250 | G17: Mieke Simamora | H17: Gwen Laundry | J17: Referral | K17: Basic 12 Bulan | L17: Lidya | N17: 45212 | O17: 45212 | P17: Sudah 1 Tahun | S17: Selesai Dicairkan | AF17: 100000 | AG17: FINISH | BN17: =BR17-BQ17 -> 0 | BO17: 0 | BP17: 0 | BQ17: =sum(U17:BH17) -> 100000 | BR17: =SUM(U17:BJ17) -> 100000
A18: =A17+1 -> 16 | B18: REFERAL (Berlangganan) | C18: 4181 | D18: DIGNITY SINAGA | E18: DIGNITY LAUNDRY | F18: 10237 | G18: Dolok Manullang | H18: Dr Laundry | J18: Referral | K18: Basic 12 Bulan | L18: Lidya | N18: 45212 | O18: 45212 | P18: Sudah 1 Tahun | S18: Selesai Dicairkan | AF18: 100000 | AG18: FINISH | BN18: =BR18-BQ18 -> 0 | BO18: 0 | BP18: 0 | BQ18: =sum(U18:BH18) -> 100000 | BR18: =SUM(U18:BJ18) -> 100000
A19: =A18+1 -> 17 | B19: REFERAL (Berlangganan) | C19: 4181 | D19: DIGNITY SINAGA | E19: DIGNITY LAUNDRY | F19: 11384 | G19: irwan derano parulian sinaga | H19: monang londry | J19: Referral | K19: Bisnis 1 Bulan | L19: Lidya | N19: 45341 | O19: 45341 | P19: Belum 1 Tahun | S19: Dicairkan Sebagian | T19: Share CMO | AJ19: 12500 | AK19: - | AL19: 12500 | AM19: 12500 | AN19: 12500 | AO19: 12500 | AP19: US | AQ19: US | AR19: US | AS19: US | AT19: US | AU19: US | AV19: FINISH | BN19: =BR19-BQ19 -> 50000 | BO19: 0 | BP19: 0 | BQ19: =sum(AJ19) -> 12500 | BR19: =SUM(U19:BJ19) -> 62500
A20: =A19+1 -> 18 | B20: REFERAL (Berlangganan) | C20: 4181 | D20: DIGNITY SINAGA | E20: DIGNITY LAUNDRY | F20: 11517 | G20: Nanci Siregar | H20: MALONA LAUNDRY | J20: Referral | K20: Basic 12 Bulan | L20: Lidya | N20: 45360 | O20: 45369 | P20: Sudah 1 Tahun | S20: Selesai Dicairkan | AK20: 100000 | AL20: FINISH | BN20: =BR20-BQ20 -> 0 | BO20: 0 | BP20: 0 | BQ20: =sum(U20:BH20) -> 100000 | BR20: =SUM(U20:BJ20) -> 100000
A21: =A20+1 -> 19 | B21: REFERAL (Berlangganan) | C21: 4181 | D21: DIGNITY SINAGA | E21: DIGNITY LAUNDRY | F21: 11741 | G21: Pya Laundry | H21: PYA LAUNDRY | J21: Referral | K21: Basic 12 Bulan | L21: Lidya | N21: 45381 | O21: 30/03/02 | P21: Sudah 1 Tahun | S21: Selesai Dicairkan | AK21: 100000 | AL21: FINISH | BN21: =BR21-BQ21 -> 0 | BO21: 0 | BP21: 0 | BQ21: =sum(U21:BH21) -> 100000 | BR21: =SUM(U21:BJ21) -> 100000
A22: =A21+1 -> 20 | B22: REFERAL (Berlangganan) | C22: 7801 | D22: Rahmawaty Madjid | E22: Aroma Palopo / NETTO LAUNDRY | F22: 10406 | G22: Sania kartika | H22: Fast Laundry | J22: Referral | K22: Bisnis 12 Bulan | L22: Lidya | N22: 45225 | O22: 45225 | P22: Sudah 1 Tahun | S22: Dicairkan Sebagian | T22: Share CMO | AF22: 12500 | AG22: 12500 | AH22: 12500 | AI22: 112500 | AJ22: FINISH | BN22: =BR22-BQ22 -> 137500 | BO22: 0 | BP22: 0 | BQ22: =sum(AF22) -> 12500 | BR22: =SUM(U22:BJ22) -> 150000
A23: =A22+1 -> 21 | B23: REFERAL (Berlangganan) | C23: 7801 | D23: Rahmawaty Madjid | E23: Aroma Palopo / NETTO LAUNDRY | F23: 10463 | G23: Riska | H23: Fast Laundry (Riska) | J23: Referral | K23: Bisnis 12 Bulan | L23: Lidya | N23: 45234 | O23: 45234 | P23: Sudah 1 Tahun | S23: Selesai Dicairkan | AG23: 150000 | AH23: FINISH | BN23: =BR23-BQ23 -> 0 | BO23: 0 | BP23: 0 | BQ23: =sum(U23:BH23) -> 150000 | BR23: =SUM(U23:BJ23) -> 150000
A24: =A23+1 -> 22 | B24: REFERAL (Berlangganan) | C24: 11515 | D24: APRILIA | E24: SHARENA LAUNDRY | F24: 12577 | G24: Lanri | H24: CUGOZKLIN | J24: Referral | K24: Bisnis 12 Bulan | L24: Lidya | N24: 45474 | O24: 45476 | P24: Sudah 1 Tahun | Q24: 45478 | S24: Selesai Dicairkan | AO24: 150000 | AP24: FINISH | BN24: =BR24-BQ24 -> 0 | BO24: =SUM(AO24) -> 150000 | BP24: 0 | BQ24: =sum(U24:BH24) -> 150000 | BR24: =SUM(U24:BJ24) -> 150000
A25: =A24+1 -> 23 | B25: REFERAL (Berlangganan) | C25: 9441 | D25: Kasih Laundry Siantar | E25: Kasih Laundry | F25: 13944 | G25: Orlando Manalu | H25: LAUNDRY KITA | J25: Referral | K25: Bisnis 12 Bulan | L25: Lidya | N25: 45624 | O25: 45634 | P25: Sudah 1 Tahun | Q25: 45643 | S25: Selesai Dicairkan | AT25: 150000 | AU25: FINISH | BN25: =BR25-BQ25 -> 0 | BO25: =SUM(AT25) -> 150000 | BP25: 0 | BQ25: =sum(U25:BH25) -> 150000 | BR25: =SUM(U25:BJ25) -> 150000
A26: =A25+1 -> 24 | B26: REFERAL (Berlangganan) | C26: 14464 | D26: Kilo Laundry | E26: Kilo Laundry Singosari | F26: 14837 | G26: Alban Vincent Wikardo | H26: Cucci Laundry Malang | J26: Referral | K26: Bisnis 12 Bulan | L26: Lidya | N26: 45744 | O26: 45750 | P26: Sudah 1 Tahun | Q26: 45756 | S26: Selesai Dicairkan | AW26: 150000 | AX26: FINISH | BN26: =BR26-BQ26 -> 0 | BO26: 150000 | BP26: 0 | BQ26: =sum(U26:BH26) -> 150000 | BR26: =SUM(U26:BJ26) -> 150000
A27: =A26+1 -> 25 | B27: REFERAL (Berlangganan) | C27: 13944 | D27: Orlando Manalu | E27: LAUNDRY KITA | F27: 14299 | G27: samuel saimima | H27: Wezz Laundry | J27: Referral | K27: Bisnis 6 Bulan | L27: Lidya | N27: 45936 | O27: 46326 | P27: Sudah 1 Tahun | S27: Belum Dicairkan | T27: Share CMO | AU27: =12500*6 -> 75000 | AV27: - | AW27: - | AX27: - | AY27: - | AZ27: - | BA27: - | BB27: - | BC27: - | BD27: =12500*6 -> 75000 | BE27: FINISH | BN27: =BR27-BQ27 -> 150000 | BO27: 0 | BP27: 0 | BQ27: 0 | BR27: =SUM(U27:BJ27) -> 150000
A28: =A27+1 -> 26 | B28: REFERAL (Berlangganan) | C28: 10563 | D28: Abi Hafidz | E28: AZZAHRO LAUNDRY ٣٨ CIKANDE | F28: 14529 | G28: ulfa | H28: bintang laundry | J28: Referral | K28: Bisnis 6 Bulan | L28: Lidya | N28: 46053 | O28: 46239 | P28: Sudah 1 Tahun | S28: Belum Dicairkan | T28: Share CMO | AU28: =12500*6 -> 75000 | AV28: - | AW28: - | AX28: - | AY28: - | AZ28: - | BA28: - | BB28: =12500*6 -> 75000 | BC28: FINISH | BN28: =BR28-BQ28 -> 150000 | BO28: 0 | BP28: 0 | BQ28: 0 | BR28: =SUM(U28:BJ28) -> 150000
A29: =A28+1 -> 27 | B29: REFERAL (Berlangganan) | C29: - | D29: Selly Andini | E29: Sultan Laundry. co | F29: 15694 | G29: Lou Laundry | H29: Lou Laundry | J29: Referral | K29: Bisnis 12 Bulan | L29: Lidya | M29: https://drive.google.com/file/d/1XAHJn_aO9g0JZeVdXb1-ySaHH_dSNBXp/view?usp=sharing | N29: 45838 | O29: 45841 | P29: Sudah 1 Tahun | Q29: 45852 | S29: Selesai Dicairkan | BA29: 150000 | BB29: FINISH | BN29: =BR29-BQ29 -> 0 | BO29: 150000 | BP29: 0 | BQ29: =sum(U29:BH29) -> 150000 | BR29: =SUM(U29:BJ29) -> 150000
A30: =A29+1 -> 28 | B30: REFERAL (Berlangganan) | C30: 10409 | D30: Ahmad Kamal Dahlan | E30: Zona Laundry Mamuju | F30: 15520 | G30: Nuzul Rahmat | H30: Wonder Wash | J30: Referral | K30: Bisnis 12 Bulan | L30: Lidya | M30: https://drive.google.com/file/d/1bWhlEd_sniZnaEC4ffaBa2NuUAYLlHTb/view?usp=sharing | N30: 45805 | O30: 45817 | P30: Sudah 1 Tahun | Q30: 45862 | S30: Selesai Dicairkan | AZ30: 150000 | BA30: - | BB30: FINISH | BN30: =BR30-BQ30 -> 0 | BO30: 150000 | BP30: 0 | BQ30: =sum(U30:BH30) -> 150000 | BR30: =SUM(U30:BJ30) -> 150000
A31: =A30+1 -> 29 | B31: REFERAL (Berlangganan) | C31: 4323 | D31: Atik Nurbayati | E31: Delisha Laundry | F31: 15514 | G31: Siti Umayah | H31: Super Laundry | J31: Referral | K31: Basic 12 Bulan | L31: Lidya | M31: https://drive.google.com/file/d/1oeFvFHRb21ZPhzAP3hPIV9RYNHCB11au/view?usp=sharing | N31: 45805 | O31: 45807 | P31: Sudah 1 Tahun | Q31: 45862 | S31: Selesai Dicairkan | AY31: 100000 | AZ31: - | BA31: - | BB31: FINISH | BN31: =BR31-BQ31 -> 0 | BO31: 100000 | BP31: 0 | BQ31: =sum(U31:BH31) -> 100000 | BR31: =SUM(U31:BJ31) -> 100000
A32: =A31+1 -> 30 | B32: REFERAL (Berlangganan) | C32: 8177 | D32: Tengku ariani | E32: Mame laundry | F32: 16306 | G32: Vicky loundry | H32: loundry | J32: Referral | K32: Basic 6 Bulan | L32: Lidya | N32: 45911 | O32: 45911 | P32: Belum 1 Tahun | Q32: 45932 | S32: Selesai Dicairkan | BC32: 49998 | BN32: =BR32-BQ32 -> 0 | BO32: 49998 | BP32: 0 | BQ32: =sum(U32:BH32) -> 49998 | BR32: =SUM(U32:BJ32) -> 49998
A33: =A32+1 -> 31 | B33: AFILIASI (Perlengkapan Ex. Mesin | C33: 6125 | D33: Harapan | E33: Expert laundry | F33: 9174 | G33: Vicky loundry | H33: Teman Laundry | J33: Referral | K33: Bisnis 12 Bulan | L33: Lidya | N33: 45075 | O33: 45108 | P33: Sudah 1 Tahun | S33: Selesai Dicairkan | AA33: 150000 | AB33: FINISH | BN33: =BR33-BQ33 -> 0 | BO33: 0 | BP33: 0 | BQ33: =sum(U33:BH33) -> 150000 | BR33: =SUM(U33:BJ33) -> 150000
A34: =A33+1 -> 32 | B34: AFILIASI (Perlengkapan Ex. Mesin | C34: 6125 | D34: Harapan | E34: Expert laundry | F34: 9477 | G34: Arem Laundry | H34: Arem Laundry | J34: Referral | K34: Bisnis 12 Bulan | L34: Lidya | N34: 45112 | O34: 45127 | P34: Sudah 1 Tahun | S34: Selesai Dicairkan | AC34: 150000 | AD34: FINISH | BN34: =BR34-BQ34 -> 0 | BO34: 0 | BP34: 0 | BQ34: =sum(U34:BH34) -> 150000 | BR34: =SUM(U34:BJ34) -> 150000
A35: =A34+1 -> 33 | B35: AFILIASI (Perlengkapan Ex. Mesin | C35: 6125 | D35: Harapan | E35: Expert laundry | F35: 9621 | G35: Marta Situmorang | H35: Sahabat Laundry | J35: Referral | K35: Basic 1 Bulan | L35: Lidya | N35: 45124 | O35: 45132 | P35: Sudah 1 Tahun | S35: Dicairkan Sebagian | AC35: 8333 | AD35: 8333 | AE35: - | AF35: 8333 | AG35: US | AH35: US | AI35: US | AJ35: US | AK35: US | AL35: US | AM35: US | AN35: US | AO35: FINISH | BN35: =BR35-BQ35 -> 16666 | BO35: 0 | BP35: 0 | BQ35: =sum(AC35) -> 8333 | BR35: =SUM(U35:BJ35) -> 24999
A36: =A35+1 -> 34 | B36: AFILIASI (Perlengkapan Ex. Mesin | C36: 6125 | D36: Harapan | E36: Expert laundry | F36: 10156 | G36: KHANZA LAUNDRY | H36: KHANZA LAUNDRY | J36: Referral | K36: Basic 1 Bulan | L36: Lidya | N36: 45187 | O36: 45205 | P36: Sudah 1 Tahun | S36: Belum Dicairkan | AE36: 8333 | AF36: US | AG36: US | AH36: US | AI36: US | AJ36: US | AK36: US | AL36: US | AM36: US | AN36: US | AO36: US | AP36: US | AQ36: FINISH | BN36: =BR36-BQ36 -> 8333 | BO36: 0 | BP36: 0 | BQ36: 0 | BR36: =SUM(U36:BJ36) -> 8333
A37: =A36+1 -> 35 | B37: AFILIASI (Perlengkapan Ex. Mesin | C37: 6125 | D37: Harapan | E37: Expert laundry | F37: 10254 | G37: INDAH SARI BARUS | H37: SINAR LAUNDRY | J37: Referral | K37: Basic 1 Bulan | L37: Lidya | N37: 45197 | O37: 45197 | P37: Sudah 1 Tahun | Q37: 45880 | S37: Dicairkan Sebagian | T37: Share CMO | AE37: 8333 | AF37: - | AG37: 8333 | AH37: 8333 | AI37: 8333 | AJ37: 8333 | AK37: 8333 | AL37: 8333 | AM37: 8333 | AN37: 8333 | AO37: 8333 | AP37: 8333 | AQ37: 8333 | AR37: FINISH | BN37: =BR37-BQ37 -> 8333 | BO37: 0 | BP37: 0 | BQ37: =sum(AG37:AQ37) -> 91663 | BR37: =SUM(U37:BJ37) -> 99996
A38: =A37+1 -> 36 | B38: AFILIASI (Perlengkapan Ex. Mesin | C38: - | D38: Ardiansyah | E38: Loundrystore Jambi | F38: 14813 | G38: SAGA LAUNDRY | H38: SAGA LAUNDRY JAMBI | J38: Referral | K38: Bisnis 6 Bulan | L38: Lidya | N38: 45906 | O38: 46087 | P38: Sudah 1 Tahun | Q38: 45904 | S38: Dicairkan Sebagian | T38: Share CMO | AV38: =150000/2 -> 75000 | AW38: - | AX38: - | AY38: - | AZ38: - | BA38: - | BB38: - | BC38: 75000 | BD38: FINISH | BN38: =BR38-BQ38 -> 75000 | BO38: =sum(AV38:BB38) -> 75000 | BP38: 0 | BQ38: =sum(AV38:BB38) -> 75000 | BR38: =SUM(U38:BJ38) -> 150000
A39: =A38+1 -> 37 | B39: AFILIASI (Perlengkapan Ex. Mesin | C39: - | D39: KG TEKNIK BATAM | E39: KG TEKNIK BATAM | F39: 15129 | G39: Robin | H39: boss laundry | J39: Referral | K39: Bisnis 12 Bulan | L39: Lidya | N39: 45758 | O39: 45768 | P39: Sudah 1 Tahun | S39: Belum Dicairkan | T39: Share CMO | AX39: 150000 | AY39: FINISH | BN39: =BR39-BQ39 -> 150000 | BO39: =SUM(AR39) -> 0 | BP39: 0 | BQ39: 0 | BR39: =SUM(U39:BJ39) -> 150000
A40: =A39+1 -> 38 | B40: AFILIASI (Perlengkapan Ex. Mesin | C40: - | D40: KG TEKNIK BATAM | E40: KG TEKNIK BATAM | F40: 15401 | G40: Susi Yanti | H40: D' Laundry coin | J40: Referral | K40: Bisnis 6 Bulan | L40: Lidya | N40: 45782 | O40: 45782 | P40: Belum 1 Tahun | S40: Belum Dicairkan | T40: Share CMO | AY40: 75000 | AZ40: - | BA40: - | BB40: - | BC40: - | BD40: - | BE40: US | BF40: US | BG40: US | BN40: =BR40-BQ40 -> 75000 | BO40: =SUM(AR40) -> 0 | BP40: 0 | BQ40: 0 | BR40: =SUM(U40:BJ40) -> 75000
A41: =A40+1 -> 39 | B41: AFILIASI (Perlengkapan Ex. Mesin | C41: - | D41: KG TEKNIK BATAM | E41: KG TEKNIK BATAM | F41: 15915 | G41: Anna Maria Btm | H41: MJS LAUNDRY COIN | J41: Referral | K41: Bisnis 6 Bulan, Basic 6 Bulan | L41: Lidya | N41: 46051 | O41: 46231 | P41: Sudah 1 Tahun | S41: Belum Dicairkan | T41: Share CMO | BA41: 75000 | BB41: - | BC41: - | BD41: - | BE41: - | BF41: - | BG41: =(100000/12)*6 -> 50000 | BH41: FINISH | BN41: =BR41-BQ41 -> 125000 | BO41: 0 | BP41: 0 | BQ41: 0 | BR41: =SUM(U41:BJ41) -> 125000
A42: =A41+1 -> 40 | B42: AFILIASI (Perlengkapan Ex. Mesin | C42: - | D42: KG TEKNIK BATAM | E42: KG TEKNIK BATAM | F42: 16393 | G42: Lina Sinaga | H42: Swalaundry | J42: Referral | K42: Bisnis 12 Bulan | L42: Lidya | N42: 45931 | O42: 45931 | P42: Sudah 1 Tahun | S42: Belum Dicairkan | T42: Share CMO | BD42: 180000 | BE42: FINISH | BN42: =BR42-BQ42 -> 180000 | BO42: 0 | BP42: 0 | BQ42: 0 | BR42: =SUM(U42:BJ42) -> 180000
A43: =A42+1 -> 41 | B43: AFILIASI (Perlengkapan Ex. Mesin | C43: - | D43: KG TEKNIK BATAM | E43: KG TEKNIK BATAM | F43: 17470 | G43: Ika Khairani | H43: Ika Laundry Coin | J43: Referral | K43: Pro 12 Bulan | L43: Lidya | N43: 46031 | O43: 22/01/26 | P43: Sudah 1 Tahun | S43: Belum Dicairkan | T43: Share CMO | BG43: 220000 | BH43: FINISH | BN43: =BR43-BQ43 -> 220000 | BO43: 0 | BP43: 0 | BQ43: 0 | BR43: =SUM(U43:BJ43) -> 220000
A44: =A43+1 -> 42 | B44: AFILIASI (Perlengkapan Ex. Mesin | C44: - | D44: KG TEKNIK BATAM | E44: KG TEKNIK BATAM | F44: 17409 | G44: NR LAUNDRY | H44: NR LAUNDRY | J44: Referral | K44: Pro 12 Bulan | L44: Lidya | N44: 29/01/26 | O44: 30/01/26 | P44: Sudah 1 Tahun | S44: Belum Dicairkan | T44: Share CMO | BG44: 220000 | BH44: FINISH | BN44: =BR44-BQ44 -> 220000 | BO44: 0 | BP44: 0 | BQ44: 0 | BR44: =SUM(U44:BJ44) -> 220000
A45: =A44+1 -> 43 | B45: AFILIASI (Perlengkapan Ex. Mesin | C45: - | D45: KG TEKNIK BATAM | E45: KG TEKNIK BATAM | F45: 17725 | G45: Ĵs Laundry | H45: jslaundry | J45: Referral | K45: Basic 12 Bulan | L45: Lidya | N45: 18/02/26 | O45: 18/02/26 | P45: Sudah 1 Tahun | S45: Belum Dicairkan | T45: Share CMO | BH45: 120000 | BI45: FINISH | BN45: =BR45-BQ45 -> 120000 | BO45: 0 | BP45: 0 | BQ45: 0 | BR45: =SUM(U45:BJ45) -> 120000
A46: =A45+1 -> 44 | B46: AFILIASI (Perlengkapan Ex. Mesin | C46: - | D46: KG TEKNIK BATAM | E46: KG TEKNIK BATAM | F46: 17818 | G46: Happy Laundry Coin | H46: Happy Laundry Coin | J46: Partnership | K46: Bisnis 6 Bulan | L46: Lidya | N46: 20/02/26 | O46: 20/02/26 | P46: Belum 1 Tahun | S46: Belum Dicairkan | T46: Share CMO | BH46: =210000/2 -> 105000 | BI46: - | BJ46: - | BK46: - | BL46: - | BM46: - | BN46: =BR46-BQ46 -> 105000 | BO46: 0 | BP46: 0 | BQ46: 0 | BR46: =SUM(U46:BJ46) -> 105000
A47: =A46+1 -> 45 | B47: AFILIASI (Perlengkapan Ex. Mesin | C47: - | D47: KG TEKNIK BATAM | E47: KG TEKNIK BATAM | F47: 17869 | G47: Supreme Wash Laundry | H47: SW Laundry | J47: Referral | K47: Pro 12 Bulan | L47: Lidya | N47: 25/02/26 | O47: 26/04/27 | P47: Sudah 1 Tahun | S47: Belum Dicairkan | T47: Share CMO | BH47: 220000 | BI47: FINISH | BN47: =BR47-BQ47 -> 220000 | BO47: 0 | BP47: 0 | BQ47: 0 | BR47: =SUM(U47:BJ47) -> 220000
A48: =A47+1 -> 46 | B48: AFILIASI (Perlengkapan Ex. Mesin | C48: - | D48: Nurul 1 | E48: PT. Alfatih Tech Utama | F48: 9230 | G48: Rita | H48: GOSOK TERUS | J48: Referral | K48: Basic 1 Bulan | L48: Lidya | N48: 45100 | O48: 45100 | P48: Sudah 1 Tahun | Q48: 45650 | S48: Selesai Dicairkan | AB48: 12500 | AC48: 12500 | AD48: 12500 | AE48: 12500 | AF48: 12500 | AG48: 12500 | AH48: 12500 | AI48: 12500 | AJ48: - | AK48: 12500 | AL48: 12500 | AM48: 8333 | AN48: FINISH | BN48: =BR48-BQ48 -> 0 | BO48: =SUM(AB48:AM48) -> 133333 | BP48: 0 | BQ48: =sum(U48:BH48) -> 133333 | BR48: =SUM(U48:BJ48) -> 133333
A49: =A48+1 -> 47 | B49: AFILIASI (Perlengkapan Ex. Mesin | C49: - | D49: Nurul 1 | E49: PT. Alfatih Tech Utama | F49: 12039 | G49: Lousi Laundry | H49: lousi laundry | J49: Referral | K49: Bisnis 1 Bulan | L49: Lidya | N49: 45491 | O49: 45521 | P49: Belum 1 Tahun | S49: Belum Dicairkan | T49: Share CMO | AM49: 12500 | AN49: 12500 | AO49: 12500 | AP49: US | AQ49: US | AR49: US | AS49: US | AT49: US | AU49: US | AV49: US | AW49: US | AX49: US | AY49: US | AZ49: US | BA49: US | BB49: US | BC49: US | BD49: US | BE49: US | BF49: US | BG49: US | BN49: =BR49-BQ49 -> 37500 | BO49: 0 | BP49: 0 | BQ49: 0 | BR49: =SUM(U49:BJ49) -> 37500
A50: =A49+1 -> 48 | B50: AFILIASI (Perlengkapan Ex. Mesin | C50: - | D50: Nurul 1 | E50: PT. Alfatih Tech Utama | F50: 12329 | G50: Rumah Laundry | H50: Rumah Laundry | J50: Referral | K50: Bisnis 12 Bulan | L50: Lidya | N50: 45446 | O50: 45448 | P50: Sudah 1 Tahun | Q50: 45650 | S50: Selesai Dicairkan | AN50: 150000 | AO50: FINISH | BN50: =BR50-BQ50 -> 0 | BO50: =SUM(AN50) -> 150000 | BP50: 0 | BQ50: =sum(U50:BH50) -> 150000 | BR50: =SUM(U50:BJ50) -> 150000
A51: =A50+1 -> 49 | B51: AFILIASI (Perlengkapan Ex. Mesin | C51: - | D51: Nurul | E51: MIKAIL ELECTRONIK | F51: 10218 | G51: Poltak | H51: Clean and Clear Laundry | J51: Referral | K51: Bisnis 1 Bulan | L51: Lidya | N51: 45196 | O51: 45196 | P51: Sudah 1 Tahun | Q51: 45649 | S51: Selesai Dicairkan | AE51: 12500 | AF51: - | AG51: 12500 | AH51: 12500 | AI51: 12500 | AJ51: 12500 | AK51: 12500 | AL51: 12500 | AM51: 12500 | AN51: 12500 | AO51: 12500 | AP51: 12500 | AQ51: 12500 | AR51: FINISH | BN51: =BR51-BQ51 -> 0 | BO51: =SUM(AE51:AQ51) -> 150000 | BP51: 0 | BQ51: =sum(U51:BH51) -> 150000 | BR51: =SUM(U51:BJ51) -> 150000
A52: =A51+1 -> 50 | B52: AFILIASI (Perlengkapan Ex. Mesin | C52: - | D52: Nurul | E52: MIKAIL ELECTRONIK | F52: 10378 | G52: Kim Laundry | H52: Kim Laundry | J52: Referral | K52: Basic 1 Bulan | L52: Lidya | N52: 45212 | O52: 45212 | P52: Sudah 1 Tahun | Q52: 45649 | S52: Selesai Dicairkan | AF52: 8333 | AG52: 8333 | AH52: 8333 | AI52: 8333 | AJ52: 8333 | AK52: 8333 | AL52: 8333 | AM52: 8333 | AN52: 8333 | AO52: 8333 | AP52: 8333 | AQ52: 8333 | AR52: FINISH | BN52: =BR52-BQ52 -> 0 | BO52: =SUM(AE52:AQ52) -> 99996 | BP52: 0 | BQ52: =sum(U52:BH52) -> 99996 | BR52: =SUM(U52:BJ52) -> 99996
A53: =A52+1 -> 51 | B53: AFILIASI (Perlengkapan Ex. Mesin | C53: - | D53: Nurul | E53: MIKAIL ELECTRONIK | F53: 10931 | G53: NITA | H53: 22 LAUNDRY | J53: Referral | K53: Basic 1 Bulan | L53: Lidya | N53: 45304 | O53: 45304 | P53: Sudah 1 Tahun | Q53: 45649 | S53: Dicairkan Sebagian | T53: Share CMO | AI53: 8333 | AJ53: 8333 | AK53: 8333 | AL53: 8333 | AM53: 8333 | AN53: 8333 | AO53: 8333 | AP53: 8333 | AQ53: 8333 | AR53: US | AS53: 8333 | AT53: 8333 | AU53: FINISH | BN53: =BR53-BQ53 -> 41665 | BO53: =SUM(AI53:AN53) -> 49998 | BP53: 0 | BQ53: =sum(AI53:AN53) -> 49998 | BR53: =SUM(U53:BJ53) -> 91663
A54: =A53+1 -> 52 | B54: AFILIASI (Perlengkapan Ex. Mesin | C54: - | D54: Nurul | E54: MIKAIL ELECTRONIK | F54: 10964 | G54: NATAMA | H54: NATAMA LOUNDRY | J54: Referral | K54: Basic 1 Bulan | L54: Lidya | N54: 45305 | O54: 45307 | P54: Sudah 1 Tahun | Q54: 45649 | S54: Dicairkan Sebagian | T54: Share CMO | AI54: 8333 | AJ54: 8333 | AK54: 8333 | AL54: 8333 | AM54: 8333 | AN54: 8333 | AO54: 8333 | AP54: 8333 | AQ54: 8333 | AR54: 8333 | AS54: 8333 | AT54: 8333 | AU54: FINISH | BN54: =BR54-BQ54 -> 49998 | BO54: =SUM(AI54:AN54) -> 49998 | BP54: 0 | BQ54: =sum(AI54:AN54) -> 49998 | BR54: =SUM(U54:BJ54) -> 99996
A55: =A54+1 -> 53 | B55: AFILIASI (Perlengkapan Ex. Mesin | C55: - | D55: Nurul | E55: MIKAIL ELECTRONIK | F55: 11154 | G55: retno widya | H55: ada laundry | J55: Referral | K55: Basic 1 Bulan | L55: Lidya | N55: 45327 | O55: 45327 | P55: Sudah 1 Tahun | Q55: 45649 | S55: Dicairkan Sebagian | T55: Share CMO | AJ55: 8333 | AK55: 8333 | AL55: 8333 | AM55: 8333 | AN55: 8333 | AO55: 8333 | AP55: 8333 | AQ55: 8333 | AR55: 8333 | AS55: 8333 | AT55: 8333 | AU55: 8333 | AV55: FINISH | BN55: =BR55-BQ55 -> 49998 | BO55: =SUM(AJ55:AO55) -> 49998 | BP55: 0 | BQ55: =sum(AJ55:AO55) -> 49998 | BR55: =SUM(U55:BJ55) -> 99996
A56: =A55+1 -> 54 | B56: AFILIASI (Perlengkapan Ex. Mesin | C56: - | D56: Nurul | E56: MIKAIL ELECTRONIK | F56: 11492 | G56: Bubble Wash Laundry | H56: Bubble Wash | J56: Referral | K56: Bisnis 12 Bulan | L56: Lidya | N56: 45355 | O56: 45737 | P56: Sudah 1 Tahun | Q56: 45649 | S56: Selesai Dicairkan | AK56: 150000 | AL56: FINISH | BN56: =BR56-BQ56 -> 0 | BO56: =SUM(AK56) -> 150000 | BP56: 0 | BQ56: =sum(U56:BH56) -> 150000 | BR56: =SUM(U56:BJ56) -> 150000
A57: =A56+1 -> 55 | B57: AFILIASI (Perlengkapan Ex. Mesin | C57: - | D57: Taufik | E57: CV Kinsa Niaga Sukses | F57: 8159 | G57: novi yantih | H57: loundry168 | J57: Referral | K57: Basic 1 Bulan | L57: Lidya | N57: 44965 | O57: 44965 | P57: Sudah 1 Tahun | R57: 45552 | S57: Selesai Dicairkan | X57: 8333 | Y57: 8333 | Z57: 8333 | AA57: 8333 | AB57: 8333 | AC57: 8333 | AD57: 8333 | AE57: 8333 | AF57: 8333 | AG57: 8333 | AH57: 8333 | AI57: 8333 | AJ57: FINISH | BN57: =BR57-BQ57 -> 0 | BO57: =sum(X57:AH57) -> 91663 | BP57: =AI57 -> 8333 | BQ57: =sum(U57:BH57) -> 99996 | BR57: =SUM(U57:BJ57) -> 99996
A58: =A57+1 -> 56 | B58: AFILIASI (Perlengkapan Ex. Mesin | C58: - | D58: Taufik | E58: CV Kinsa Niaga Sukses | F58: 8460 | G58: Yosi | H58: Yosi Laundry | J58: Referral | K58: Basic 1 Bulan | L58: Lidya | N58: 44988 | O58: 45001 | P58: Sudah 1 Tahun | S58: Selesai Dicairkan | Y58: 8333 | Z58: 8333 | AA58: 8333 | AB58: US | AC58: US | AD58: US | AE58: US | AF58: US | AG58: US | AH58: US | AI58: US | AJ58: US | AK58: FINISH | BN58: =BR58-BQ58 -> 0 | BO58: 0 | BP58: 0 | BQ58: =sum(U58:BH58) -> 24999 | BR58: =SUM(U58:BJ58) -> 24999
A59: =A58+1 -> 57 | B59: AFILIASI (Perlengkapan Ex. Mesin | C59: - | D59: Taufik | E59: CV Kinsa Niaga Sukses | F59: 8555 | G59: Selly Andini | H59: Sultan Laundry. co | J59: Referral | K59: Bisnis 12 Bulan | L59: Lidya | M59: https://drive.google.com/file/d/1XAHJn_aO9g0JZeVdXb1-ySaHH_dSNBXp/view?usp=sharing | N59: 45006 | O59: 45018 | P59: Sudah 1 Tahun | S59: Selesai Dicairkan | Y59: 150000 | Z59: FINISH | BN59: =BR59-BQ59 -> 0 | BO59: 0 | BP59: 0 | BQ59: =sum(U59:BH59) -> 150000 | BR59: =SUM(U59:BJ59) -> 150000
A60: =A59+1 -> 58 | B60: AFILIASI (Perlengkapan Ex. Mesin | C60: - | D60: Taufik | E60: CV Kinsa Niaga Sukses | F60: 8793 | G60: Jessica | H60: Super Power Wash Laundry | J60: Referral | K60: Bisnis 12 Bulan | L60: Lidya | N60: 45047 | O60: 45047 | P60: Sudah 1 Tahun | S60: Selesai Dicairkan | AA60: 150000 | AB60: FINISH | BN60: =BR60-BQ60 -> 0 | BO60: 0 | BP60: 0 | BQ60: =sum(U60:BH60) -> 150000 | BR60: =SUM(U60:BJ60) -> 150000
A61: =A60+1 -> 59 | B61: AFILIASI (Perlengkapan Ex. Mesin | C61: - | D61: Taufik | E61: CV Kinsa Niaga Sukses | F61: 8813 | G61: Arfat Ardiansyah | H61: Aqila's Laundry | J61: Referral | K61: Bisnis 12 Bulan | L61: Lidya | N61: 45037 | O61: 45037 | P61: Sudah 1 Tahun | S61: Selesai Dicairkan | Z61: 150000 | AA61: FINISH | BN61: =BR61-BQ61 -> 0 | BO61: 0 | BP61: 0 | BQ61: =sum(U61:BH61) -> 150000 | BR61: =SUM(U61:BJ61) -> 150000
A62: =A61+1 -> 60 | B62: AFILIASI (Perlengkapan Ex. Mesin | C62: - | D62: Taufik | E62: CV Kinsa Niaga Sukses | F62: 8946 | G62: Debora Yan | H62: DEBORA LAUNDRY | J62: Referral | K62: Bisnis 12 Bulan | L62: Lidya | N62: 45051 | O62: 45055 | P62: Sudah 1 Tahun | S62: Selesai Dicairkan | AA62: 150000 | AB62: FINISH | BN62: =BR62-BQ62 -> 0 | BO62: 0 | BP62: 0 | BQ62: =sum(U62:BH62) -> 150000 | BR62: =SUM(U62:BJ62) -> 150000
A63: =A62+1 -> 61 | B63: AFILIASI (Perlengkapan Ex. Mesin | C63: - | D63: Taufik | E63: CV Kinsa Niaga Sukses | F63: 9033 | G63: Dolphin Laundry Mampang | H63: Dolphin Laundry | J63: Referral | K63: Bisnis 12 Bulan | L63: Lidya | N63: 45059 | O63: 45070 | P63: Sudah 1 Tahun | S63: Selesai Dicairkan | AA63: 150000 | AB63: FINISH | BN63: =BR63-BQ63 -> 0 | BO63: 0 | BP63: 0 | BQ63: =sum(U63:BH63) -> 150000 | BR63: =SUM(U63:BJ63) -> 150000
A64: =A63+1 -> 62 | B64: AFILIASI (Perlengkapan Ex. Mesin | C64: - | D64: Taufik | E64: CV Kinsa Niaga Sukses | F64: 9039 | G64: Alvyan | H64: Alvyan laundry | J64: Referral | K64: Basic 1 Bulan | L64: Lidya | N64: 45060 | O64: 45060 | P64: Sudah 1 Tahun | S64: Selesai Dicairkan | AA64: 8333 | AB64: US | AC64: US | AD64: US | AE64: US | AF64: US | AG64: US | AH64: US | AI64: US | AJ64: US | AK64: US | AL64: US | AM64: FINISH | BN64: =BR64-BQ64 -> 0 | BO64: 0 | BP64: 0 | BQ64: =sum(U64:BH64) -> 8333 | BR64: =SUM(U64:BJ64) -> 8333
A65: =A64+1 -> 63 | B65: AFILIASI (Perlengkapan Ex. Mesin | C65: - | D65: Taufik | E65: CV Kinsa Niaga Sukses | F65: 8995 | G65: Muhammad Anas,19-5-2023 | H65: C2Laundry | J65: Referral | K65: Bisnis 1 Bulan | L65: Lidya | N65: 45060 | O65: 45064 | P65: Sudah 1 Tahun | R65: 45552 | S65: Selesai Dicairkan | AA65: 12500 | AB65: 12500 | AC65: 12500 | AD65: 12500 | AE65: 12500 | AF65: 12500 | AG65: 12500 | AH65: 12500 | AI65: 12500 | AJ65: 12500 | AK65: 12500 | AL65: 12500 | AM65: FINISH | BN65: =BR65-BQ65 -> 0 | BO65: 0 | BP65: =sum(AI65:AL65) -> 50000 | BQ65: =sum(U65:BH65) -> 150000 | BR65: =SUM(U65:BJ65) -> 150000
A66: =A65+1 -> 64 | B66: AFILIASI (Perlengkapan Ex. Mesin | C66: - | D66: Taufik | E66: CV Kinsa Niaga Sukses | F66: 9045 | G66: Devita Sari | H66: fayraa loundry | J66: Referral | K66: Bisnis 1 Bulan | L66: Lidya | N66: 45061 | O66: 45061 | P66: Sudah 1 Tahun | S66: Selesai Dicairkan | AA66: 12500 | AB66: US | AC66: US | AD66: US | AE66: US | AF66: US | AG66: US | AH66: US | AI66: US | AJ66: US | AK66: US | AL66: US | AM66: FINISH | BN66: =BR66-BQ66 -> 0 | BO66: 0 | BP66: 0 | BQ66: =sum(U66:BH66) -> 12500 | BR66: =SUM(U66:BJ66) -> 12500
A67: =A66+1 -> 65 | B67: AFILIASI (Perlengkapan Ex. Mesin | C67: - | D67: Taufik | E67: CV Kinsa Niaga Sukses | F67: 9111 | G67: Sigit | H67: Only One Laundry Mart | J67: Referral | K67: Basic 1 Bulan | L67: Lidya | N67: 45069 | O67: 45077 | P67: Sudah 1 Tahun | R67: 45552 | S67: Selesai Dicairkan | AA67: 8333 | AB67: US | AC67: 8333 | AD67: 8333 | AE67: 8333 | AF67: 8333 | AG67: 8333 | AH67: 8333 | AI67: 8333 | AJ67: 8333 | AK67: 8333 | AL67: 8333 | AM67: FINISH | BN67: =BR67-BQ67 -> 0 | BO67: 0 | BP67: =sum(AI67:AM67) -> 33332 | BQ67: =sum(U67:BH67) -> 91663 | BR67: =SUM(U67:BJ67) -> 91663
A68: =A67+1 -> 66 | B68: AFILIASI (Perlengkapan Ex. Mesin | C68: - | D68: Taufik | E68: CV Kinsa Niaga Sukses | F68: 9065 | G68: Waroeng Cuci | H68: Waroeng Cuci | J68: Referral | K68: Basic 1 Bulan | L68: Lidya | N68: 45075 | O68: 45075 | P68: Sudah 1 Tahun | S68: Selesai Dicairkan | AA68: 8333 | AB68: - | AC68: 8333 | AD68: 8333 | AE68: 8333 | AF68: US | AG68: US | AH68: US | AI68: US | AJ68: US | AK68: US | AL68: US | AM68: FINISH | BN68: =BR68-BQ68 -> 0 | BO68: 0 | BP68: 0 | BQ68: =sum(U68:BH68) -> 33332 | BR68: =SUM(U68:BJ68) -> 33332
A69: =A68+1 -> 67 | B69: AFILIASI (Perlengkapan Ex. Mesin | C69: - | D69: Taufik | E69: CV Kinsa Niaga Sukses | F69: 9299 | G69: Mutia Citra | H69: Ncuci yuuk! | J69: Referral | K69: Basic 1 Bulan | L69: Lidya | N69: 45101 | O69: 45102 | P69: Sudah 1 Tahun | R69: 45552 | S69: Selesai Dicairkan | AB69: 8333 | AC69: 8333 | AD69: 8333 | AE69: 8333 | AF69: 8333 | AG69: 8333 | AH69: 8333 | AI69: 8333 | AJ69: 8333 | AK69: 8333 | AL69: 8333 | AM69: 8333 | AN69: FINISH | BN69: =BR69-BQ69 -> 0 | BO69: 0 | BP69: =sum(AI69:AM69) -> 41665 | BQ69: =sum(U69:BH69) -> 99996 | BR69: =SUM(U69:BJ69) -> 99996
A70: =A69+1 -> 68 | B70: AFILIASI (Perlengkapan Ex. Mesin | C70: - | D70: Taufik | E70: CV Kinsa Niaga Sukses | F70: 9219 | G70: Sisca DJR | H70: Mamih Laundry | J70: Referral | K70: Bisnis 1 Bulan | L70: Lidya | N70: 45096 | O70: 45096 | P70: Sudah 1 Tahun | S70: Dicairkan Sebagian | T70: Share CMO | AB70: 12500 | AC70: 8333 | AD70: 8333 | AE70: US | AF70: US | AG70: US | AH70: 8333 | AI70: US | AJ70: 8333 | AK70: US | AL70: US | AM70: US | AN70: FINISH | BN70: =BR70-BQ70 -> 8333 | BO70: 0 | BP70: 0 | BQ70: =sum(AA70:AH70) -> 37499 | BR70: =SUM(U70:BJ70) -> 45832
A71: =A70+1 -> 69 | B71: AFILIASI (Perlengkapan Ex. Mesin | C71: - | D71: Taufik | E71: CV Kinsa Niaga Sukses | F71: 9288 | G71: ROYAL LAUNDRY | H71: test/Royal laundry | J71: Referral | K71: Basic 1 Bulan | L71: Lidya | N71: 45102 | O71: 45102 | P71: Sudah 1 Tahun | S71: Selesai Dicairkan | AB71: 8333 | AC71: US | AD71: US | AE71: US | AF71: US | AG71: US | AH71: US | AI71: US | AJ71: US | AK71: US | AL71: US | AM71: US | AN71: FINISH | BN71: =BR71-BQ71 -> 0 | BO71: 0 | BP71: 0 | BQ71: =sum(U71:BH71) -> 8333 | BR71: =SUM(U71:BJ71) -> 8333
A72: =A71+1 -> 70 | B72: AFILIASI (Perlengkapan Ex. Mesin | C72: - | D72: Taufik | E72: CV Kinsa Niaga Sukses | F72: 9393 | G72: siti rahmah | H72: fresh laundry/FRESH LAUNDRY | J72: Referral | K72: Basic 1 Bulan | L72: Lidya | N72: 45100 | O72: 45113 | P72: Sudah 1 Tahun | R72: 45552 | S72: Selesai Dicairkan | AB72: 8333 | AC72: 8333 | AD72: 8333 | AE72: - | AF72: 8333 | AG72: 8333 | AH72: 8333 | AI72: 8333 | AJ72: 8333 | AK72: 8333 | AL72: 8333 | AM72: 8333 | AN72: FINISH | BN72: =BR72-BQ72 -> 0 | BO72: 0 | BP72: =sum(AI72:AM72) -> 41665 | BQ72: =sum(U72:BH72) -> 91663 | BR72: =SUM(U72:BJ72) -> 91663
A73: =A72+1 -> 71 | B73: AFILIASI (Perlengkapan Ex. Mesin | C73: - | D73: Taufik | E73: CV Kinsa Niaga Sukses | F73: 9386 | G73: Nova Anggraini | H73: Laundry Budeh | J73: Referral | K73: Bisnis 1 Bulan | L73: Lidya | N73: 45114 | O73: 45114 | P73: Sudah 1 Tahun | R73: 45552 | S73: Selesai Dicairkan | AC73: 12500 | AD73: 12500 | AE73: 12500 | AF73: 12500 | AG73: 12500 | AH73: 12500 | AI73: 12500 | AJ73: 12500 | AK73: 12500 | AL73: 12500 | AM73: 12500 | AN73: 12500 | AO73: FINISH | BN73: =BR73-BQ73 -> 0 | BO73: 0 | BP73: =sum(AI73:AN73) -> 75000 | BQ73: =sum(U73:BH73) -> 150000 | BR73: =SUM(U73:BJ73) -> 150000
A74: =A73+1 -> 72 | B74: AFILIASI (Perlengkapan Ex. Mesin | C74: - | D74: Taufik | E74: CV Kinsa Niaga Sukses | F74: 9346 | G74: Srie | H74: Nadifa Laundry/Seven Laundry | J74: Referral | K74: Bisnis 12 Bulan | L74: Lidya | N74: 45108 | O74: 45108 | P74: Sudah 1 Tahun | S74: Selesai Dicairkan | AC74: 12500 | AD74: =150000-AC74 -> 137500 | AE74: FINISH | BN74: =BR74-BQ74 -> 0 | BO74: 0 | BP74: 0 | BQ74: =sum(U74:BH74) -> 150000 | BR74: =SUM(U74:BJ74) -> 150000
A75: =A74+1 -> 73 | B75: AFILIASI (Perlengkapan Ex. Mesin | C75: - | D75: Taufik | E75: CV Kinsa Niaga Sukses | F75: 9646 | G75: Dwi retno | H75: New_ci | J75: Referral | K75: Bisnis 1 Bulan | L75: Lidya | N75: 45130 | O75: 45134 | P75: Sudah 1 Tahun | S75: Selesai Dicairkan | AC75: 12500 | AD75: US | AE75: 12500 | AF75: US | AG75: US | AH75: US | AI75: US | AJ75: US | AK75: US | AL75: US | AM75: US | AN75: US | AO75: FINISH | BN75: =BR75-BQ75 -> 0 | BO75: 0 | BP75: 0 | BQ75: =sum(U75:BH75) -> 25000 | BR75: =SUM(U75:BJ75) -> 25000
A76: =A75+1 -> 74 | B76: AFILIASI (Perlengkapan Ex. Mesin | C76: - | D76: Taufik | E76: CV Kinsa Niaga Sukses | F76: 9766 | G76: Owner | H76: Lucky Laundry | J76: Referral | K76: Bisnis 12 Bulan | L76: Lidya | N76: 45146 | O76: 45148 | P76: Sudah 1 Tahun | S76: Selesai Dicairkan | AD76: 150000 | AE76: FINISH | BN76: =BR76-BQ76 -> 0 | BO76: 0 | BP76: 0 | BQ76: =sum(U76:BH76) -> 150000 | BR76: =SUM(U76:BJ76) -> 150000
A77: =A76+1 -> 75 | B77: AFILIASI (Perlengkapan Ex. Mesin | C77: - | D77: Taufik | E77: CV Kinsa Niaga Sukses | F77: 9710 | G77: Ariani Arianii | H77: Madame Clean | J77: Referral | K77: Bisnis 1 Bulan | L77: Lidya | N77: 45149 | O77: 45149 | P77: Sudah 1 Tahun | S77: Dicairkan Sebagian | T77: Share CMO | AD77: 12500 | AE77: 12500 | AF77: 12500 | AG77: US | AH77: US | AI77: US | AJ77: 12500 | AK77: US | AL77: 12500 | AM77: US | AN77: US | AO77: US | AP77: FINISH | BN77: =BR77-BQ77 -> 25000 | BO77: 0 | BP77: 0 | BQ77: =sum(AD77:AI77) -> 37500 | BR77: =SUM(U77:BJ77) -> 62500
A78: =A77+1 -> 76 | B78: AFILIASI (Perlengkapan Ex. Mesin | C78: - | D78: Taufik | E78: CV Kinsa Niaga Sukses | F78: 9879 | G78: Lilac Wash | H78: Lilac wash | J78: Referral | K78: Bisnis 1 Bulan | L78: Lidya | N78: 45180 | O78: 45180 | P78: Sudah 1 Tahun | S78: Selesai Dicairkan | AE78: 12500 | AF78: US | AG78: US | AH78: US | AI78: US | AJ78: US | AK78: US | AL78: US | AM78: US | AN78: US | AO78: US | AP78: US | AQ78: FINISH | BN78: =BR78-BQ78 -> 0 | BO78: 0 | BP78: 0 | BQ78: =sum(U78:BH78) -> 12500 | BR78: =SUM(U78:BJ78) -> 12500
A79: =A78+1 -> 77 | B79: AFILIASI (Perlengkapan Ex. Mesin | C79: - | D79: Taufik | E79: CV Kinsa Niaga Sukses | F79: 8623 | G79: Efa Fauziah | H79: Aksara Q-won Laundry | J79: Referral | K79: Bisnis 12 Bulan | L79: Lidya | N79: 45180 | O79: 45180 | P79: Sudah 1 Tahun | S79: Selesai Dicairkan | AE79: 12500 | AF79: US | AG79: US | AH79: US | AI79: US | AJ79: US | AK79: 137500 | AL79: FINISH | BN79: =BR79-BQ79 -> 0 | BO79: 0 | BP79: 0 | BQ79: =sum(U79:BH79) -> 150000 | BR79: =SUM(U79:BJ79) -> 150000
A80: =A79+1 -> 78 | B80: AFILIASI (Perlengkapan Ex. Mesin | C80: - | D80: Taufik | E80: CV Kinsa Niaga Sukses | F80: 10027 | G80: Hilda Yuliani | H80: Beb! Laundry | J80: Referral | K80: Basic 1 Bulan | L80: Lidya | N80: 45197 | O80: 45197 | P80: Sudah 1 Tahun | R80: 45552 | S80: Selesai Dicairkan | AE80: 8333 | AF80: 8333 | AG80: 8333 | AH80: 8333 | AI80: 8333 | AJ80: 8333 | AK80: 8333 | AL80: 8333 | AM80: 8333 | AN80: 8333 | AO80: 8333 | AP80: 8333 | AQ80: FINISH | BN80: =BR80-BQ80 -> 0 | BO80: 0 | BP80: =sum(AI80:AP80) -> 66664 | BQ80: =sum(U80:BH80) -> 99996 | BR80: =SUM(U80:BJ80) -> 99996
A81: =A80+1 -> 79 | B81: AFILIASI (Perlengkapan Ex. Mesin | C81: - | D81: Taufik | E81: CV Kinsa Niaga Sukses | F81: 10142 | G81: okta | H81: INCESSA LAUNDRY | J81: Referral | K81: Bisnis 6 Bulan | L81: Lidya | N81: 45202 | O81: 45202 | P81: Sudah 1 Tahun | R81: 45552 | S81: Selesai Dicairkan | AF81: 75000 | AG81: - | AH81: - | AI81: - | AJ81: - | AK81: - | AL81: - | AM81: 75000 | AN81: FINISH | BN81: =BR81-BQ81 -> 0 | BO81: 0 | BP81: =sum(AM81) -> 75000 | BQ81: =sum(U81:BH81) -> 150000 | BR81: =SUM(U81:BJ81) -> 150000
A82: =A81+1 -> 80 | B82: AFILIASI (Perlengkapan Ex. Mesin | C82: - | D82: Taufik | E82: CV Kinsa Niaga Sukses | F82: 10213 | G82: Adetya Yunitasya | H82: ZCOU LAUNDRY/CLOUDET LAUNDRY | J82: Referral | K82: Basic 1 Bulan | L82: Lidya | N82: 45207 | O82: 45207 | P82: Sudah 1 Tahun | R82: 45552 | S82: Selesai Dicairkan | AF82: 8333 | AG82: 8333 | AH82: 8333 | AI82: 8333 | AJ82: 8333 | AK82: 8333 | AL82: 8333 | AM82: 8333 | AN82: 8333 | AO82: US | AP82: US | AQ82: US | AR82: FINISH | BN82: =BR82-BQ82 -> 0 | BO82: 0 | BP82: =sum(AI82:AQ82) -> 49998 | BQ82: =sum(U82:BH82) -> 74997 | BR82: =SUM(U82:BJ82) -> 74997
A83: =A82+1 -> 81 | B83: AFILIASI (Perlengkapan Ex. Mesin | C83: - | D83: Taufik | E83: CV Kinsa Niaga Sukses | F83: 10774 | G83: Reyza Tere | H83: rtlaundry/R & T Laundry | J83: Referral | K83: Bisnis 12 Bulan | L83: Lidya | N83: 45268 | O83: 45274 | P83: Sudah 1 Tahun | S83: Selesai Dicairkan | AH83: 150000 | AI83: FINISH | BN83: =BR83-BQ83 -> 0 | BO83: 0 | BP83: 0 | BQ83: =sum(U83:BH83) -> 150000 | BR83: =SUM(U83:BJ83) -> 150000
A84: =A83+1 -> 82 | B84: AFILIASI (Perlengkapan Ex. Mesin | C84: - | D84: Taufik | E84: CV Kinsa Niaga Sukses | F84: 11004 | G84: Bagus Setiawan | H84: malikha coin laundry/malikha coin laundry | J84: Referral | K84: Bisnis 1 Bulan | L84: Lidya | N84: 45522 | O84: 45522 | P84: Sudah 1 Tahun | S84: Belum Dicairkan | T84: Share CMO | AI84: 12500 | AJ84: US | AK84: US | AL84: US | AM84: US | AN84: US | AO84: US | AP84: 8333 | AQ84: 8333 | AR84: 8333 | AS84: 8333 | AT84: 8333 | AU84: FINISH | BN84: =BR84-BQ84 -> 54165 | BO84: 0 | BP84: 0 | BQ84: 0 | BR84: =SUM(U84:BJ84) -> 54165
A85: =A84+1 -> 83 | B85: AFILIASI (Perlengkapan Ex. Mesin | C85: - | D85: Taufik | E85: CV Kinsa Niaga Sukses | F85: 10966 | G85: Rumah Laundry Jababeka | H85: Rumah Laundry Jababeka | J85: Referral | K85: Bisnis 1 Bulan | L85: Lidya | N85: 45314 | O85: 45314 | P85: Sudah 1 Tahun | Q85: 45552 | R85: 45911 | S85: Selesai Dicairkan | AI85: 12500 | AJ85: 12500 | AK85: 12500 | AL85: 12500 | AM85: 12500 | AN85: 12500 | AO85: US | AP85: 12500 | AQ85: 12500 | AR85: 12500 | AS85: 12500 | AT85: 12500 | AU85: 12500 | AV85: FINISH | BN85: =BR85-BQ85 -> 0 | BO85: =sum(AI85:AQ85) -> 100000 | BP85: 50000 | BQ85: =sum(U85:BH85) -> 150000 | BR85: =SUM(U85:BJ85) -> 150000
A86: =A85+1 -> 84 | B86: AFILIASI (Perlengkapan Ex. Mesin | C86: - | D86: Taufik | E86: CV Kinsa Niaga Sukses | F86: 11046 | G86: Fiona Laundry | H86: Fiona Laundry | J86: Referral | K86: Bisnis 12 Bulan | L86: Lidya | N86: 45316 | O86: 45316 | P86: Sudah 1 Tahun | Q86: 45552 | S86: Selesai Dicairkan | AI86: 150000 | AJ86: FINISH | BN86: =BR86-BQ86 -> 0 | BO86: =SUM(AI86) -> 150000 | BP86: 0 | BQ86: =sum(U86:BH86) -> 150000 | BR86: =SUM(U86:BJ86) -> 150000
A87: =A86+1 -> 85 | B87: AFILIASI (Perlengkapan Ex. Mesin | C87: - | D87: Taufik | E87: CV Kinsa Niaga Sukses | F87: 11052 | G87: Elvis | H87: Hime Laundry | J87: Referral | K87: Bisnis 6 Bulan | L87: Lidya | N87: 45313 | O87: 45313 | P87: Sudah 1 Tahun | Q87: 45552 | R87: 45650 | S87: Selesai Dicairkan | AI87: 75000 | AJ87: - | AK87: - | AL87: - | AM87: - | AN87: - | AO87: 75000 | AP87: FINISH | BN87: =BR87-BQ87 -> 0 | BO87: =SUM(AI87) -> 75000 | BP87: =sum(AO87) -> 75000 | BQ87: =sum(U87:BH87) -> 150000 | BR87: =SUM(U87:BJ87) -> 150000
A88: =A87+1 -> 86 | B88: AFILIASI (Perlengkapan Ex. Mesin | C88: - | D88: Taufik | E88: CV Kinsa Niaga Sukses | F88: 11165 | G88: Ayu Widyasari primanda | H88: HAWP LAUNDRY | J88: Referral | K88: Bisnis 12 Bulan | L88: Lidya | N88: 45317 | O88: 45337 | P88: Sudah 1 Tahun | Q88: 45552 | S88: Selesai Dicairkan | AI88: 150000 | AJ88: FINISH | BN88: =BR88-BQ88 -> 0 | BO88: =SUM(AI88) -> 150000 | BP88: 0 | BQ88: =sum(U88:BH88) -> 150000 | BR88: =SUM(U88:BJ88) -> 150000
A89: =A88+1 -> 87 | B89: AFILIASI (Perlengkapan Ex. Mesin | C89: - | D89: Taufik | E89: CV Kinsa Niaga Sukses | F89: 11265 | G89: Ahmad Suryanto | H89: Bagus Laundry | J89: Referral | K89: Bisnis 12 Bulan | L89: Lidya | N89: 45340 | O89: 45340 | P89: Sudah 1 Tahun | Q89: 45552 | S89: Selesai Dicairkan | AJ89: 150000 | AK89: FINISH | BN89: =BR89-BQ89 -> 0 | BO89: =SUM(AJ89) -> 150000 | BP89: 0 | BQ89: =sum(U89:BH89) -> 150000 | BR89: =SUM(U89:BJ89) -> 150000
A90: =A89+1 -> 88 | B90: AFILIASI (Perlengkapan Ex. Mesin | C90: - | D90: Taufik | E90: CV Kinsa Niaga Sukses | F90: 11307 | G90: ryanna anggiyanto | H90: dewi laundry | J90: Referral | K90: Basic 1 Bulan | L90: Lidya | N90: 45345 | O90: 45346 | P90: Sudah 1 Tahun | Q90: 45552 | S90: Selesai Dicairkan | AJ90: 12500 | AK90: 12500 | AL90: 12500 | AM90: 12500 | AN90: US | AO90: 8333 | AP90: US | AQ90: US | AR90: US | AS90: US | AT90: US | AU90: US | AV90: FINISHH | BN90: =BR90-BQ90 -> 0 | BO90: =SUM(AJ90:AU90) -> 58333 | BP90: 0 | BQ90: =sum(U90:BH90) -> 58333 | BR90: =SUM(U90:BJ90) -> 58333
A91: =A90+1 -> 89 | B91: AFILIASI (Perlengkapan Ex. Mesin | C91: - | D91: Taufik | E91: CV Kinsa Niaga Sukses | F91: 11378 | G91: Nena Margareta | H91: NaMa Laundry | J91: Referral | K91: Bisnis 1 Bulan | L91: Lidya | N91: 45348 | O91: 45351 | P91: Sudah 1 Tahun | Q91: 45552 | S91: Dicairkan Sebagian | T91: Share CMO | AJ91: 12500 | AK91: 12500 | AL91: 12500 | AM91: 12500 | AN91: 12500 | AO91: 12500 | AP91: US | AQ91: US | AR91: US | AS91: 8333 | AT91: US | AU91: US | AV91: FINISHH | BN91: =BR91-BQ91 -> 8333 | BO91: =SUM(AJ91:AR91) -> 75000 | BP91: 0 | BQ91: =sum(AJ91:AO91) -> 75000 | BR91: =SUM(U91:BJ91) -> 83333
A92: =A91+1 -> 90 | B92: AFILIASI (Perlengkapan Ex. Mesin | C92: - | D92: Taufik | E92: CV Kinsa Niaga Sukses | F92: 11375 | G92: Wiwin Bunda Yuki | H92: Yuki Laundry | J92: Referral | K92: Basic 1 Bulan | L92: Lidya | N92: 45353 | O92: 45353 | P92: Sudah 1 Tahun | Q92: 45552 | R92: 45911 | S92: Selesai Dicairkan | AK92: 8333 | AL92: 8333 | AM92: 8333 | AN92: 8333 | AO92: 8333 | AP92: 8333 | AQ92: 8333 | AR92: 8333 | AS92: 8333 | AT92: 8333 | AU92: 8333 | AV92: 8333 | AW92: FINISHH | BN92: =BR92-BQ92 -> 0 | BO92: =SUM(AK92:AP92) -> 49998 | BP92: =SUM(AQ92:AV92) -> 49998 | BQ92: =sum(U92:BH92) -> 99996 | BR92: =SUM(U92:BJ92) -> 99996
A93: =A92+1 -> 91 | B93: AFILIASI (Perlengkapan Ex. Mesin | C93: - | D93: Taufik | E93: CV Kinsa Niaga Sukses | F93: 11494 | G93: NABIL | H93: N&N Laundry | J93: Referral | K93: Bisnis 12 Bulan | L93: Lidya | N93: 45355 | O93: 45355 | P93: Sudah 1 Tahun | Q93: 45552 | S93: Selesai Dicairkan | AK93: 150000 | AL93: FINISH | BN93: =BR93-BQ93 -> 0 | BO93: =SUM(AK93) -> 150000 | BP93: 0 | BQ93: =sum(U93:BH93) -> 150000 | BR93: =SUM(U93:BJ93) -> 150000
A94: =A93+1 -> 92 | B94: AFILIASI (Perlengkapan Ex. Mesin | C94: - | D94: Taufik | E94: CV Kinsa Niaga Sukses | F94: 11515 | G94: APRILIA | H94: SHARENA LAUNDRY | J94: Referral | K94: Bisnis 12 Bulan | L94: Lidya | N94: 45355 | O94: 45362 | P94: Sudah 1 Tahun | Q94: 45552 | S94: Selesai Dicairkan | AK94: 150000 | AL94: FINISH | BN94: =BR94-BQ94 -> 0 | BO94: =SUM(AK94) -> 150000 | BP94: 0 | BQ94: =sum(U94:BH94) -> 150000 | BR94: =SUM(U94:BJ94) -> 150000
A95: =A94+1 -> 93 | B95: AFILIASI (Perlengkapan Ex. Mesin | C95: - | D95: Taufik | E95: CV Kinsa Niaga Sukses | F95: 11499 | G95: Lulu Triardhian Helmy | H95: ELLaundry | J95: Referral | K95: Basic 1 Bulan | L95: Lidya | N95: 45365 | O95: 45365 | P95: Sudah 1 Tahun | Q95: 45552 | R95: 45911 | S95: Selesai Dicairkan | AK95: 8333 | AL95: 8333 | AM95: 8333 | AN95: 8333 | AO95: 8333 | AP95: 8333 | AQ95: 8333 | AR95: 8333 | AS95: 8333 | AT95: 8333 | AU95: 8333 | AV95: 8333 | AW95: FINISHH | BN95: =BR95-BQ95 -> 0 | BO95: =SUM(AK95:AP95) -> 49998 | BP95: =SUM(AL95:AQ95) -> 49998 | BQ95: =sum(U95:BH95) -> 99996 | BR95: =SUM(U95:BJ95) -> 99996
A96: =A95+1 -> 94 | B96: AFILIASI (Perlengkapan Ex. Mesin | C96: - | D96: Taufik | E96: CV Kinsa Niaga Sukses | F96: 11654 | G96: evalien | H96: Biru Laundry | J96: Referral | K96: Bisnis 12 Bulan | L96: Lidya | N96: 45373 | O96: 45385 | P96: Sudah 1 Tahun | Q96: 45552 | S96: Selesai Dicairkan | AK96: 150000 | AL96: FINISH | BN96: =BR96-BQ96 -> 0 | BO96: =SUM(AK96) -> 150000 | BP96: 0 | BQ96: =sum(U96:BH96) -> 150000 | BR96: =SUM(U96:BJ96) -> 150000
A97: =A96+1 -> 95 | B97: AFILIASI (Perlengkapan Ex. Mesin | C97: - | D97: Taufik | E97: CV Kinsa Niaga Sukses | F97: 11903 | G97: Kristin K | H97: Monkey Laundry | J97: Referral | K97: Basic 12 Bulan | L97: Lidya | N97: 45413 | O97: 45414 | P97: Sudah 1 Tahun | Q97: 45649 | S97: Selesai Dicairkan | AM97: 100000 | AN97: FINISH | BN97: =BR97-BQ97 -> 0 | BO97: =SUM(AM97) -> 100000 | BP97: 0 | BQ97: =sum(U97:BH97) -> 100000 | BR97: =SUM(U97:BJ97) -> 100000
A98: =A97+1 -> 96 | B98: AFILIASI (Perlengkapan Ex. Mesin | C98: - | D98: Taufik | E98: CV Kinsa Niaga Sukses | F98: 11972 | G98: Eko Budi Hartanto | H98: SATSET Laundry | J98: Referral | K98: Basic 1 Bulan | L98: Lidya | N98: 45420 | O98: 45423 | P98: Sudah 1 Tahun | Q98: 45649 | R98: 45911 | S98: Selesai Dicairkan | AM98: 8333 | AN98: 8333 | AO98: 8333 | AP98: 12500 | AQ98: 8333 | AR98: 8333 | AS98: 8333 | AT98: 8333 | AU98: 8333 | AV98: 8333 | AW98: 8333 | AX98: 8333 | AY98: FINISHH | BN98: =BR98-BQ98 -> 0 | BO98: =SUM(AM98:AR98) -> 54165 | BP98: =SUM(AS98:AX98) -> 49998 | BQ98: =sum(U98:BH98) -> 104163 | BR98: =SUM(U98:BJ98) -> 104163
A99: =A98+1 -> 97 | B99: AFILIASI (Perlengkapan Ex. Mesin | C99: - | D99: Taufik | E99: CV Kinsa Niaga Sukses | F99: 12119 | G99: Maz Laundry | H99: Maz Laundry | J99: Referral | K99: Bisnis 12 Bulan | L99: Lidya | N99: 45463 | O99: 45463 | P99: Sudah 1 Tahun | Q99: 45649 | S99: Selesai Dicairkan | AN99: 150000 | AO99: FINISH | BN99: =BR99-BQ99 -> 0 | BO99: =SUM(AN99) -> 150000 | BP99: 0 | BQ99: =sum(U99:BH99) -> 150000 | BR99: =SUM(U99:BJ99) -> 150000
A100: =A99+1 -> 98 | B100: AFILIASI (Perlengkapan Ex. Mesin | C100: - | D100: Taufik | E100: CV Kinsa Niaga Sukses | F100: 12199 | G100: Ari Sudaryani | H100: laundry ibu ari | J100: Referral | K100: Basic 1 Bulan | L100: Lidya | N100: 45437 | O100: 45441 | P100: Sudah 1 Tahun | Q100: 45649 | R100: 45911 | S100: Selesai Dicairkan | AM100: 8333 | AN100: 8333 | AO100: 8333 | AP100: 8333 | AQ100: 8333 | AR100: 8333 | AS100: 8333 | AT100: 8333 | AU100: 8333 | AV100: 8333 | AW100: - | AX100: 8333 | AY100: 8333 | AZ100: FINISH | BN100: =BR100-BQ100 -> 0 | BO100: =SUM(AM100:AR100) -> 49998 | BP100: =SUM(AS100:AY100) -> 49998 | BQ100: =sum(U100:BH100) -> 99996 | BR100: =SUM(U100:BJ100) -> 99996
...

Sheet Komisi Mitra Corporate
A1: Komisi Mitra Corporate Aplikasi Piposmart Laundry
A2: Nama Paket | B2: Per Bulan | C2: Komisi / Outlet | D2: Bonus Pencapaian (10 Orang) | E2: Total Pendapatan (30 Orang)
A3: Paket Basic | B3: =C3/12 -> 10010 | C3: 120120 | D3: 500000 | E3: 5103600
A4: Paket Business | B4: =C4/12 -> 15143.333 | C4: 181720 | D4: 1000000 | E4: 8451600
A5: Paket Bundling Business | B5: =C5/12 -> 19987.5 | C5: 239850 | D5: 1500000 | E5: 11695500
A6: UMKM | B6: =C6/12 -> 22492.5 | C6: 269910 | D6: 2000000 | E6: 14097300
A7: Entrepeneur | B7: =C7/12 -> 26242.5 | C7: 314910 | D7: 2500000 | E7: 16947300
A8: Peluang Kerjasama Menjadi Mitra Piposmart :
A9: - Setiap mitra corporate Piposmart berhak memperoleh dua kategori pendapatan, yaitu komisi dan bonus pencapaian.
A10: 1. Komisi: Diberikan untuk setiap akuisisi nasabah berdasarkan kategori plangganan yang dipilih oleh nasabah.
A11: 2. Bonus Pencapaian: Diberikan untuk setiap kelipatan 10 nasabah yang berhasil berlangganan, dengan sistem akumulasi yang berlaku sesuai dengan kategori nasabah.
A12: - Besaran komisi yang diterima oleh mitra corporate akan disesuaikan dengan paket langganan yang telah ditetapkan oleh perusahaan.
A13: - Komisi akan dibayarkan setelah nasabah melakukan pembayaran paket berlangganan yang telah dipilih.
A15: dihitung berdasarkan 30 nasabah
A17: dihitung berdasarkan 10 nasabah

Sheet Salinan dari Daftar Mitra
A1: No | B1: CMO | C1: MITRA | D1: Kategori Mitra | E1: Tanggal Kerjasama | F1: Kode Owner | G1: Nama | H1: Nama Brand / Outlet | I1: No Hp | J1: Email | K1: Kecamatan | L1: Kabupaten/Kota | M1: Provinsi | N1: Alamat | O1: No Rekening | P1: Nama Bank | Q1: Jumlah Referral | R1: PIC | S1: Keterangan | T1: PIC 2
A2: 1 | B2: SHARE CMO | C2: REFERAL (Berlangganan) | D2: REFERRAL | F2: 11117 | G2: Guruh Adi Pratama | H2: Doux Laundry | I2: 082114005032 | J2: pratamaadiguruh@gmail.com | L2: Jakarta Selatan | M2: Dki Jakarta | N2: Kebembem Raya No 35 Jagakarsa, Jakarta Selatan, DKI Jakarta | O2: 7180472813 | P2: BCA | Q2: 1 | R2: Heriwati | T2: Novel
A3: =A2+1 -> 2 | B3: SHARE CMO | C3: REFERAL (Berlangganan) | D3: REFERRAL | F3: 1694 | G3: Julita | H3: Kitee_Laundry | I3: 0822 88381555 | J3: julita.susanti123@gmail.com | K3: Ranai Darat | L3: Kab. Natuna | M3: Kepulauan Riau | N3: JLN. HR SEOBRANTAS RT/RW 002/003 RANAI DARAT | O3: 1090016628075 | P3: MANDIRI | Q3: 2 | R3: Heriwati | T3: Lady
A4: =A3+1 -> 3 | B4: SHARE CMO | C4: REFERAL (Berlangganan) | D4: REFERRAL | F4: 4134 | G4: Chareel Josua Vandana Maningkas | H4: Mercy Laundry | I4: 087712092001 | J4: cika.roline777@gmail.com | K4: Siopat Suhu | L4: Kota Pematang Siantar | M4: Sumatera Utara | N4: Asrama Poltekad Kodiklatad, Kota Pematang Siantar, Sumatera Utara | Q4: 1 | R4: Heriwati | T4: Lady
A5: =A4+1 -> 4 | B5: SHARE CMO | C5: REFERAL (Berlangganan) | D5: REFERRAL | E5: 45920 | F5: 15517 | G5: Erika/ M. Iqbal Romzah | H5: Many Laundy | I5: 081802656191 | J5: iqbalwilianza@gmail.com | K5: Jagakarsa | L5: Jakarta Selatan | M5: Dki Jakarta | N5: Gg. Muara IA Tanjung barat jakarta selatan | O5: 8681130152 | P5: BCA | Q5: 1 | R5: Heriwati | T5: Novel
A6: =A5+1 -> 5 | B6: SHARE CMO | C6: AFILIASI (Perlengkapan Ex. Mesin | D6: PERLENGKAPAN | F6: 1782 | G6: Ismail | H6: Akbar Laundry | I6: 085251394079 | J6: ismail2015648@gmail.com | K6: Sungai Bangkong | L6: Kota Pontianak | M6: Kalimantan Barat | N6: jln dr Sutomo GG karya 1 no 78 Akbar Laundry dan Service Pontianak Kalimantan barat | O6: 304701028491533 | P6: BRI | Q6: 8 | R6: Heriwati | T6: Givoni
A7: =A6+1 -> 6 | B7: SHARE CMO | C7: AFILIASI (Perlengkapan Ex. Mesin | D7: PERLENGKAPAN | E7: 44927 | F7: 6343 | G7: Ade Syahputra | H7: Key Loundry/AAdelia store | I7: 085270356833 | J7: papakey1708@gmail.com | K7: Sei Semayang | L7: Kab. Deli Serdang | M7: Sumatera Utara | N7: jln mesjid dusun 1 aman damai,Sei Semayang,Kab. Deli Serdang,Sumatera Utara | Q7: 12 | R7: Heriwati | T7: Givoni
A8: =A7+1 -> 7 | B8: SHARE CMO | C8: AFILIASI (Perlengkapan Ex. Mesin | D8: PERLENGKAPAN | F8: 989 | G8: Pak NANANG | H8: Junior Laundry | I8: 087786116755 | J8: nanangjunior232@gmail.com | K8: Grogol | L8: Kab. Sukoharjo | M8: Jawa Tengah | N8: jl.parangkesit , Ngruki 02/17 , cemani , Grogol , sukoharjo, Jawa Tengah | Q8: 6 | R8: Heriwati | T8: Givoni
A9: =A8+1 -> 8 | B9: SHARE CMO | C9: AFILIASI (Perlengkapan Ex. Mesin | D9: PERLENGKAPAN | G9: Pak Medi | H9: BMG Laundry | Q9: 2 | R9: Heriwati | T9: Givoni
A10: =A9+1 -> 9 | B10: SHARE CMO | C10: AFILIASI (Perlengkapan Ex. Mesin | D10: PERLENGKAPAN | F10: 6509 | G10: Mulya Sari | H10: mulya jaya abadi | I10: 0813833788860 | J10: mulyasari992@gmail.com | K10: Cempaka Putih | L10: Kota Jakarta Pusat | M10: Dki Jakarta | N10: jl.cempaka putih tengah 1 no 10 a | Q10: 6 | R10: Heriwati | T10: Givoni
A11: =A10+1 -> 10 | B11: SHARE CMO | C11: AFILIASI (Perlengkapan Ex. Mesin | D11: PERLENGKAPAN | F11: 8645 | G11: Yendri Yusman | H11: Dhiva Laundry | I11: 081238802987 | J11: makmur0902@gmail.com | K11: Medan Maimun | L11: Kota Medan | M11: Sumatera Utara | N11: Jl. Brigjen katamso, Kel.Kampung Baru, Kec.Medan Maimun, Kota Medan, Sumatera Utara | O11: 8430520009 | P11: BCA | Q11: 4 | R11: Heriwati | T11: Givoni
A12: =A11+1 -> 11 | B12: SHARE CMO | C12: AFILIASI (Perlengkapan Ex. Mesin | D12: PERLENGKAPAN | F12: 14152 | G12: Mohacmad Hadi | H12: PUTRA TEKNIK SEMARANG | I12: 087718146514 | J12: alifjunior210@gmail.com | L12: Semarang | M12: Jawa Tengah | N12: jl. Bukit Palem Kipas Blok 7, Semarang, Jawa Tengah | O12: 303701020614532 | P12: BRI | Q12: 2 | R12: Heriwati | T12: Givoni
A13: =A12+1 -> 12 | B13: SHARE CMO | C13: AFILIASI (Perlengkapan Ex. Mesin | D13: PERLENGKAPAN | G13: Adip | H13: ADIP LAUNDRY SEMARANG | I13: 081575502277 | Q13: 1 | R13: Heriwati | T13: Givoni
A14: =A13+1 -> 13 | B14: SHARE CMO | C14: FRANCHISE (Jual Brand Usaha) | D14: FRENCHISE | E14: 45047 | G14: Beta Nurry Damayanti | H14: Deter_gent Laundry | I14: 081252347769 | J14: @detergentlaundry_official | K14: Lowokwaru | L14: Kota Malang | M14: Jawa Timur | N14: Jln Simp.Pandan Arum No 2 RT 01 RW 02, Desa/Kel. Jatimulyo, | O14: 223701000459309 | P14: BRI | Q14: 6 | R14: Heriwati | T14: Givoni
A15: =A14+1 -> 14 | B15: SHARE CMO | C15: FRANCHISE (Jual Brand Usaha) | D15: FRENCHISE | F15: 10717 | G15: joko Widodo daulay | H15: Adira laundry expres | I15: 082181303164 | J15: askaraputradaulay@gmail.com | K15: Kisaran Timur | L15: Kab. Asahan | M15: Sumatera Utara | N15: Jalan kakak Tua, kisaran. Kab. Asahan,Sumatera Utara | O15: 269276177 | P15: BNI | Q15: 2 | R15: Heriwati | T15: Givoni
A16: =A15+1 -> 15 | B16: SHARE CMO | C16: REFERAL (Berlangganan) | D16: REFERRAL | F16: 5836 | G16: Adi Prayitno | H16: Inches Laundry Express | I16: 082110007816 | J16: adiprayitno754@gmail.com | K16: Sungai Jawi | L16: Kota Pontianak | M16: Kalimantan Barat | N16: Jl. Tabrani Ahmad, Pontianak, kalimantan Barat | Q16: 1 | R16: Heriwati | T16: Givoni
A17: =A16+1 -> 16 | B17: SHARE CMO | C17: REFERAL (Berlangganan) | D17: REFERRAL | F17: 4896 | G17: Elisabeth | H17: Baladewa Laundry | I17: 089639843456 | J17: dhinidhini893@gmail.com | K17: Puseurjaya | L17: Kab. Karawang | M17: Jawa Barat | N17: Jl. Menati 1 No.27 Puserjaya Kec. Telukjambe Timur Kab. Karawang | Q17: 1 | R17: Heriwati | T17: Givoni
A18: =A17+1 -> 17 | B18: SHARE CMO | C18: REFERAL (Berlangganan) | D18: REFERRAL | F18: 7233 | G18: Riendi Pratama | H18: Adrienu laundry | I18: 081295989384 | J18: riendi.pratama@gmail.com | K18: Padangsambian Klod | L18: Kota Denpasar | M18: Bali | N18: Padangsambian,Kota Denpasar Kota Bali, Bali | Q18: 1 | R18: Heriwati | T18: Givoni
A19: =A18+1 -> 18 | B19: SHARE CMO | C19: REFERAL (Berlangganan) | D19: REFERRAL | F19: 2700 | G19: My Laundry | H19: Rezky Perdana | I19: 08116360330 | J19: superlte4g@gmail.com | K19: Tanjung Gusta | L19: Kab. Deli Serdang | M19: Sumatera Utara | N19: JL LEMBAGA PEMASYARAKATAN NO 225 | Q19: 4 | R19: Heriwati | T19: Givoni
A20: =A19+1 -> 19 | B20: SHARE CMO | C20: REFERAL (Berlangganan) | D20: REFERRAL | G20: Rico Yuli Prasetyo | H20: Raja Laundry | I20: O89501299837 | J20: rico.pras09785@gmail.com | L20: Surabaya | M20: Jawa Timur | N20: Bendul merisi GG 1 selatan no.59 surabaya | O20: 4290938843 | P20: BCA | Q20: 3 | R20: Heriwati | T20: Givoni
A21: =A20+1 -> 20 | B21: SHARE CMO | C21: REFERAL (Berlangganan) | D21: REFERRAL | F21: 9265 | G21: Adi Muhammadiah | H21: CANDU LAUNDRY | I21: 087796877639 | J21: muhammadiah99@gmail.com | K21: Siantan | L21: Kab. Pontianak | M21: Kalimantan Barat | N21: Jalan Raya Jungkat | Q21: 1 | R21: Heriwati | T21: Givoni
A22: =A21+1 -> 21 | B22: SHARE CMO | C22: REFERAL (Berlangganan) | D22: REFERRAL | E22: September 2025 | F22: 14972 | G22: Trimardijati | H22: My Laundry | I22: 081236885494 | J22: maya2272@gmail.com | K22: Nunbaun Sabu | L22: Kota Kupang | M22: Nusa Tenggara Timur | N22: Jalan Pahlawan No 22 | O22: 44538470 | P22: BNI | Q22: 1 | R22: Heriwati | T22: Givoni
A23: =A22+1 -> 22 | B23: SHARE CMO | C23: REFERAL (Berlangganan) | D23: REFERRAL | E23: Oktober 2025 | G23: Razeco Laundry | H23: Razeco Laundry | I23: 085361656385 | J23: emmanputera85@gmail.com | K23: Medan selayang | L23: Kota Medan | M23: Sumatera Utara | N23: Perumahan Wijaya kesuma residence no 20. Jl. bunga Wijaya kesuma, kel PB. selayang II kecamatan Medan selayang Kota Medan | O23: 3491613155 | P23: BCA | Q23: 1 | R23: Heriwati | T23: Givoni
A24: =A23+1 -> 23 | B24: SHARE CMO | C24: FRANCHISE (Jual Brand Usaha) | D24: FRENCHISE | E24: Agustus 2024 | F24: 10682 | G24: Pandapotan | H24: TUNTAS TENGGUMUNG | I24: 082257529696 | J24: tuntaslaundrytenggumung@gmail.com | K24: Wonokusumo | L24: Kota Surabaya | M24: Jawa Timur | N24: Jl.Tenggumung Karya Lor No.53 | O24: 6985282611 | P24: BCA | Q24: 1 | R24: Heriwati | T24: Givoni
A25: =A24+1 -> 24 | B25: SHARE CMO | C25: AFILIASI (Perlengkapan Ex. Mesin | D25: PERLENGKAPAN | F25: - | G25: Agung | H25: KING LAUNDRY | I25: 081260746002 | Q25: 1 | R25: Heriwati | T25: Givoni
A26: =A25+1 -> 25 | B26: SHARE CMO | C26: FRANCHISE (Jual Brand Usaha) | D26: FRENCHISE | F26: 6926 | G26: leny | H26: Get Laundry RMJ | I26: 087777139459 | J26: lenidwiyarti321@gmail.com | K26: Kec. Serpong | L26: Kota Tangerang Selatan | M26: Banten | N26: ln. Ciater Rt 004/Rw 022, Kel. Rawa Buntu Kec. Serpong, Kota Tangerang Selatan, Banten | O26: Top Up Saldo | Q26: 2 | R26: Lidya | T26: Intan
A27: =A26+1 -> 26 | B27: SHARE CMO | C27: FRANCHISE (Jual Brand Usaha) | D27: FRENCHISE | F27: 11165 | G27: Ayu Widyasari primanda | H27: HAWP LAUNDRY | I27: 082197946038 | J27: ayuwidyasariprimanda000@gmail.com | K27: Kec. Sukmajaya | L27: Kota Depok | M27: Jawa Barat | N27: jln kemang swatama, gg H Tarin no 28, Kel/Kec Sukmajaya Depok | Q27: 1 | R27: Lidya | T27: Intan
A28: =A27+1 -> 27 | B28: SHARE CMO | C28: REFERAL (Berlangganan) | D28: REFERRAL | F28: 1522 | G28: Sugiana | H28: Indah Express Laundry | I28: 082147446756 | J28: ndahtari7@gmail.com | K28: Denpasar Selatan | L28: Kota Denpasar | M28: Bali | N28: Danau tempe no.35 sanur kecamatan Denpasar Selatan | Q28: 1 | R28: Lidya | T28: Intan
A29: =A28+1 -> 28 | B29: SHARE CMO | C29: REFERAL (Berlangganan) | D29: REFERRAL | F29: 6058 | G29: Citra Halim | H29: Citra Laundry | I29: 08174885266 | J29: citra.halim1@gmail.com | K29: Tanjung Duren Selatan | L29: Kota Jakarta Barat | M29: Dki Jakarta | N29: Jl. Tanjung Duren Timur Raya Gang Mandalika, Kota Jakarta Barat, Dki Jakarta | Q29: 2 | R29: Lidya | T29: Intan
A30: =A29+1 -> 29 | B30: SHARE CMO | C30: REFERAL (Berlangganan) | D30: REFERRAL | F30: 7479 | G30: farhan alfatan | H30: juragan laundry | I30: 082125008245 | J30: rabbittank02@gmail.com | K30: Kec. Banyusari | L30: Kab. Karawang | M30: Jawa Barat | N30: kp.krajan1 ds.jayamukti kec.banyusari kab.karawang | Q30: 1 | R30: Lidya | T30: Intan
A31: =A30+1 -> 30 | B31: SHARE CMO | C31: REFERAL (Berlangganan) | D31: REFERRAL | F31: 4723 | G31: Budi Santo | H31: sahabat laundry | I31: 082174637062 | J31: sahabatlaundrybaru@gmail.com | K31: Cikampek | L31: Kab. Karawang | M31: Jawa Barat | N31: jln pertokoan stasiun cikampek nmr 2, Kab. Karawang, Jawa Barat | Q31: 6 | R31: Lidya | T31: Intan
A32: =A31+1 -> 31 | B32: SHARE CMO | C32: REFERAL (Berlangganan) | D32: REFERRAL | F32: 4181 | G32: DIGNITY SINAGA | H32: DIGNITY LAUNDRY | I32: 0811620080 | J32: sachio3008@gmail.com | K32: Tangerang | L32: Kota Tangerang | M32: Banten | N32: Tanggerang, Cikokol, Tangerang, Banten | Q32: 6 | R32: Lidya | T32: Intan
A33: =A32+1 -> 32 | B33: SHARE CMO | C33: REFERAL (Berlangganan) | D33: REFERRAL | F33: 7801 | G33: Rahmawaty Madjid | H33: Aroma Palopo / NETTO LAUNDRY | I33: 08114220487 | J33: aromapaloponmie@gmail.com | K33: Kadia | L33: Kota Kendari | M33: Sulawesi Tenggara | N33: Food Court The Park,Kadia,Kota Kendari,Sulawesi Tenggara | Q33: 2 | R33: Lidya | T33: Intan
A34: =A33+1 -> 33 | B34: SHARE CMO | C34: REFERAL (Berlangganan) | D34: REFERRAL | F34: 11515 | G34: APRILIA | H34: SHARENA LAUNDRY | I34: 085210108123 | J34: apinkcalen@gmail.com | K34: Kec. Cakung | L34: Kota Jakarta Timur | M34: Dki Jakarta | N34: JL H.R ISMAIL RT 08 RW 03 JATINEGARA CAKUNG JAKARTA TIMUR | O34: 0940964237 | P34: BCA | Q34: 1 | R34: Lidya | T34: Intan
A35: =A34+1 -> 34 | B35: SHARE CMO | C35: REFERAL (Berlangganan) | D35: REFERRAL | F35: 9441 | G35: Kasih Laundry Siantar | H35: Kasih Laundry | I35: 0859106762310 | J35: kasihlaundrysiantar@gmail.com | K35: Bukit Shofa | L35: Kota Pematang Siantar | M35: Sumatera Utara | N35: Jl.Sisingamangaraja, No.15, Bukit Sofa, Siantar Sitalasari, Pematang Siantar | Q35: 1 | R35: Lidya | T35: Intan
A36: =A35+1 -> 35 | B36: SHARE CMO | C36: REFERAL (Berlangganan) | D36: REFERRAL | F36: 14464 | G36: Kilo Laundry | H36: Kilo Laundry Singosari | I36: 087866932707 | J36: deanathaniaardita96@gmail.com | K36: Kec. Singosari | L36: Kab. Malang | M36: Jawa Timur | N36: Jl raya mondoroko, Mondoroko, Singosari, Kec. Singosari, Kabupaten Malang, Jawa Timur | O36: 0881632747 | P36: BCA | Q36: 1 | R36: Lidya | T36: Intan
A37: =A36+1 -> 36 | B37: SHARE CMO | C37: REFERAL (Berlangganan) | D37: REFERRAL | F37: 13944 | G37: Orlando Manalu | H37: LAUNDRY KITA | I37: 085163695628 | J37: orlandomanalu0@gmail.com | K37: Kec. Siantar | L37: Kab. Simalungun | M37: Sumatera Utara | N37: Jl. Asahan,KM 3,5. Pematang Simalungun, Kec. Siantar, Kabupaten Simalungun, Sumatera Utara 21151(Komplek Graha Asahan Gold) | Q37: 1 | R37: Lidya | T37: Intan
A38: =A37+1 -> 37 | B38: SHARE CMO | C38: REFERAL (Berlangganan) | D38: REFERRAL | F38: 10563 | G38: Abi Hafidz | H38: AZZAHRO LAUNDRY ٣٨ CIKANDE | I38: 085217955565 | J38: noer.underbon9048@gmail.com | K38: Kec. Cikande | L38: Kab. Serang | M38: Banten | N38: kp.Gegong burung Rt 02/02 Desa situterate Kec. Cikande Kabupaten SERANG BANTEN kode pos 42186 | Q38: 1 | R38: Lidya | T38: Intan
A39: =A38+1 -> 38 | B39: SHARE CMO | C39: REFERAL (Berlangganan) | D39: REFERRAL | G39: Selly Andini | H39: Sultan Laundry. co | I39: 082297051345 | J39: Sellyandini15@yahoo.com | L39: Tanggerang | M39: Dki Jakarta | N39: Jln. Duta Raya, Perumahan Taman Cibodas, Blok H1 No.2, Tanggerang | O39: 6250379160 | P39: BCA | Q39: 1 | R39: Lidya | T39: Intan
A40: =A39+1 -> 39 | B40: SHARE CMO | C40: REFERAL (Berlangganan) | D40: REFERRAL | E40: Mei | F40: 10409 | G40: Ahmad Kamal Dahlan | H40: Zona Laundry Mamuju | I40: 085213159125 | J40: kamaldoremi@gmail.com | K40: Kec. Simboro | L40: Kab. Mamuju | M40: Sulawesi Barat | N40: Jl. Martadinata Mamuju, Kab. Mamuju | O40: 305401020779530 | P40: BRI | Q40: 1 | R40: Lidya | T40: Intan
A41: =A40+1 -> 40 | B41: SHARE CMO | C41: REFERAL (Berlangganan) | D41: REFERRAL | E41: Mei | F41: 4323 | G41: Atik Nurbayati | H41: Delisha Laundry | I41: 081259819220 | J41: atiknurbayati@gmail.com | K41: Kec.Sedati Gede | L41: Kab. Sidoarjo | M41: Jawa Timur | N41: Jl.By Pass Bandara Juanda 35 Sedati Sidoarjo | O41: 6670332641 | P41: BCA | Q41: 3 | R41: Lidya | T41: Intan
A42: =A41+1 -> 41 | B42: SHARE CMO | C42: REFERAL (Berlangganan) | D42: REFERRAL | E42: September | F42: 8177 | G42: Tengku ariani | H42: Mame Laundry | I42: 081275566111 | J42: tengkuariani20@gmail.com | K42: tengkuariani20@gmail.com | L42: Kab. Deli Serdang | M42: Sumatera Utara | N42: jalan tani asli gang Samin sebelah kolam renang Wira kel.purwodadi kec.sunggal kab.deli Serdang Sumatera Utara | O42: Top up Saldo Aplikasi | Q42: 1 | R42: Lidya | T42: Intan
A43: =A42+1 -> 42 | B43: SHARE CMO | C43: AFILIASI (Perlengkapan Ex. Mesin | D43: PERLENGKAPAN | F43: 6125 | G43: Harapan | H43: Expert laundry (Raja Setrika) | I43: 082285354990 | J43: daarun18@gmail.com | K43: Medan Kota | L43: Kota Medan | M43: Sumatera Utara | N43: Jl Pelajar Timur No.157B, kel.Teladan Timur, Kec.Medan kota, kota Medan, Sumatera Utara | O43: Top up Saldo Aplikasi | Q43: 9 | R43: Lidya | T43: Intan
A44: =A43+1 -> 43 | B44: SHARE CMO | C44: AFILIASI (Perlengkapan Ex. Mesin | D44: PERLENGKAPAN | G44: Nurul | H44: PT. Alfatih Tech Utama | I44: 089662321780 | K44: Jagakarsa | L44: Jakarta Selatan | M44: Dki Jakarta | N44: Jl. Komp. Desa Putera No.1, RT.7/RW.5, Srengseng Sawah, Kec. Jagakarsa, Kota Jakarta Selatan, DKI Jakarta | O44: 4212659928 | P44: BCA | Q44: 3 | R44: Lidya | T44: Intan
A45: =A44+1 -> 44 | B45: SHARE CMO | C45: AFILIASI (Perlengkapan Ex. Mesin | D45: PERLENGKAPAN | G45: Nurul | H45: MIKAIL ELECTRONIK | I45: 081211542249 | K45: Grogol Selatan | L45: Jakarta Selatan | M45: Dki Jakarta | N45: Jl. Persatuan Amal Mulia No. 25b, RT.5/RW.13, Grogol Sel., Jakarta, Kota Jakarta Selatan | O45: 708501008072539 | P45: BRI | Q45: 6 | R45: Lidya | T45: Intan
A46: =A45+1 -> 45 | B46: SHARE CMO | C46: AFILIASI (Perlengkapan Ex. Mesin | D46: PERLENGKAPAN | G46: KG TEKNIK BATAM | H46: KG TEKNIK BATAM | I46: 081364050429 | J46: amiraizati01@gmail.com | K46: Batam Kota | L46: Kota Batam | M46: Kepulauan Riau | N46: Ruko Puri Legenda Blok C2 No 02-03 Batam Centre | O46: 1090019010180 | P46: MANDIRI | Q46: 3 | R46: Lidya | T46: Intan
A47: =A46+1 -> 46 | B47: SHARE CMO | C47: AFILIASI (Perlengkapan Ex. Mesin | D47: PERLENGKAPAN | G47: Taufik | H47: mesincucilaundry.com | I47: 081213970585 | J47: chisa.qb@gmail.com | K47: Kec. Cibarusah | L47: Kab. Bekasi | M47: Jawa Barat | N47: Perumahan Cibarusah Indah Blok e23 No.4 Cibarusah Kota Kab. Bekasi Patokan sebelum masuk perumahan ada gapura dekat dengan mesjid perahu, Kec. Cibarusah, Jawa Barat 17340 | O47: 6880445471 | P47: BCA | Q47: 80 | R47: Lidya | T47: Intan
A48: =A47+1 -> 47 | B48: SHARE CMO | C48: AFILIASI (Perlengkapan Ex. Mesin | D48: PERLENGKAPAN | F48: 8881 | G48: Nurmalatif | H48: JOGAN LAUNDRY | I48: 082191901440 | J48: noermalatief@gmail.com | K48: Medono | L48: Kota Pekalongan | M48: Jawa Tengah | N48: Perumahan Omah Alit Blok C No.10 Pekalongan, Jawa Tengah | O48: 2831496021 | P48: BCA | Q48: 3 | R48: Lidya | T48: Lady
A49: =A48+1 -> 48 | B49: SHARE CMO | C49: AFILIASI (Perlengkapan Ex. Mesin | D49: PERLENGKAPAN | G49: Ardiansyah | H49: Loundrystore Jambi | I49: 081395114446 | J49: Laundrystore.jls@gmail.com | K49: Kota Baru | L49: Jambi | M49: Jambi | N49: Jl.Ir.H.Juanda No.19 Kel. Simpang Tiga Sipin Kec. Kota Baru Kota Jambi | O49: 563201048259538 | P49: BRI | Q49: 11 | R49: Lidya | T49: Novel
G50: =COUNTA(G48:G49) -> 2 | Q50: =SUM(Q48) -> 3 | R50: =COUNTA(R48) -> 1
A51: TOTAL MITRA | N51: TOTAL REFERRAL | Q51: =#REF!+#REF!+#REF!+Q50 -> #REF!

Sheet Sheet4
A2: Referral | B2: Corporate Paket Bisnis | C2: Corporate Paket Basic | D2: Corporate Paket UMKM | E2: Corporate Paket Bundling Bisnis
A3: =COUNTIF('Mitra - Referral'!$J$3:$J$239,A2) -> 217 | B3: =COUNTIF('Mitra - Referral'!$J$3:$J$239,B2) -> 4 | C3: =COUNTIF('Mitra - Referral'!$J$3:$J$239,C2) -> 8 | D3: =COUNTIF('Mitra - Referral'!$J$3:$J$239,D2) -> 1 | E3: =COUNTIF('Mitra - Referral'!$J$3:$J$239,E2) -> 1
A5: =A4+1 -> 1 | B5: AFILIASI (Perlengkapan Ex. Mesin, Parfum, Dll) | D5: Taufik | E5: mesincucilaundry.com | F5: 14142 | G5: Diah Ijah Mahmudah | H5: PD Laundry Express | I5: Referral | J5: Bisnis 6 Bulan | K5: Lidya | M5: 45660 | N5: 45660 | O5: Belum 1 Tahun | R5: =COUNTIF($D$5:$D$91,D5) -> 12 | AT5: =12500*6 -> 75000 | AU5: - | AV5: - | AZ5: =BD5-BC5 -> 75012 | BA5: 0 | BB5: 0 | BC5: 0 | BD5: =SUM(R5:AX5) -> 75012
A6: =A5+1 -> 2 | B6: AFILIASI (Perlengkapan Ex. Mesin, Parfum, Dll) | D6: Taufik | E6: mesincucilaundry.com | F6: 14547 | G6: Nur Fadhillah Octavia | H6: Sera Laundry | I6: Referral | J6: Basic 6 Bulan | K6: Lidya | M6: 45688 | N6: 45688 | O6: Belum 1 Tahun | AR6: =8333*6 -> 49998 | AS6: - | AT6: - | AU6: - | AZ6: =BD6-BC6 -> 49998 | BA6: 0 | BB6: 0 | BC6: 0 | BD6: =SUM(R6:AX6) -> 49998
A7: =A6+1 -> 3 | B7: AFILIASI (Perlengkapan Ex. Mesin, Parfum, Dll) | D7: Taufik | E7: mesincucilaundry.com | F7: 14538 | G7: Teguh Pratama | H7: RTP LAUNDRY | I7: Referral | J7: Bisnis 12 Bulan | K7: Lidya | M7: 45689 | N7: 46061 | O7: Sudah 1 Tahun | AS7: 150000 | AT7: FINISH | AZ7: =BD7-BC7 -> 150000 | BA7: 0 | BB7: 0 | BC7: 0 | BD7: =SUM(R7:AX7) -> 150000
A8: =A7+1 -> 4 | B8: AFILIASI (Perlengkapan Ex. Mesin, Parfum, Dll) | D8: Taufik | E8: mesincucilaundry.com | F8: 14588 | G8: yenni lim | H8: Momo Laundry | I8: Referral | J8: Bisnis 6 Bulan | K8: Lidya | M8: 45693 | N8: 45886 | O8: Belum 1 Tahun | AS8: =12500*6 -> 75000 | AT8: - | AU8: - | AV8: - | AW8: - | AX8: - | AZ8: =BD8-BC8 -> 75000 | BA8: 0 | BB8: 0 | BC8: 0 | BD8: =SUM(R8:AX8) -> 75000
A9: =A8+1 -> 5 | B9: AFILIASI (Perlengkapan Ex. Mesin, Parfum, Dll) | D9: Taufik | E9: mesincucilaundry.com | F9: 14514 | G9: Eka Ratna Juwita | H9: Cucumbah Laundry | I9: Referral | J9: Basic 6 Bulan | K9: Lidya | M9: 45849 | N9: 45879 | O9: Belum 1 Tahun | AS9: =8333*6 -> 49998 | AT9: - | AU9: - | AV9: - | AW9: - | AX9: - | AZ9: =BD9-BC9 -> 49998 | BA9: 0 | BB9: 0 | BC9: 0 | BD9: =SUM(R9:AX9) -> 49998
A10: =A9+1 -> 6 | B10: AFILIASI (Perlengkapan Ex. Mesin, Parfum, Dll) | D10: Taufik | E10: mesincucilaundry.com | F10: 14636 | G10: Shalwa Laundry | H10: Shalwa Laundry & Dry Cleaning | I10: Referral | J10: Basic 3 Bulan | K10: Lidya | M10: 45720 | N10: 45810 | O10: Belum 1 Tahun | AT10: =8333*3 -> 24999 | AU10: - | AV10: - | AZ10: =BD10-BC10 -> 24999 | BA10: 0 | BB10: 0 | BC10: 0 | BD10: =SUM(R10:AX10) -> 24999
A11: =A10+1 -> 7 | B11: AFILIASI (Perlengkapan Ex. Mesin, Parfum, Dll) | D11: Taufik | E11: mesincucilaundry.com | F11: 15266 | G11: Henny Rahmawati | H11: Barbie Laundry | I11: Referral | J11: Bisnis 12 Bulan | K11: Lidya | M11: 45769 | N11: 45782 | O11: Sudah 1 Tahun | AJ11: 150000 | AZ11: =BD11-BC11 -> 150000 | BA11: 0 | BB11: 0 | BC11: 0 | BD11: =SUM(R11:AX11) -> 150000
A12: =A11+1 -> 8 | B12: AFILIASI (Perlengkapan Ex. Mesin, Parfum, Dll) | D12: Taufik | E12: mesincucilaundry.com | F12: 15375 | G12: maria sihombing | H12: Andaria laundry | I12: Referral | J12: Bisnis 12 Bulan | K12: Lidya | M12: 45791 | N12: 45793 | O12: Sudah 1 Tahun | AJ12: 150000 | AZ12: =BD12-BC12 -> 150000 | BA12: 0 | BB12: 0 | BC12: 0 | BD12: =SUM(R12:AX12) -> 150000
A13: =A12+1 -> 9 | B13: AFILIASI (Perlengkapan Ex. Mesin, Parfum, Dll) | D13: Taufik | E13: mesincucilaundry.com | F13: 15438 | G13: Suka Clean Service | H13: Suka Clean Service | I13: Referral | J13: Bisnis 12 Bulan | K13: Lidya | M13: 45796 | N13: 45808 | O13: Sudah 1 Tahun | AJ13: 150000 | AZ13: =BD13-BC13 -> 150000 | BA13: 0 | BB13: 0 | BC13: 0 | BD13: =SUM(R13:AX13) -> 150000
A14: =A13+1 -> 10 | B14: AFILIASI (Perlengkapan Ex. Mesin, Parfum, Dll) | D14: Taufik | E14: mesincucilaundry.com | F14: 14785 | G14: Yudo Yudho | H14: laudrybest | I14: Referral | J14: Bisnis 6 Bulan | K14: Lidya | M14: 45783 | AZ14: =BD14-BC14 -> 0 | BA14: 0 | BB14: 0 | BC14: 0 | BD14: =SUM(R14:AX14) -> 0
A15: =A14+1 -> 11 | B15: AFILIASI (Perlengkapan Ex. Mesin, Parfum, Dll) | D15: Taufik | E15: mesincucilaundry.com | F15: 15510 | G15: Lukmanul Hakim | H15: cuciqu laundry | I15: Referral | J15: Bisnis 6 Bulan | K15: Lidya | M15: 45797 | N15: 45809 | O15: Belum 1 Tahun | AK15: =12500*6 -> 75000 | AZ15: =BD15-BC15 -> 75000 | BA15: 0 | BB15: 0 | BC15: 0 | BD15: =SUM(R15:AX15) -> 75000
A16: =A15+1 -> 12 | B16: AFILIASI (Perlengkapan Ex. Mesin, Parfum, Dll) | D16: Taufik | E16: mesincucilaundry.com | F16: 15382 | G16: Kintan Deska Sasono Putri | H16: Rumah Laundry | I16: Referral | J16: Basic 12 Bulan | K16: Lidya | M16: 45792 | N16: 45794 | O16: Sudah 1 Tahun | AJ16: 100000 | AZ16: =BD16-BC16 -> 0 | BA16: 0 | BB16: 0 | BC16: =sum(AJ16) -> 100000 | BD16: =SUM(R16:AX16) -> 100000
A17: =A16+1 -> 13 | B17: AFILIASI (Perlengkapan Ex. Mesin, Parfum, Dll) | C17: 1782 | D17: Ismail | E17: Akbar Laundry | F17: 11304 | G17: Akhmad Daud, SE | H17: Danty Loundry | I17: Referral | J17: Basic 12 Bulan | K17: Heriwati | M17: 45353 | N17: 45353 | O17: Sudah 1 Tahun | P17: 45615 | R17: =COUNTIF($D$5:$D$91,D17) -> 8 | AH17: 100000 | AI17: FINISH | AZ17: =BD17-BC17 -> 8 | BA17: =SUM(AH17) -> 100000 | BB17: 0 | BC17: 100000 | BD17: =SUM(R17:AX17) -> 100008
A18: =A17+1 -> 14 | B18: AFILIASI (Perlengkapan Ex. Mesin, Parfum, Dll) | C18: 1782 | D18: Ismail | E18: Akbar Laundry | F18: 11332 | G18: BAHARI ENJOY | H18: mercy laundry | I18: Referral | J18: Basic 12 Bulan | K18: Heriwati | M18: 45324 | N18: 45324 | O18: Sudah 1 Tahun | P18: 45615 | AG18: 100000 | AH18: FINISH | AZ18: =BD18-BC18 -> 0 | BA18: =SUM(AG18) -> 100000 | BB18: 0 | BC18: 100000 | BD18: =SUM(R18:AX18) -> 100000
A19: =A18+1 -> 15 | B19: AFILIASI (Perlengkapan Ex. Mesin, Parfum, Dll) | C19: 1782 | D19: Ismail | E19: Akbar Laundry | F19: 11335 | G19: Sony Triyadi | H19: Amel Laundry | I19: Referral | J19: Basic 12 Bulan | K19: Heriwati | M19: 45345 | N19: 45345 | O19: Sudah 1 Tahun | P19: 45615 | AG19: 100000 | AH19: FINISH | AZ19: =BD19-BC19 -> 0 | BA19: =SUM(AG19) -> 100000 | BB19: 0 | BC19: 100000 | BD19: =SUM(R19:AX19) -> 100000
A20: =A19+1 -> 16 | B20: AFILIASI (Perlengkapan Ex. Mesin, Parfum, Dll) | C20: 1782 | D20: Ismail | E20: Akbar Laundry | F20: 12599 | G20: Yellow laundry | H20: Yellow laundry | I20: Referral | J20: Basic 12 Bulan | K20: Heriwati | M20: 45481 | N20: 45481 | O20: Sudah 1 Tahun | P20: 45615 | AL20: 100000 | AM20: FINISH | AZ20: =BD20-BC20 -> 0 | BA20: =SUM(AL20) -> 100000 | BB20: 0 | BC20: 100000 | BD20: =SUM(R20:AX20) -> 100000
A21: =A20+1 -> 17 | B21: AFILIASI (Perlengkapan Ex. Mesin, Parfum, Dll) | C21: 1782 | D21: Ismail | E21: Akbar Laundry | F21: 12557 | G21: Erika Mustifasari | H21: Clean & Co | I21: Referral | J21: Basic 12 Bulan | K21: Heriwati | M21: 45481 | N21: 45481 | O21: Sudah 1 Tahun | P21: 45615 | AL21: 100000 | AM21: FINISH | AZ21: =BD21-BC21 -> 0 | BA21: =SUM(AL21) -> 100000 | BB21: 0 | BC21: 100000 | BD21: =SUM(R21:AX21) -> 100000
A22: =A21+1 -> 18 | B22: AFILIASI (Perlengkapan Ex. Mesin, Parfum, Dll) | C22: 1782 | D22: Ismail | E22: Akbar Laundry | F22: 12748 | G22: Icha Nolita | H22: De'Cucci Laundry | I22: Referral | J22: Basic 12 Bulan | K22: Heriwati | M22: 45484 | N22: 45484 | O22: Sudah 1 Tahun | P22: 45615 | AL22: 100000 | AM22: FINISH | AZ22: =BD22-BC22 -> 0 | BA22: =SUM(AL22) -> 100000 | BB22: 0 | BC22: 100000 | BD22: =SUM(R22:AX22) -> 100000
A23: =A22+1 -> 19 | B23: AFILIASI (Perlengkapan Ex. Mesin, Parfum, Dll) | C23: 1782 | D23: Ismail | E23: Akbar Laundry | F23: 13597 | G23: Anikun Laundry | H23: Anikun Laundry | I23: Referral | J23: Basic 12 Bulan | K23: Heriwati | M23: 45589 | N23: 45589 | O23: Sudah 1 Tahun | P23: 45615 | AO23: 100000 | AP23: FINISH | AZ23: =BD23-BC23 -> 0 | BA23: =SUM(AO23) -> 100000 | BB23: 0 | BC23: 100000 | BD23: =SUM(R23:AX23) -> 100000
A24: =A23+1 -> 20 | B24: AFILIASI (Perlengkapan Ex. Mesin, Parfum, Dll) | C24: 1782 | D24: Ismail | E24: Akbar Laundry | F24: 14006 | G24: Titan Management | H24: Titan Laundry | I24: Referral | J24: Basic 12 Bulan | K24: Heriwati | M24: 45629 | N24: 45636 | O24: Sudah 1 Tahun | AQ24: 100000 | AR24: FINISH | AZ24: =BD24-BC24 -> 100000 | BA24: 0 | BB24: 0 | BC24: 0 | BD24: =SUM(R24:AX24) -> 100000
A25: =A24+1 -> 21 | B25: AFILIASI (Perlengkapan Ex. Mesin, Parfum, Dll) | C25: 6343 | D25: Ade Syahputra | E25: Key Loundry/AAdelia store | F25: 11295 | G25: King Laundry Grup | H25: King Laundry Marelan | I25: Referral | J25: Basic 1 Bulan | K25: Heriwati | M25: 45343 | N25: 45343 | O25: Sudah 1 Tahun | R25: =COUNTIF($D$5:$D$91,D25) -> 10 | AG25: 8333 | AH25: 8333 | AI25: 8333 | AJ25: 8333 | AK25: 8333 | AL25: US | AM25: US | AN25: US | AO25: US | AP25: US | AQ25: US | AR25: US | AS25: FINISHH | AZ25: =BD25-BC25 -> 33342 | BA25: 0 | BB25: 0 | BC25: =AG25 -> 8333 | BD25: =SUM(R25:AX25) -> 41675
A26: =A25+1 -> 22 | B26: AFILIASI (Perlengkapan Ex. Mesin, Parfum, Dll) | C26: 6343 | D26: Ade Syahputra | E26: Key Loundry/AAdelia store | F26: 11295 | G26: King Laundry Grup | H26: King Laundry Marendal | I26: Referral | J26: Basic 1 Bulan | K26: Heriwati | M26: 45343 | N26: 45343 | O26: Sudah 1 Tahun | AG26: 8333 | AH26: 8333 | AI26: 8333 | AJ26: 8333 | AK26: 8333 | AL26: 8333 | AM26: 8333 | AN26: 8333 | AO26: 8333 | AP26: 8333 | AQ26: 8333 | AR26: 8333 | AS26: FINISHH | AZ26: =BD26-BC26 -> 91663 | BA26: 0 | BB26: 0 | BC26: =AG26 -> 8333 | BD26: =SUM(R26:AX26) -> 99996
A27: =A26+1 -> 23 | B27: AFILIASI (Perlengkapan Ex. Mesin, Parfum, Dll) | C27: 6343 | D27: Ade Syahputra | E27: Key Loundry/AAdelia store | F27: 11703 | G27: sofia laundry | H27: sofia laundry | I27: Referral | J27: Bisnis 1 Bulan | K27: Heriwati | M27: 45379 | N27: 45380 | O27: Sudah 1 Tahun | AH27: 12500 | AI27: - | AJ27: 12500 | AK27: 12500 | AL27: 12500 | AM27: 12500 | AN27: 12500 | AO27: 12500 | AP27: 12500 | AQ27: 12500 | AR27: 12500 | AS27: 12500 | AT27: FINISHH | AZ27: =BD27-BC27 -> 137500 | BA27: 0 | BB27: 0 | BC27: 0 | BD27: =SUM(R27:AX27) -> 137500
A28: =A27+1 -> 24 | B28: AFILIASI (Perlengkapan Ex. Mesin, Parfum, Dll) | C28: 6343 | D28: Ade Syahputra | E28: Key Loundry/AAdelia store | F28: 12109 | G28: Chris Joni Silalahi | H28: 766 Laundry Express | I28: Referral | J28: Bisnis 1 Bulan | K28: Heriwati | M28: 45422 | N28: 45422 | O28: Belum 1 Tahun | AJ28: 12500 | AK28: US | AL28: US | AM28: US | AN28: US | AO28: US | AP28: US | AQ28: US | AR28: US | AS28: US | AT28: US | AU28: =8333*6 -> 49998 | AV28: - | AZ28: =BD28-BC28 -> 62498 | BA28: 0 | BB28: 0 | BC28: 0 | BD28: =SUM(R28:AX28) -> 62498
A29: =A28+1 -> 25 | B29: AFILIASI (Perlengkapan Ex. Mesin, Parfum, Dll) | C29: 6343 | D29: Ade Syahputra | E29: Key Loundry/AAdelia store | F29: 14338 | G29: jayasri | H29: Cendana laundry express | I29: Referral | J29: Bisnis 12 Bulan | K29: Heriwati | M29: 45665 | N29: 45671 | O29: Sudah 1 Tahun | AR29: 150000 | AS29: FINISHH | AZ29: =BD29-BC29 -> 150000 | BA29: 0 | BB29: 0 | BC29: 0 | BD29: =SUM(R29:AX29) -> 150000
A30: =A29+1 -> 26 | B30: AFILIASI (Perlengkapan Ex. Mesin, Parfum, Dll) | C30: 6343 | D30: Ade Syahputra | E30: Key Loundry/AAdelia store | F30: 14589 | G30: Ria Lestari | H30: Raja Laundry | I30: Referral | J30: Bisnis 12 Bulan | K30: Heriwati | M30: 45692 | N30: 45693 | O30: Sudah 1 Tahun | AS30: 150000 | AT30: FINISHH | AZ30: =BD30-BC30 -> 150000 | BA30: 0 | BB30: 0 | BC30: 0 | BD30: =SUM(R30:AX30) -> 150000
A31: =A30+1 -> 27 | B31: AFILIASI (Perlengkapan Ex. Mesin, Parfum, Dll) | C31: 6343 | D31: Ade Syahputra | E31: Key Loundry/AAdelia store | F31: 14660 | G31: Nelly Masril | H31: BUNDA LAUNDRY | I31: Referral | J31: Bisnis 12 Bulan | K31: Heriwati | M31: 45712 | N31: 45712 | O31: Sudah 1 Tahun | AS31: 150000 | AT31: FINISHH | AZ31: =BD31-BC31 -> 150000 | BA31: 0 | BB31: 0 | BC31: 0 | BD31: =SUM(R31:AX31) -> 150000
A32: =A31+1 -> 28 | B32: AFILIASI (Perlengkapan Ex. Mesin, Parfum, Dll) | C32: 6343 | D32: Ade Syahputra | E32: Key Loundry/AAdelia store | F32: 15028 | G32: Sapta Harianto Sinaga | H32: Naga Laundry | I32: Referral | J32: Bisnis 6 Bulan | K32: Heriwati
A33: =A32+1 -> 29 | B33: AFILIASI (Perlengkapan Ex. Mesin, Parfum, Dll) | C33: 6343 | D33: Ade Syahputra | E33: Key Loundry/AAdelia store | F33: 15422 | G33: Yulistia | H33: Laundry PakEAN | I33: Referral | J33: Bisnis 12 Bulan | K33: Heriwati
A34: =A33+1 -> 30 | B34: AFILIASI (Perlengkapan Ex. Mesin, Parfum, Dll) | C34: 6343 | D34: Ade Syahputra | E34: Key Loundry/AAdelia store | F34: 15738 | G34: Adiputra Tambun | H34: Tamora Laundry Express | I34: Referral | J34: Bisnis 6 Bulan | K34: Heriwati
A35: =A34+1 -> 31 | B35: AFILIASI (Perlengkapan Ex. Mesin, Parfum, Dll) | C35: 989 | D35: Pak NANANG | E35: Junior Laundry | F35: 11954 | G35: rizki fajar Kurniawan | H35: JR laundry syar'i | I35: Corporate Paket Bisnis | J35: Bisnis 12 Bulan | K35: Heriwati | M35: 45422 | N35: 45422 | O35: Sudah 1 Tahun | P35: 45768 | R35: =COUNTIF($D$5:$D$91,D35) -> 5 | AJ35: 181720 | AK35: FINISH | AZ35: =BD35-BC35 -> 5 | BA35: 181720 | BB35: 0 | BC35: =sum(AJ35:AU35) -> 181720 | BD35: =SUM(R35:AX35) -> 181725
A36: =A35+1 -> 32 | B36: AFILIASI (Perlengkapan Ex. Mesin, Parfum, Dll) | C36: 989 | D36: Pak NANANG | E36: Junior Laundry | F36: 13137 | G36: Veronica Kusuma Dewi | H36: PRIVATE LOUNDRY | I36: Referral | J36: Bisnis 12 Bulan | K36: Heriwati | M36: 45534 | N36: 45540 | O36: Sudah 1 Tahun | P36: 45768 | AM36: 150000 | AN36: FINISH | AZ36: =BD36-BC36 -> 0 | BA36: 150000 | BB36: 0 | BC36: =sum(AJ36:AU36) -> 150000 | BD36: =SUM(R36:AX36) -> 150000
A37: =A36+1 -> 33 | B37: AFILIASI (Perlengkapan Ex. Mesin, Parfum, Dll) | C37: 989 | D37: Pak NANANG | E37: Junior Laundry | F37: 13503 | G37: Badruddin | H37: Teras Laundry | I37: Referral | J37: Bisnis 6 Bulan | K37: Heriwati | M37: 45574 | N37: 45574 | O37: Sudah 1 Tahun | P37: 45768 | AO37: =12500*6 -> 75000 | AP37: - | AQ37: - | AR37: - | AS37: - | AT37: =12500*6 -> 75000 | AU37: FINISHH | AZ37: =BD37-BC37 -> 0 | BA37: 150000 | BB37: 0 | BC37: =sum(AJ37:AU37) -> 150000 | BD37: =SUM(R37:AX37) -> 150000
A38: =A37+1 -> 34 | B38: AFILIASI (Perlengkapan Ex. Mesin, Parfum, Dll) | C38: 989 | D38: Pak NANANG | E38: Junior Laundry | F38: 13940 | G38: Lukman Al Hakim | H38: Ankabouth Laundry Karpet Boyolali | I38: Corporate Paket Bisnis | J38: Bisnis 12 Bulan | K38: Heriwati | M38: 45636 | N38: 45636 | O38: Sudah 1 Tahun | P38: 45768 | AQ38: 181720 | AR38: FINISH | AZ38: =BD38-BC38 -> 0 | BA38: 181720 | BB38: 0 | BC38: =sum(AJ38:AU38) -> 181720 | BD38: =SUM(R38:AX38) -> 181720
A39: =A38+1 -> 35 | B39: AFILIASI (Perlengkapan Ex. Mesin, Parfum, Dll) | C39: 989 | D39: Pak NANANG | E39: Junior Laundry | F39: 14570 | G39: Nata syaike permatahati | H39: Laundry Korea | I39: Referral | J39: Bisnis 12 Bulan | K39: Heriwati | M39: 45692 | N39: 45694 | O39: Sudah 1 Tahun | P39: 45768 | AS39: 150000 | AT39: FINISHH | AZ39: =BD39-BC39 -> 0 | BA39: 150000 | BB39: 0 | BC39: =sum(AJ39:AU39) -> 150000 | BD39: =SUM(R39:AX39) -> 150000
A40: =A39+1 -> 36 | B40: AFILIASI (Perlengkapan Ex. Mesin, Parfum, Dll) | D40: Pak Medi | E40: BMG Suplay | F40: 9080 | G40: FasaLaundry | H40: FasLaundry | I40: Referral | J40: Basic 1 Bulan | K40: Heriwati | M40: 45082 | N40: 45417 | O40: Sudah 1 Tahun | R40: =COUNTIF($D$5:$D$91,D40) -> 1 | Y40: 8333 | Z40: 8333 | AA40: 8333 | AB40: 8333 | AC40: 8333 | AD40: 8333 | AE40: 8333 | AF40: 8333 | AG40: 8333 | AH40: 8333 | AI40: 8333 | AJ40: 8333 | AK40: FINISH | AZ40: =BD40-BC40 -> 99997 | BA40: 0 | BB40: 0 | BC40: 0 | BD40: =SUM(R40:AX40) -> 99997
A41: =A40+1 -> 37 | B41: AFILIASI (Perlengkapan Ex. Mesin, Parfum, Dll) | C41: 6509 | D41: Andrew/ Muli | E41: inibarulaundrymuliajayaabadi.com | F41: 9074 | G41: Sri Minten | H41: Karunia Laundry | I41: Referral | J41: Bisnis 12 Bulan | K41: Heriwati | M41: 45072 | N41: 45429 | O41: Sudah 1 Tahun | R41: =COUNTIF($D$5:$D$91,D41) -> 6 | X41: 150000 | Y41: FINISH | AZ41: =BD41-BC41 -> 150006 | BA41: 0 | BB41: 0 | BC41: 0 | BD41: =SUM(R41:AX41) -> 150006
A42: =A41+1 -> 38 | B42: AFILIASI (Perlengkapan Ex. Mesin, Parfum, Dll) | C42: 6509 | D42: Andrew/ Muli | E42: inibarulaundrymuliajayaabadi.com | F42: 9815 | G42: Satriyo Budi Utomo | H42: King Laundry | I42: Referral | J42: Bisnis 1 Bulan | K42: Heriwati | M42: 45161 | N42: 45463 | O42: Sudah 1 Tahun | AA42: 12500 | AB42: 12500 | AC42: 12500 | AD42: 12500 | AE42: 12500 | AF42: 12500 | AG42: 12500 | AH42: 12500 | AI42: 12500 | AJ42: 12500 | AK42: 12500 | AL42: 12500 | AM42: FINISH | AZ42: =BD42-BC42 -> 150000 | BA42: 0 | BB42: 0 | BC42: 0 | BD42: =SUM(R42:AX42) -> 150000
A43: =A42+1 -> 39 | B43: AFILIASI (Perlengkapan Ex. Mesin, Parfum, Dll) | C43: 6509 | D43: Andrew/ Muli | E43: inibarulaundrymuliajayaabadi.com | F43: 9815 | G43: Satriyo Budi Utomo | H43: Happy Laundry | I43: Referral | J43: Bisnis 1 Bulan | K43: Heriwati | M43: 45161 | N43: 45463 | O43: Sudah 1 Tahun | AA43: 12500 | AB43: 12500 | AC43: 12500 | AD43: 12500 | AE43: 12500 | AF43: 12500 | AG43: 12500 | AH43: 12500 | AI43: 12500 | AJ43: 12500 | AK43: 12500 | AL43: 12500 | AM43: FINISH | AZ43: =BD43-BC43 -> 150000 | BA43: 0 | BB43: 0 | BC43: 0 | BD43: =SUM(R43:AX43) -> 150000
A44: =A43+1 -> 40 | B44: AFILIASI (Perlengkapan Ex. Mesin, Parfum, Dll) | C44: 6509 | D44: Andrew/ Muli | E44: inibarulaundrymuliajayaabadi.com | F44: 9902 | G44: Klik Laundry | H44: Klik Laundry | I44: Referral | J44: Basic 1 Bulan | K44: Heriwati | M44: 45171 | N44: 45466 | O44: Sudah 1 Tahun | AB44: 8333 | AC44: - | AD44: 8333 | AE44: 8333 | AF44: 8333 | AG44: 8333 | AH44: 8333 | AI44: 8333 | AJ44: 8333 | AK44: 8333 | AL44: 8333 | AM44: 8333 | AN44: FINISH | AZ44: =BD44-BC44 -> 91663 | BA44: 0 | BB44: 0 | BC44: 0 | BD44: =SUM(R44:AX44) -> 91663
A45: =A44+1 -> 41 | B45: AFILIASI (Perlengkapan Ex. Mesin, Parfum, Dll) | C45: 6509 | D45: Andrew/ Muli | E45: inibarulaundrymuliajayaabadi.com | F45: 10043 | G45: TOPTASTIC | H45: TOPTASTIC | I45: Referral | J45: Bisnis 12 Bulan | K45: Heriwati | M45: 45188 | N45: 45188 | O45: Sudah 1 Tahun | AB45: 150000 | AC45: FINISH | AZ45: =BD45-BC45 -> 150000 | BA45: 0 | BB45: 0 | BC45: 0 | BD45: =SUM(R45:AX45) -> 150000
A46: =A45+1 -> 42 | B46: AFILIASI (Perlengkapan Ex. Mesin, Parfum, Dll) | C46: 6509 | D46: Andrew/ Muli | E46: inibarulaundrymuliajayaabadi.com | F46: 10856 | G46: ponpes tahfidz | H46: MITRA LAUNDRY | I46: Referral | J46: Basic 1 Bulan | K46: Heriwati | M46: 45293 | N46: 45293 | O46: Sudah 1 Tahun | AF46: 8333 | AG46: 8333 | AH46: 8333 | AI46: 8333 | AJ46: 8333 | AK46: 8333 | AL46: 8333 | AM46: US | AN46: US | AO46: US | AP46: US | AQ46: US | AR46: FINISHH | AZ46: =BD46-BC46 -> 58331 | BA46: 0 | BB46: 0 | BC46: 0 | BD46: =SUM(R46:AX46) -> 58331
A47: =A46+1 -> 43 | B47: AFILIASI (Perlengkapan Ex. Mesin, Parfum, Dll) | C47: 8645 | D47: Yendri Yusman | E47: Dhiva Laundry | F47: 12254 | G47: Enni Manurung | H47: ROLAS LAUNDRY EXPRESS | I47: Referral | J47: Bisnis 12 Bulan | K47: Heriwati | M47: 45440 | N47: 45440 | O47: Sudah 1 Tahun | P47: 45649 | R47: =COUNTIF($D$5:$D$91,D47) -> 4 | AJ47: 150000 | AK47: FINISH | AZ47: =BD47-BC47 -> 4 | BA47: =SUM(AJ47) -> 150000 | BB47: 0 | BC47: =sum(AJ47) -> 150000 | BD47: =SUM(R47:AX47) -> 150004
A48: =A47+1 -> 44 | B48: AFILIASI (Perlengkapan Ex. Mesin, Parfum, Dll) | C48: 8645 | D48: Yendri Yusman | E48: Dhiva Laundry | F48: 14162 | G48: Nur Hidayah | H48: Dina Laundry | I48: Referral | J48: Bisnis 6 Bulan | K48: Heriwati | M48: 45645 | N48: 45645 | O48: Sudah 1 Tahun | P48: 45649 | AQ48: =12500*6 -> 75000 | AZ48: =BD48-BC48 -> 0 | BA48: =SUM(AQ48) -> 75000 | BB48: 0 | BC48: =sum(AQ48) -> 75000 | BD48: =SUM(R48:AX48) -> 75000
A49: =A48+1 -> 45 | B49: AFILIASI (Perlengkapan Ex. Mesin, Parfum, Dll) | C49: 8645 | D49: Yendri Yusman | E49: Dhiva Laundry | F49: 13849 | G49: pak Agung | H49: Agni jaya laundry | I49: Referral | J49: Bisnis 12 Bulan | K49: Heriwati | M49: 45611 | N49: 45611 | O49: Sudah 1 Tahun | P49: 45649 | AP49: 150000 | AQ49: FINISH | AZ49: =BD49-BC49 -> 0 | BA49: =SUM(AP49) -> 150000 | BB49: 0 | BC49: =sum(AP49) -> 150000 | BD49: =SUM(R49:AX49) -> 150000
A50: =A49+1 -> 46 | B50: AFILIASI (Perlengkapan Ex. Mesin, Parfum, Dll) | C50: 8645 | D50: Yendri Yusman | E50: Dhiva Laundry | F50: 15457 | G50: Teguh Rizal Hamdany | H50: Berkah Laundry | I50: Referral | J50: Bisnis 12 Bulan | K50: Heriwati | L50: https://drive.google.com/file/d/1BhEmlVwcUnd49mYu3dc9NsSBuaNtkdFc/view?usp=sharing | M50: 45788 | N50: 45832 | O50: Sudah 1 Tahun | P50: 45875 | AW50: 150000 | AX50: FINISH | AZ50: =BD50-BC50 -> 0 | BA50: =SUM(AP50) -> 0 | BB50: 0 | BC50: =AW50 -> 150000 | BD50: =SUM(R50:AX50) -> 150000
A51: =A50+1 -> 47 | B51: AFILIASI (Perlengkapan Ex. Mesin, Parfum, Dll) | C51: 14152 | D51: Mohacmad Hadi | E51: PUTRA TEKNIK SEMARANG | F51: 14236 | G51: Yusuf Basalamah | H51: mama laundry | I51: Referral | J51: Basic 12 Bulan | K51: Heriwati | M51: 45657 | N51: 45666 | O51: Sudah 1 Tahun | P51: 45708 | R51: {=COUNTIF($D$5:$D$91,D51:D52)} -> 2 | AQ51: 100000 | AR51: FINISH | AZ51: =BD51-BC51 -> 2 | BA51: =SUM(AQ51) -> 100000 | BB51: 0 | BC51: =AQ51 -> 100000 | BD51: =SUM(R51:AX51) -> 100002
A52: =A51+1 -> 48 | B52: AFILIASI (Perlengkapan Ex. Mesin, Parfum, Dll) | C52: 14152 | D52: Mohacmad Hadi | E52: PUTRA TEKNIK SEMARANG | F52: 14513 | G52: Yogi | H52: Wash and Joy | I52: Referral | J52: Bisnis 12 Bulan | K52: Heriwati | M52: 45697 | N52: 45698 | O52: Sudah 1 Tahun | P52: 45708 | AS52: 150000 | AT52: FINISH | AZ52: =BD52-BC52 -> 0 | BA52: =SUM(AS52) -> 150000 | BB52: 0 | BC52: =AS52 -> 150000 | BD52: =SUM(R52:AX52) -> 150000
A53: =A52+1 -> 49 | B53: AFILIASI (Perlengkapan Ex. Mesin, Parfum, Dll) | D53: Adip | E53: ADIP LAUNDRY SEMARANG | F53: 14009 | G53: Ade | H53: Anytime Laundry | I53: Referral | J53: Bisnis 12 Bulan | K53: Heriwati | M53: 45643 | N53: 45643 | O53: Sudah 1 Tahun | R53: =COUNTIF($D$5:$D$91,D53) -> 1 | AQ53: 150000 | AR53: FINISHH | AZ53: =BD53-BC53 -> 150001 | BA53: 0 | BB53: 0 | BC53: 0 | BD53: =SUM(R53:AX53) -> 150001
A54: =A53+1 -> 50 | B54: FRANCHISE (Jual Brand Usaha) | D54: Beta | E54: Deter_gent Laundry | F54: 9701 | G54: Restu | H54: Deter_gent Laundry Bekasi | I54: Referral | J54: Bisnis 12 Bulan | K54: Heriwati | M54: 45140 | N54: 45140 | O54: Sudah 1 Tahun | P54: 45800 | R54: =COUNTIF($D$5:$D$91,D54) -> 5 | Z54: 150000 | AA54: FINISH | AZ54: =BD54-BC54 -> 5 | BA54: 150000 | BB54: 0 | BC54: 150000 | BD54: =SUM(R54:AX54) -> 150005
A55: =A54+1 -> 51 | B55: FRANCHISE (Jual Brand Usaha) | D55: Beta | E55: Deter_gent Laundry | F55: 10487 | G55: Ananda | H55: Detergen Laundry | I55: Referral | J55: Bisnis 1 Bulan | K55: Heriwati | M55: 45225 | N55: 45604 | O55: Sudah 1 Tahun | P55: 45800 | AC55: 12500 | AD55: - | AE55: 12500 | AF55: 12500 | AG55: 12500 | AH55: 12500 | AI55: 12500 | AJ55: 12500 | AK55: 12500 | AL55: 12500 | AM55: 12500 | AN55: 12500 | AO55: 12500 | AP55: FINISH | AZ55: =BD55-BC55 -> 0 | BA55: 150000 | BB55: 0 | BC55: 150000 | BD55: =SUM(R55:AX55) -> 150000
A56: =A55+1 -> 52 | B56: FRANCHISE (Jual Brand Usaha) | D56: Beta | E56: Deter_gent Laundry | F56: 14431 | G56: Koperasi Sari Sedana Nusantara | H56: Check In Laundry | I56: Referral | J56: Bisnis 12 Bulan | K56: Heriwati | M56: 45675 | N56: 45675 | O56: Sudah 1 Tahun | P56: 45800 | AR56: 150000 | AS56: FINISHH | AZ56: =BD56-BC56 -> 0 | BA56: 150000 | BB56: 0 | BC56: 150000 | BD56: =SUM(R56:AX56) -> 150000
A57: =A56+1 -> 53 | B57: FRANCHISE (Jual Brand Usaha) | D57: Beta | E57: Deter_gent Laundry | F57: 14630 | G57: Stephan | H57: one love laundry | I57: Referral | J57: Bisnis 12 Bulan | K57: Heriwati | M57: 45706 | N57: 45706 | O57: Sudah 1 Tahun | P57: 45800 | AS57: 150000 | AT57: FINISHH | AZ57: =BD57-BC57 -> 0 | BA57: 150000 | BB57: 0 | BC57: 150000 | BD57: =SUM(R57:AX57) -> 150000
A58: =A57+1 -> 54 | B58: FRANCHISE (Jual Brand Usaha) | D58: Beta | E58: Deter_gent Laundry | F58: 15636 | G58: Detergent Laundry nusakambangan | H58: Detergent Laundry nusakambangan | I58: Referral | J58: Bisnis 12 Bulan | K58: Heriwati
A59: =A58+1 -> 55 | B59: FRANCHISE (Jual Brand Usaha) | C59: 10717 | D59: joko Widodo daulay | E59: BERKAH LAUNDRI KISARAN | F59: 10762 | G59: Adriana Laundry Express | H59: Adriana Laundry Express | I59: Referral | J59: Basic 12 Bulan | K59: Heriwati | M59: 45308 | N59: 45308 | O59: Sudah 1 Tahun | R59: =COUNTIF($D$5:$D$91,D59) -> 2 | AF59: 100000 | AG59: FINISH | AZ59: =BD59-BC59 -> 2 | BA59: 0 | BB59: 0 | BC59: =sum(AF59:AK59) -> 100000 | BD59: =SUM(R59:AX59) -> 100002
A60: =A59+1 -> 56 | B60: FRANCHISE (Jual Brand Usaha) | C60: 10717 | D60: joko Widodo daulay | E60: BERKAH LAUNDRI KISARAN | F60: 12254 | G60: Enni Manurung | H60: ROLAS LAUNDRY EXPRESS | I60: Referral | J60: Bisnis 12 Bulan | K60: Heriwati | M60: 45440 | N60: 45440 | O60: Sudah 1 Tahun | P60: 45470 | AJ60: 150000 | AK60: FINISH | AZ60: =BD60-BC60 -> 0 | BA60: =SUM(AJ60) -> 150000 | BB60: 0 | BC60: 150000 | BD60: =SUM(R60:AX60) -> 150000
A61: =A60+1 -> 57 | B61: REFERAL (Berlangganan) | C61: 5836 | D61: Adi Prayitno | E61: Inches Laundry Express | F61: 10227 | G61: Evan | H61: EvanWashLaundryExpress | I61: Referral | J61: Bisnis 12 Bulan | K61: Heriwati | M61: 45200 | N61: 45207 | O61: Sudah 1 Tahun | R61: 1 | AC61: 150000 | AD61: FINISH | AZ61: =BD61-BC61 -> 150001 | BA61: 0 | BB61: 0 | BC61: =sum(AF61:AK61) -> 0 | BD61: =SUM(R61:AX61) -> 150001
A62: =A61+1 -> 58 | B62: REFERAL (Berlangganan) | C62: 4896 | D62: Elisabeth | E62: Baladewa Laundry | F62: 10725 | G62: Ira Andriana | H62: Aila Laundry | I62: Referral | J62: Basic 1 Bulan | K62: Heriwati | M62: 45258 | N62: 45461 | O62: Sudah 1 Tahun | R62: 1 | AD62: 8333 | AE62: - | AF62: 8333 | AG62: 8333 | AH62: 8333 | AI62: 8333 | AJ62: 8333 | AK62: 8333 | AL62: 8333 | AM62: 8333 | AN62: 8333 | AO62: 8333 | AP62: 8333 | AQ62: FINISH | AZ62: =BD62-BC62 -> 99997 | BA62: 0 | BB62: 0 | BC62: 0 | BD62: =SUM(R62:AX62) -> 99997
A63: =A62+1 -> 59 | B63: REFERAL (Berlangganan) | C63: 7233 | D63: Riendi Pratama | E63: Adrienu laundry | F63: 11930 | G63: Aylien Wihardja | H63: Matsunoki Laundry Shoes&Apparel Care | I63: Referral | J63: Bisnis 12 Bulan | K63: Heriwati | M63: 45405 | N63: 45415 | O63: Sudah 1 Tahun | P63: 45429 | R63: 1 | AI63: 150000 | AJ63: FINISH | AZ63: =BD63-BC63 -> 1 | BA63: =SUM(AI63) -> 150000 | BB63: 0 | BC63: =sum(AF63:AK63) -> 150000 | BD63: =SUM(R63:AX63) -> 150001
A64: =A63+1 -> 60 | B64: REFERAL (Berlangganan) | C64: 2700 | D64: My Laundry | E64: Rezky Perdana | F64: 8412 | G64: Yusliana Lubis | H64: UCU LONDRY/MayFa LAUNDRY | I64: Referral | J64: Basic 1 Bulan | K64: Heriwati | M64: 44997 | N64: 45168 | O64: Sudah 1 Tahun | R64: =COUNTIF($D$5:$D$91,D64) -> 4 | V64: 8333 | W64: 8333 | X64: 8333 | Y64: 8333 | Z64: US | AA64: 8333 | AB64: 8333 | AC64: US | AD64: US | AE64: US | AF64: 8333 | AG64: 8333 | AH64: FINISH | AZ64: =BD64-BC64 -> 25003 | BA64: 0 | BB64: 0 | BC64: =sum(V64:AA64) -> 41665 | BD64: =SUM(R64:AX64) -> 66668
A65: =A64+1 -> 61 | B65: REFERAL (Berlangganan) | C65: 2700 | D65: My Laundry | E65: Rezky Perdana | F65: 7537 | G65: Riza Dalimunthe | H65: My Laundry | I65: Referral | J65: Basic 1 Bulan | K65: Heriwati | M65: 44893 | N65: 45224 | O65: Sudah 1 Tahun | S65: 8333 | T65: 8333 | U65: 8333 | V65: 8333 | W65: 8333 | X65: 8333 | Y65: 8333 | Z65: 8333 | AA65: 8333 | AB65: 8333 | AC65: 8333 | AD65: FINISH | AZ65: =BD65-BC65 -> 0 | BA65: 0 | BB65: 0 | BC65: =sum(R65:AC65) -> 91663 | BD65: =SUM(R65:AX65) -> 91663
A66: =A65+1 -> 62 | B66: REFERAL (Berlangganan) | C66: 2700 | D66: My Laundry | E66: Rezky Perdana | F66: 7425 | G66: Semut Galak | H66: ITA LOUNDRY | I66: Referral | J66: Basic 1 Bulan | K66: Heriwati | M66: 44881 | N66: 45211 | O66: Sudah 1 Tahun | S66: 8333 | T66: 8333 | U66: 8333 | V66: 8333 | W66: 8333 | X66: 8333 | Y66: 8333 | Z66: 8333 | AA66: 8333 | AB66: 8333 | AC66: 8333 | AD66: FINISH | AZ66: =BD66-BC66 -> 0 | BA66: 0 | BB66: 0 | BC66: =sum(R66:AC66) -> 91663 | BD66: =SUM(R66:AX66) -> 91663
A67: =A66+1 -> 63 | B67: REFERAL (Berlangganan) | C67: 2700 | D67: My Laundry | E67: Rezky Perdana | F67: 8412 | G67: Yusliana Lubis | H67: UCU LONDRY/SMART LAUNDRY | I67: Referral | J67: Basic 1 Bulan | K67: Heriwati | M67: 45109 | N67: 45589 | O67: Sudah 1 Tahun | Z67: 8333 | AA67: 8333 | AB67: 8333 | AC67: 8333 | AD67: 8333 | AE67: 8333 | AF67: 8333 | AG67: 8333 | AH67: 8333 | AI67: 8333 | AJ67: 8333 | AK67: 8333 | AL67: FINISH | AZ67: =BD67-BC67 -> 66664 | BA67: 0 | BB67: 0 | BC67: =sum(Z67:AC67) -> 33332 | BD67: =SUM(R67:AX67) -> 99996
A68: =A67+1 -> 64 | B68: REFERAL (Berlangganan) | D68: Rico Yuli Prasetyo | E68: Raja Laundry | F68: 13043 | G68: Indri Triani Tjandrawati | H68: Lucky Laundry | I68: Referral | J68: Bisnis 12 Bulan | K68: Heriwati | M68: 45519 | N68: 45523 | O68: Sudah 1 Tahun | P68: 45524 | R68: =COUNTIF($D$5:$D$91,D68) -> 3 | AM68: 150000 | AN68: FINISH | AZ68: =BD68-BC68 -> 3 | BA68: =SUM(AM68) -> 150000 | BB68: 0 | BC68: =AM68 -> 150000 | BD68: =SUM(R68:AX68) -> 150003
A69: =A68+1 -> 65 | B69: REFERAL (Berlangganan) | D69: Rico Yuli Prasetyo | E69: Raja Laundry | F69: 15617 | G69: Jeffri indratmoko | H69: King Tuntas Laundry/Sawojajar King Tuntas Laundry | I69: Referral | J69: Bisnis 12 Bulan | K69: Heriwati | L69: https://drive.google.com/file/d/193R0XueI_wAFbnC692a1-ZgtWs6cLXpT/view?usp=sharing | M69: 45807 | N69: 45841 | O69: Sudah 1 Tahun | P69: 45855 | AX69: 150000 | AZ69: =BD69-BC69 -> 0 | BA69: 150000 | BB69: 0 | BC69: =BA69+BB69 -> 150000 | BD69: =SUM(R69:AX69) -> 150000
A70: =A69+1 -> 66 | B70: REFERAL (Berlangganan) | D70: Rico Yuli Prasetyo | E70: Raja Laundry | F70: 15617 | G70: Jeffri indratmoko | H70: King Tuntas Laundry/Watugong king Tuntas Laundry | I70: Referral | J70: Bisnis 12 Bulan | K70: Heriwati | L70: https://drive.google.com/file/d/193R0XueI_wAFbnC692a1-ZgtWs6cLXpT/view?usp=sharing | M70: 45807 | N70: 45841 | O70: Sudah 1 Tahun | P70: 45855 | AX70: 150000 | AZ70: =BD70-BC70 -> 0 | BA70: 150000 | BB70: 0 | BC70: =BA70+BB70 -> 150000 | BD70: =SUM(R70:AX70) -> 150000
A71: =A70+1 -> 67 | B71: REFERAL (Berlangganan) | C71: 9265 | D71: Adi Muhammadiah | E71: CANDU LAUNDRY | F71: 14712 | G71: rushkeyy | H71: MOOD LAUNDRY | I71: Referral | J71: Bisnis 12 Bulan | K71: Heriwati | M71: 45704 | N71: 45705 | O71: Sudah 1 Tahun | R71: 1 | AS71: 150000 | AT71: FINISHH | AZ71: =BD71-BC71 -> 150001 | BA71: 0 | BB71: 0 | BC71: 0 | BD71: =SUM(R71:AX71) -> 150001
A72: =A71+1 -> 68 | B72: REFERAL (Berlangganan) | C72: 11117 | D72: Guruh Adi Pratama | E72: Doux Laundry | F72: 15696 | G72: Erika | H72: MANY LAUNDRY | I72: Referral | J72: Bisnis 12 Bulan | K72: Novel | M72: 45812 | N72: 45812 | O72: Sudah 1 Tahun | P72: 45813 | R72: 1 | AX72: 150000 | AZ72: =BD72-BC72 -> 1 | BA72: =AX72 -> 150000 | BB72: 0 | BC72: =sum(BA72:BB72) -> 150000 | BD72: =SUM(R72:AX72) -> 150001
A73: =A72+1 -> 69 | B73: REFERAL (Berlangganan) | C73: 1694 | D73: Julita | E73: Kitee_Laundry | F73: 11117 | G73: Guruh adi pratama | H73: Doux Laundry/Doux Laundry 2 | I73: Referral | J73: Bisnis 12 Bulan | K73: Lady | M73: 45322 | N73: 45322 | O73: Sudah 1 Tahun | R73: 2 | AF73: 150000 | AG73: FINISH | AZ73: =BD73-BC73 -> 2 | BA73: 0 | BB73: 0 | BC73: =sum(AF73:AL73) -> 150000 | BD73: =SUM(R73:AX73) -> 150002
A74: =A73+1 -> 70 | B74: REFERAL (Berlangganan) | C74: 1694 | D74: Julita | E74: Kitee_Laundry | F74: 11117 | G74: Guruh adi pratama | H74: Doux Laundry/Doux Laundry | I74: Referral | J74: Bisnis 1 Bulan | K74: Lady | M74: 45322 | N74: 45323 | O74: Sudah 1 Tahun | P74: 45588 | AF74: 12500 | AG74: - | AH74: 12500 | AI74: 12500 | AJ74: 12500 | AK74: 12500 | AL74: 12500 | AM74: 12500 | AN74: 12500 | AO74: 12500 | AP74: =12500 -> 12500 | AQ74: =12500 -> 12500 | AR74: =12500 -> 12500 | AZ74: =BD74-BC74 -> 37500 | BA74: =SUM(AF74:AO74) -> 112500 | BB74: 0 | BC74: =sum(AF74:AO74) -> 112500 | BD74: =SUM(R74:AX74) -> 150000
A75: =A74+1 -> 71 | B75: REFERAL (Berlangganan) | C75: 6058 | D75: Citra Halim | E75: Citra Laundry | F75: 13501 | G75: Nicholas | H75: Honey Bee Laundry | I75: Referral | J75: Bisnis 3 Bulan | K75: Lady | M75: 45577 | N75: 45577 | O75: Sudah 1 Tahun | P75: 45813 | R75: 1 | AO75: =12500*3 -> 37500 | AP75: - | AQ75: - | AR75: 12500 | AS75: 12500 | AT75: 12500 | AU75: 12500 | AV75: 12500 | AZ75: =BD75-BC75 -> 25001 | BA75: =sum(AO75:AT75) -> 75000 | BB75: 0 | BC75: =sum(BA75:BB75) -> 75000 | BD75: =SUM(R75:AX75) -> 100001
A76: =A75+1 -> 72 | B76: REFERAL (Berlangganan) | C76: 4134 | D76: Chareel Josua Vandana Maningkas | E76: Mercy Laundry | F76: 13058 | G76: RIUS | H76: DIAMOND LAUNDRY | I76: Referral | J76: Bisnis 6 Bulan | K76: Lady | M76: 45521 | N76: 45521 | O76: Belum 1 Tahun | R76: 1 | AM76: =12500*6 -> 75000 | AN76: - | AO76: - | AP76: - | AQ76: - | AR76: - | AS76: 12500 | AT76: 12500 | AU76: 12500 | AV76: 12500 | AZ76: =BD76-BC76 -> 125001 | BA76: 0 | BB76: 0 | BC76: 0 | BD76: =SUM(R76:AX76) -> 125001
A77: =A76+1 -> 73 | B77: AFILIASI (Perlengkapan Ex. Mesin, Parfum, Dll) | C77: 8881 | D77: Nurmalatif | E77: JOGAN LAUNDRY | F77: 13526 | G77: DoTuman laundry | H77: laundry | I77: Corporate Paket Basic | J77: Basic 6 Bulan | K77: Lady | M77: 45572 | N77: 45572 | O77: Sudah 1 Tahun | P77: 45588 | R77: 2 | AO77: =120120/2 -> 60060 | AP77: - | AQ77: - | AR77: - | AZ77: =BD77-BC77 -> 2 | BA77: =SUM(AO77) -> 60060 | BB77: 0 | BC77: =sum(AF77:AO77) -> 60060 | BD77: =SUM(R77:AX77) -> 60062
A78: =A77+1 -> 74 | B78: AFILIASI (Perlengkapan Ex. Mesin, Parfum, Dll) | C78: 8881 | D78: Nurmalatif | E78: JOGAN LAUNDRY | F78: 13566 | G78: DoTuman laundry | H78: laundry | I78: Corporate Paket Bisnis | J78: Bisnis 6 Bulan | K78: Lady | M78: 45578 | N78: 45578 | O78: Sudah 1 Tahun | P78: 45588 | AO78: =181720/2 -> 90860 | AP78: - | AQ78: - | AR78: - | AZ78: =BD78-BC78 -> 0 | BA78: =SUM(AO78) -> 90860 | BB78: 0 | BC78: =sum(AF78:AO78) -> 90860 | BD78: =SUM(R78:AX78) -> 90860
B79: AFILIASI (Perlengkapan Ex. Mesin, Parfum, Dll) | C79: 6125 | D79: Harapan | E79: Expert laundry (Raja Setrika) | F79: 15774 | G79: Vera Francika | H79: Sukacita Loundry | I79: Referral | J79: Basic 6 Bulan | K79: Novel | M79: 45853 | N79: 45855 | O79: Belum 1 Tahun | P79: 45880 | R79: 2 | AX79: =8333*6 -> 49998 | AY79: - | AZ79: =BD79-BC79 -> 50000 | BA79: 0 | BB79: 0 | BC79: 0 | BD79: =SUM(R79:AY79) -> 50000
B80: AFILIASI (Perlengkapan Ex. Mesin, Parfum, Dll) | C80: 6125 | D80: Harapan | E80: Expert laundry (Raja Setrika) | F80: 16070 | G80: Alice Susanty | H80: B*EST Laundry | I80: Referral | J80: Bisnis 12 Bulan | K80: Novel | M80: 45873 | N80: 45873 | O80: Sudah 1 Tahun | P80: 45880 | AY80: 150000 | AZ80: =BD80-BC80 -> 150000 | BA80: 0 | BB80: 0 | BC80: 0 | BD80: =SUM(R80:AY80) -> 150000
B81: AFILIASI (Perlengkapan Ex. Mesin, Parfum, Dll) | C81: 6125 | D81: Harapan | E81: Expert laundry (Raja Setrika) | F81: 15902 | G81: Tika | H81: RUMAH LAUNDRY EXPRESS | I81: Referral | J81: Basic 6 Bulan | K81: Novel | M81: 45869 | N81: 45876 | O81: Belum 1 Tahun | P81: 45880 | AY81: =8333*6 -> 49998 | AZ81: =BD81-BC81 -> 49998 | BA81: 0 | BB81: 0 | BC81: 0 | BD81: =SUM(R81:AY81) -> 49998
B82: AFILIASI (Perlengkapan Ex. Mesin, Parfum, Dll) | D82: Ardiansyah | E82: Loundrystore Jambi | F82: 16105 | G82: Esje Laundry | H82: ESJE LAUNDRY JAMBI | I82: Corporate Paket Basic | J82: Basic 12 Bulan | K82: Novel | M82: 45882 | N82: 45882 | O82: Sudah 1 Tahun | R82: 6 | AY82: 120120 | AZ82: =BD82-BC82 -> 120126 | BA82: 0 | BB82: 0 | BC82: 0 | BD82: =SUM(R82:AY82) -> 120126
B83: AFILIASI (Perlengkapan Ex. Mesin, Parfum, Dll) | D83: Ardiansyah | E83: Loundrystore Jambi | F83: 16109 | G83: Muhammad Ridwan | H83: Siap Laundry | I83: Corporate Paket Basic | J83: Basic 12 Bulan | K83: Novel | M83: 45882 | N83: 45882 | O83: Sudah 1 Tahun | AY83: 120120 | AZ83: =BD83-BC83 -> 120120 | BA83: 0 | BB83: 0 | BC83: 0 | BD83: =SUM(R83:AY83) -> 120120
B84: AFILIASI (Perlengkapan Ex. Mesin, Parfum, Dll) | D84: Ardiansyah | E84: Loundrystore Jambi | F84: 15958 | G84: Heri Setiawan | H84: Laundry Sahabat 95 | I84: Corporate Paket Basic | J84: Basic 12 Bulan | K84: Novel | M84: 45896 | N84: 45896 | O84: Sudah 1 Tahun | AY84: 120000 | AZ84: =BD84-BC84 -> 120000 | BA84: 0 | BB84: 0 | BC84: 0 | BD84: =SUM(R84:AY84) -> 120000
B85: AFILIASI (Perlengkapan Ex. Mesin, Parfum, Dll) | D85: Ardiansyah | E85: Loundrystore Jambi | F85: 15323 | G85: Yuwita | H85: BW Elegant Laundry | I85: Corporate Paket Basic | J85: Basic 12 Bulan | K85: Novel | M85: 45834 | N85: 45834 | O85: Sudah 1 Tahun | AW85: 120120 | AZ85: =BD85-BC85 -> 120120 | BA85: 0 | BB85: 0 | BC85: 0 | BD85: =SUM(R85:AY85) -> 120120
B86: AFILIASI (Perlengkapan Ex. Mesin, Parfum, Dll) | D86: Ardiansyah | E86: Loundrystore Jambi | F86: 15676 | G86: Noona Laundry | H86: Noona Laundry | I86: Corporate Paket Basic | J86: Basic 12 Bulan | K86: Novel | M86: 45842 | N86: 45842 | O86: Sudah 1 Tahun | AX86: 120120 | AZ86: =BD86-BC86 -> 120120 | BA86: 0 | BB86: 0 | BC86: 0 | BD86: =SUM(R86:AY86) -> 120120
A87: =A78+1 -> 75 | B87: REFERAL (Berlangganan) | C87: 4323 | D87: Atik Nurbayati | E87: Delisha Laundry | F87: 13445 | G87: Mutiara Laundry Gresik | H87: Mutiara Laundry Gresik/Mutiara Laundry GKB | I87: Referral | J87: Bisnis 12 Bulan | K87: Selvi | M87: 45579 | N87: 45579 | O87: Sudah 1 Tahun | R87: 2 | AO87: 150000 | AP87: FINISH | AZ87: =SUM(BD87-BC87) -> 150002 | BA87: 0 | BB87: 0 | BC87: 0 | BD87: =SUM(R87:AX87) -> 150002
A88: =A87+1 -> 76 | B88: REFERAL (Berlangganan) | C88: 4323 | D88: Atik Nurbayati | E88: Delisha Laundry | F88: 13445 | G88: Mutiara Laundry Gresik | H88: Mutiara Laundry Gresik/Laundry Karpet Gresik | I88: Referral | J88: Bisnis 12 Bulan | K88: Selvi | M88: 45582 | N88: 45582 | O88: Sudah 1 Tahun | AO88: 150000 | AP88: FINISH | AZ88: =SUM(BD88-BC88) -> 150000 | BA88: 0 | BB88: 0 | BC88: 0 | BD88: =SUM(R88:AX88) -> 150000
A89: =A88+1 -> 77 | B89: AFILIASI (Perlengkapan Ex. Mesin, Rak, Dll)" | D89: Loundrystore Jambi | E89: Loundrystore Jambi | F89: 13512 | G89: Ratu Laundry | H89: RATU LAUNDRY | I89: Corporate Paket UMKM | J89: Basic 12 Bulan | K89: Selvi | M89: 45572 | N89: 45590 | O89: Sudah 1 Tahun | P89: 45695 | R89: 3 | AO89: 269910 | AP89: FINISH | AZ89: =SUM(BD89-BC89) -> 3 | BA89: =SUM(AO89) -> 269910 | BB89: 0 | BC89: =AO89 -> 269910 | BD89: =SUM(R89:AX89) -> 269913
A90: =A89+1 -> 78 | B90: AFILIASI (Perlengkapan Ex. Mesin, Rak, Dll)" | D90: Loundrystore Jambi | E90: Loundrystore Jambi | F90: 14327 | G90: Yohana Nasution | H90: Aisyah Laundry | I90: Referral | J90: Bisnis 12 Bulan | K90: Selvi | M90: 45676 | N90: 45676 | O90: Sudah 1 Tahun | P90: 45695 | AR90: 150000 | AS90: FINISH | AZ90: =SUM(BD90-BC90) -> 0 | BA90: =SUM(AR90) -> 150000 | BB90: 0 | BC90: =AR90 -> 150000 | BD90: =SUM(R90:AX90) -> 150000
A91: =A90+1 -> 79 | B91: AFILIASI (Perlengkapan Ex. Mesin, Rak, Dll)" | D91: Loundrystore Jambi | E91: Loundrystore Jambi | F91: 14369 | G91: Salianti Jagi Diri | H91: Sally Laundry | I91: Corporate Paket Bundling Bisnis | J91: Bisnis 12 Bulan | K91: Selvi | M91: 45677 | N91: 45684 | O91: Sudah 1 Tahun | P91: 45695 | AR91: 239850 | AS91: FINISH | AZ91: =SUM(BD91-BC91) -> 0 | BA91: =SUM(AR91) -> 239850 | BB91: 0 | BC91: =AR91 -> 239850 | BD91: =SUM(R91:AX91) -> 239850

Sheet Perencanaan Komisi Mitra Terbar
A1: Komisi Mitra Referral
A2: Nama Paket | B2: Harga | C2: HPP | D2: Komisi/Bulan | E2: Komisi / Outlet | F2: PIC | G2: Margin Setelah Komisi Mitra & Pic | H2: Target Pencapaian | I2: Komisi / Outlet | J2: Bonus Tambahan/ Perncapaian | K2: Bonus Tambahan Pencapaian (10 Outlet) | L2: Total Komis + Reward | M2: PIC | N2: Margin Setelah Komisi | O2: Target Pencapaian | P2: Komisi / Outlet | Q2: Bonus Tambahan Pencapaian (30 Outlet) | R2: Total Komis + Reward | S2: PIC | T2: Margin Setelah Komisi
E3: 0.15 | F3: 0.16 | H3: 10 | I3: =E3 -> 0.15 | M3: =F3 -> 0.16 | O3: 30 | P3: =E3 -> 0.15 | S3: =F3 -> 0.16
A4: Paket Basic | B4: 858000 | C4: 0 | D4: =E4/12 -> 10725 | E4: =B4*E3 -> 128700 | F4: =B4*F3 -> 137280 | G4: =B4-C4-E4-F4 -> 592020 | H4: =B4*H3 -> 8580000 | I4: =H4*I3 -> 1287000 | J4: =K4/10 -> 20000 | K4: 200000 | L4: =I4+K4 -> 1487000 | M4: =H4*M3 -> 1372800 | N4: =H4-L4-M4 -> 5720200 | O4: =G4*O3 -> 17760600 | P4: =O4*P3 -> 2664090 | Q4: =(K4*3)+500000 -> 1100000 | R4: =P4+Q4 -> 3764090 | S4: =O4*S3 -> 2841696 | T4: =O4-R4 -> 13996510
A5: Paket Business | B5: 1298000 | C5: 0 | D5: =E5/12 -> 16225 | E5: =B5*E3 -> 194700 | F5: =B5*F3 -> 207680 | G5: =B5-C5-E5-F5 -> 895620 | H5: =B5*H3 -> 12980000 | I5: =H5*I3 -> 1947000 | J5: =K5/10 -> 70000 | K5: 700000 | L5: =I5+K5 -> 2647000 | M5: =H5*M3 -> 2076800 | N5: =H5-L5-M5 -> 8256200 | O5: =G5*O3 -> 26868600 | P5: =Q5*P3 -> 390000 | Q5: =(K5*3)+500000 -> 2600000 | R5: =P5+Q5 -> 2990000 | S5: =O5*S3 -> 4298976 | T5: =O5-R5 -> 23878600
A6: Paket Bundling Business | B6: 1599000 | C6: 229000 | D6: =E6/12 -> 19987.5 | E6: =B6*E3 -> 239850 | F6: =B6*F3 -> 255840 | G6: =B6-C6-E6-F6 -> 874310 | H6: =B6*H3 -> 15990000 | I6: =H6*I3 -> 2398500 | J6: =K6/10 -> 120000 | K6: 1200000 | L6: =I6+K6 -> 3598500 | M6: =H6*M3 -> 2558400 | N6: =H6-L6-M6 -> 9833100 | O6: =G6*O3 -> 26229300 | P6: =Q6*P3 -> 615000 | Q6: =(K6*3)+500000 -> 4100000 | R6: =P6+Q6 -> 4715000 | S6: =O6*S3 -> 4196688 | T6: =O6-R6 -> 21514300
A7: UMKM | B7: 2999000 | C7: =1526000-54000 -> 1472000 | D7: =E7/12 -> 37487.5 | E7: =B7*E3 -> 449850 | F7: =B7*F3 -> 479840 | G7: =B7-C7-E7-F7 -> 597310 | H7: =B7*H3 -> 29990000 | I7: =H7*I3 -> 4498500 | J7: =K7/10 -> 170000 | K7: 1700000 | L7: =I7+K7 -> 6198500 | M7: =H7*M3 -> 4798400 | N7: =H7-L7-M7 -> 18993100 | O7: =G7*O3 -> 17919300 | P7: =Q7*P3 -> 840000 | Q7: =(K7*3)+500000 -> 5600000 | R7: =P7+Q7 -> 6440000 | S7: =O7*S3 -> 2867088 | T7: =O7-R7 -> 11479300
A8: Entrepeneur | B8: 3499000 | C8: 1526000 | D8: =E8/12 -> 43737.5 | E8: =B8*E3 -> 524850 | F8: =B8*F3 -> 559840 | G8: =B8-C8-E8-F8 -> 888310 | H8: =B8*H3 -> 34990000 | I8: =H8*I3 -> 5248500 | J8: =K8/10 -> 220000 | K8: 2200000 | L8: =I8+K8 -> 7448500 | M8: =H8*M3 -> 5598400 | N8: =H8-L8-M8 -> 21943100 | O8: =G8*O3 -> 26649300 | P8: =Q8*P3 -> 1065000 | Q8: =(K8*3)+500000 -> 7100000 | R8: =P8+Q8 -> 8165000 | S8: =O8*S3 -> 4263888 | T8: =O8-R8 -> 18484300
A10: Komisi Mitra Corporate
A11: Nama Paket | B11: Harga | C11: HPP | D11: Komisi/Bulan | E11: Komisi / Outlet | F11: PIC | G11: Margin Setelah Komisi | H11: Target Pencapaian | I11: Komisi / Outlet | J11: Bonus Tambahan/ Perncapaian | K11: Bonus Tambahan Pencapaian (10 Outlet) | L11: Total Komis + Reward | N11: Margin Setelah Komisi | O11: Target Pencapaian | P11: Komisi / Outlet | Q11: Bonus Tambahan Pencapaian (30 Outlet) | R11: Total Komis + Reward | T11: Margin Setelah Komisi
E12: 0.2 | F12: 0.09 | H12: 10 | I12: =E12 -> 0.2 | O12: 30 | P12: =E12 -> 0.2
A13: Paket Basic | B13: 858000 | C13: =C4 -> 0 | D13: =E13/12 -> 14300 | E13: =B13*E12 -> 171600 | F13: =B13*F12 -> 77220 | G13: =B13-E13 -> 686400 | H13: =B13*H12 -> 8580000 | I13: =H13*I12 -> 1716000 | J13: =K13/10 -> 50000 | K13: =K4+300000 -> 500000 | L13: =I13+K13 -> 2216000 | N13: =H13-L13 -> 6364000 | O13: =G13*O12 -> 20592000 | P13: =O13*P12 -> 4118400 | Q13: =(K13*3)+500000 -> 2000000 | R13: =P13+Q13 -> 6118400 | T13: =O13-R13 -> 14473600
A14: Paket Business | B14: 1298000 | C14: =C5 -> 0 | D14: =E14/12 -> 21633.333 | E14: =B14*E12 -> 259600 | F14: =B14*F12 -> 116820 | G14: =B14-E14 -> 1038400 | H14: =B14*H12 -> 12980000 | I14: =H14*I12 -> 2596000 | J14: =K14/10 -> 100000 | K14: =K5+300000 -> 1000000 | L14: =I14+K14 -> 3596000 | N14: =H14-L14 -> 9384000 | O14: =G14*O12 -> 31152000 | P14: =Q14*P12 -> 700000 | Q14: =(K14*3)+500000 -> 3500000 | R14: =P14+Q14 -> 4200000 | T14: =O14-R14 -> 26952000
A15: Paket Bundling Business | B15: 1599000 | C15: =C6 -> 229000 | D15: =E15/12 -> 26650 | E15: =B15*E12 -> 319800 | F15: =B15*F12 -> 143910 | G15: =B15-C15-E15 -> 1050200 | H15: =B15*H12 -> 15990000 | I15: =H15*I12 -> 3198000 | J15: =K15/10 -> 150000 | K15: =K6+300000 -> 1500000 | L15: =I15+K15 -> 4698000 | N15: =H15-L15 -> 11292000 | O15: =G15*O12 -> 31506000 | P15: =Q15*P12 -> 1000000 | Q15: =(K15*3)+500000 -> 5000000 | R15: =P15+Q15 -> 6000000 | T15: =O15-R15 -> 25506000
A16: UMKM | B16: 2999000 | C16: =C7 -> 1472000 | D16: =E16/12 -> 49983.333 | E16: =B16*E12 -> 599800 | F16: =B16*F12 -> 269910 | G16: =B16-C16-E16 -> 927200 | H16: =B16*H12 -> 29990000 | I16: =H16*I12 -> 5998000 | J16: =K16/10 -> 200000 | K16: =K7+300000 -> 2000000 | L16: =I16+K16 -> 7998000 | N16: =H16-L16 -> 21992000 | O16: =G16*O12 -> 27816000 | P16: =Q16*P12 -> 1300000 | Q16: =(K16*3)+500000 -> 6500000 | R16: =P16+Q16 -> 7800000 | T16: =O16-R16 -> 20016000
A17: Entrepeneur | B17: 3499000 | C17: =C8 -> 1526000 | D17: =E17/12 -> 58316.667 | E17: =B17*E12 -> 699800 | F17: =B17*F12 -> 314910 | G17: =B17-C17-E17 -> 1273200 | H17: =B17*H12 -> 34990000 | I17: =H17*I12 -> 6998000 | J17: =K17/10 -> 250000 | K17: =K8+300000 -> 2500000 | L17: =I17+K17 -> 9498000 | N17: =H17-L17 -> 25492000 | O17: =G17*O12 -> 38196000 | P17: =Q17*P12 -> 1600000 | Q17: =(K17*3)+500000 -> 8000000 | R17: =P17+Q17 -> 9600000 | T17: =O17-R17 -> 28596000
A19: Komisi Mitra Corporate Training
A20: Nama Paket | B20: Harga | C20: HPP | D20: Komisi/Bulan | E20: Komisi / Outlet | F20: PIC | G20: Margin Setelah Komisi | H20: Target Pencapaian | I20: Komisi / Outlet | J20: Bonus Tambahan/ Perncapaian | K20: Bonus Tambahan Pencapaian (10 Outlet) | L20: Total Komis + Reward | N20: Margin Setelah Komisi | O20: Target Pencapaian | P20: Komisi / Outlet | Q20: Bonus Tambahan Pencapaian (30 Outlet) | R20: Total Komis + Reward | T20: Margin Setelah Komisi
E21: 0.25 | F21: 0.02 | H21: 10 | I21: =E21 -> 0.25 | O21: 30 | P21: =E21 -> 0.25
A22: Paket Basic | B22: 858000 | C22: =C4 -> 0 | D22: =E22/12 -> 17875 | E22: =B22*E21 -> 214500 | F22: =B22*F21 -> 17160 | G22: =B22-E22 -> 643500 | H22: =B22*H21 -> 8580000 | I22: =H22*I21 -> 2145000 | J22: =K22/10 -> 70000 | K22: =K13+200000 -> 700000 | L22: =I22+K22 -> 2845000 | N22: =H22-L22 -> 5735000 | O22: =G22*O21 -> 19305000 | P22: =O22*P21 -> 4826250 | Q22: =(K22*3)+500000 -> 2600000 | R22: =P22+Q22 -> 7426250 | T22: =O22-R22 -> 11878750
A23: Paket Business | B23: 1298000 | C23: =C5 -> 0 | D23: =E23/12 -> 27041.667 | E23: =B23*E21 -> 324500 | F23: =B23*F21 -> 25960 | G23: =B23-E23 -> 973500 | H23: =B23*H21 -> 12980000 | I23: =H23*I21 -> 3245000 | J23: =K23/10 -> 120000 | K23: =K14+200000 -> 1200000 | L23: =I23+K23 -> 4445000 | N23: =H23-L23 -> 8535000 | O23: =G23*O21 -> 29205000 | P23: =Q23*P21 -> 1025000 | Q23: =(K23*3)+500000 -> 4100000 | R23: =P23+Q23 -> 5125000 | T23: =O23-R23 -> 24080000
A24: Paket Bundling Business | B24: 1599000 | C24: =C6 -> 229000 | D24: =E24/12 -> 33312.5 | E24: =B24*E21 -> 399750 | F24: =B24*F21 -> 31980 | G24: =B24-C24-E24 -> 970250 | H24: =B24*H21 -> 15990000 | I24: =H24*I21 -> 3997500 | J24: =K24/10 -> 170000 | K24: =K15+200000 -> 1700000 | L24: =I24+K24 -> 5697500 | N24: =H24-L24 -> 10292500 | O24: =G24*O21 -> 29107500 | P24: =Q24*P21 -> 1400000 | Q24: =(K24*3)+500000 -> 5600000 | R24: =P24+Q24 -> 7000000 | T24: =O24-R24 -> 22107500
A25: UMKM | B25: 2999000 | C25: =C7 -> 1472000 | D25: =E25/12 -> 62479.167 | E25: =B25*E21 -> 749750 | F25: =B25*F21 -> 59980 | G25: =B25-C25-E25 -> 777250 | H25: =B25*H21 -> 29990000 | I25: =H25*I21 -> 7497500 | J25: =K25/10 -> 220000 | K25: =K16+200000 -> 2200000 | L25: =I25+K25 -> 9697500 | N25: =H25-L25 -> 20292500 | O25: =G25*O21 -> 23317500 | P25: =Q25*P21 -> 1775000 | Q25: =(K25*3)+500000 -> 7100000 | R25: =P25+Q25 -> 8875000 | T25: =O25-R25 -> 14442500
A26: Entrepeneur | B26: 3499000 | C26: =C8 -> 1526000 | D26: =E26/12 -> 72895.833 | E26: =B26*E21 -> 874750 | F26: =B26*F21 -> 69980 | G26: =B26-C26-E26 -> 1098250 | H26: =B26*H21 -> 34990000 | I26: =H26*I21 -> 8747500 | J26: =K26/10 -> 270000 | K26: =K17+200000 -> 2700000 | L26: =I26+K26 -> 11447500 | N26: =H26-L26 -> 23542500 | O26: =G26*O21 -> 32947500 | P26: =Q26*P21 -> 2150000 | Q26: =(K26*3)+500000 -> 8600000 | R26: =P26+Q26 -> 10750000 | T26: =O26-R26 -> 22197500
A28: Komisi Mitra Domisili
A29: Nama Paket | B29: Harga | C29: HPP | D29: Komisi/Bulan | E29: Komisi / Outlet | F29: PIC | G29: Margin Setelah Komisi | H29: Target Pencapaian | I29: Komisi / Outlet | J29: Bonus Tambahan/ Perncapaian | K29: Bonus Tambahan Pencapaian (10 Outlet) | L29: Total Komis + Reward | N29: Margin Setelah Komisi | O29: Target Pencapaian | P29: Komisi / Outlet | Q29: Bonus Tambahan Pencapaian (30 Outlet) | R29: Total Komis + Reward | T29: Margin Setelah Komisi
E30: 0.3 | F30: 0.02 | H30: 10 | I30: =E30 -> 0.3 | O30: 30 | P30: =E30 -> 0.3
A31: Paket Basic | B31: 858000 | C31: =C4 -> 0 | D31: =E31/12 -> 21450 | E31: =B31*E30 -> 257400 | F31: =B31*F30 -> 17160 | G31: =B31-E31 -> 600600 | H31: =B31*H30 -> 8580000 | I31: =H31*I30 -> 2574000 | J31: =K31/10 -> 100000 | K31: =K22+300000 -> 1000000 | L31: =I31+K31 -> 3574000 | N31: =H31-L31 -> 5006000 | O31: =G31*O30 -> 18018000 | P31: =O31*P30 -> 5405400 | Q31: =(K31*3)+500000 -> 3500000 | R31: =P31+Q31 -> 8905400 | T31: =O31-R31 -> 9112600
A32: Paket Business | B32: 1298000 | C32: =C5 -> 0 | D32: =E32/12 -> 32450 | E32: =B32*E30 -> 389400 | F32: =B32*F30 -> 25960 | G32: =B32-E32 -> 908600 | H32: =B32*H30 -> 12980000 | I32: =H32*I30 -> 3894000 | J32: =K32/10 -> 150000 | K32: =K23+300000 -> 1500000 | L32: =I32+K32 -> 5394000 | N32: =H32-L32 -> 7586000 | O32: =G32*O30 -> 27258000 | P32: =Q32*P30 -> 1500000 | Q32: =(K32*3)+500000 -> 5000000 | R32: =P32+Q32 -> 6500000 | T32: =O32-R32 -> 20758000
A33: Paket Bundling Business | B33: 1599000 | C33: =C6 -> 229000 | D33: =E33/12 -> 39975 | E33: =B33*E30 -> 479700 | F33: =B33*F30 -> 31980 | G33: =B33-C33-E33 -> 890300 | H33: =B33*H30 -> 15990000 | I33: =H33*I30 -> 4797000 | J33: =K33/10 -> 200000 | K33: =K24+300000 -> 2000000 | L33: =I33+K33 -> 6797000 | N33: =H33-L33 -> 9193000 | O33: =G33*O30 -> 26709000 | P33: =Q33*P30 -> 1950000 | Q33: =(K33*3)+500000 -> 6500000 | R33: =P33+Q33 -> 8450000 | T33: =O33-R33 -> 18259000
A34: UMKM Basic | B34: 2999000 | C34: =C7 -> 1472000 | D34: =E34/12 -> 74975 | E34: =B34*E30 -> 899700 | F34: =B34*F30 -> 59980 | G34: =B34-C34-E34 -> 627300 | H34: =B34*H30 -> 29990000 | I34: =H34*I30 -> 8997000 | J34: =K34/10 -> 250000 | K34: =K25+300000 -> 2500000 | L34: =I34+K34 -> 11497000 | N34: =H34-L34 -> 18493000 | O34: =G34*O30 -> 18819000 | P34: =Q34*P30 -> 2400000 | Q34: =(K34*3)+500000 -> 8000000 | R34: =P34+Q34 -> 10400000 | T34: =O34-R34 -> 8419000
A35: Entrepeneur | B35: 3499000 | C35: =C8 -> 1526000 | D35: =E35/12 -> 87475 | E35: =B35*E30 -> 1049700 | F35: =B35*F30 -> 69980 | G35: =B35-C35-E35 -> 923300 | H35: =B35*H30 -> 34990000 | I35: =H35*I30 -> 10497000 | J35: =K35/10 -> 300000 | K35: =K26+300000 -> 3000000 | L35: =I35+K35 -> 13497000 | N35: =H35-L35 -> 21493000 | O35: =G35*O30 -> 27699000 | P35: =Q35*P30 -> 2850000 | Q35: =(K35*3)+500000 -> 9500000 | R35: =P35+Q35 -> 12350000 | T35: =O35-R35 -> 15349000

Sheet  (TM) Wati
I1: New Membership | L1: Tenor | R1: Bonus Berlangganan 2022 | X1: Bonus Berlangganan 2023 | AF1: Bonus Berlangganan 2024 | AR1: 2025 | AS1: Akumulasi
A2: No | B2: MITRA | C2: Kode Owner | D2: Nama | E2: Nama Brand / Outlet | F2: No Hp | G2: Alamat | H2: Kode Owner | I2: Nama Owner | J2: Nama Brand /Outlet | K2: Kategory Mitra | L2: Paket Langganan | M2: Date of Renewal | N2: Tgl pertama top up | O2: Expired Date | P2: Tanggal Pencairan 1 | Q2: Tanggal Pencairan 2 | R2: 11 | S2: 12 | T2: 1 | U2: 2 | V2: 3 | W2: 4 | X2: 5 | Y2: 6 | Z2: 7 | AA2: 8 | AB2: 9 | AC2: 10 | AD2: 11 | AE2: 12 | AF2: 1 | AG2: 2 | AH2: 3 | AI2: 4 | AJ2: 5 | AK2: 6 | AL2: 7 | AM2: 8 | AN2: 9 | AO2: 10 | AP2: 11 | AQ2: 12 | AR2: 1 | AS2: UNPAY | AT2: PAY | AU2: TOTAL
A3: 1 | B3: AFILIASI (Perlengkapan Ex. Mesin, Parfum, Dll) | C3: 1782 | D3: Ismail | E3: Akbar Laundry | F3: 085251394079 | G3: jln dr Sutomo GG karya 1 no 78 Akbar Laundry dan Service Pontianak Kalimantan barat | H3: 11304 | I3: Akhmad Daud, SE | J3: Danty Loundry | K3: Referral | L3: Basic 12 Bulan | M3: 45353 | N3: 45353 | O3: 45713 | AH3: 100000 | AI3: FINISH | AS3: =AU3-AT3 -> 0 | AT3: 100000 | AU3: =SUM(R3:AR3) -> 100000
A4: =A3+1 -> 2 | B4: AFILIASI (Perlengkapan Ex. Mesin, Parfum, Dll) | C4: 1782 | D4: Ismail | E4: Akbar Laundry | F4: 085251394079 | G4: jln dr Sutomo GG karya 1 no 78 Akbar Laundry dan Service Pontianak Kalimantan barat | H4: 11332 | I4: BAHARI ENJOY | J4: mercy laundry | K4: Referral | L4: Basic 12 Bulan | M4: 45324 | N4: 45324 | O4: 45690 | AG4: 100000 | AH4: FINISH | AS4: =AU4-AT4 -> 0 | AT4: 100000 | AU4: =SUM(R4:AR4) -> 100000
A5: =A4+1 -> 3 | B5: AFILIASI (Perlengkapan Ex. Mesin, Parfum, Dll) | C5: 1782 | D5: Ismail | E5: Akbar Laundry | F5: 085251394079 | G5: jln dr Sutomo GG karya 1 no 78 Akbar Laundry dan Service Pontianak Kalimantan barat | H5: 11335 | I5: Sony Triyadi | J5: Amel Laundry | K5: Referral | L5: Basic 12 Bulan | M5: 45345 | N5: 45345 | O5: 45709 | AG5: 100000 | AH5: FINISH | AS5: =AU5-AT5 -> 0 | AT5: 100000 | AU5: =SUM(R5:AR5) -> 100000
A6: =A5+1 -> 4 | B6: AFILIASI (Perlengkapan Ex. Mesin, Parfum, Dll) | C6: 1782 | D6: Ismail | E6: Akbar Laundry | F6: 085251394079 | G6: jln dr Sutomo GG karya 1 no 78 Akbar Laundry dan Service Pontianak Kalimantan barat | H6: 12599 | I6: Yellow laundry | J6: Yellow laundry | K6: Referral | L6: Basic 12 Bulan | M6: 45481 | N6: 45481 | O6: 45846 | AL6: 100000 | AM6: FINISH | AS6: =AU6-AT6 -> 0 | AT6: 100000 | AU6: =SUM(R6:AR6) -> 100000
A7: =A6+1 -> 5 | B7: AFILIASI (Perlengkapan Ex. Mesin, Parfum, Dll) | C7: 1782 | D7: Ismail | E7: Akbar Laundry | F7: 085251394079 | G7: jln dr Sutomo GG karya 1 no 78 Akbar Laundry dan Service Pontianak Kalimantan barat | H7: 12557 | I7: Erika Mustifasari | J7: Clean & Co | K7: Referral | L7: Basic 12 Bulan | M7: 45481 | N7: 45481 | O7: 45842 | AL7: 100000 | AM7: FINISH | AS7: =AU7-AT7 -> 0 | AT7: 100000 | AU7: =SUM(R7:AR7) -> 100000
A8: =A7+1 -> 6 | B8: AFILIASI (Perlengkapan Ex. Mesin, Parfum, Dll) | C8: 1782 | D8: Ismail | E8: Akbar Laundry | F8: 085251394079 | G8: jln dr Sutomo GG karya 1 no 78 Akbar Laundry dan Service Pontianak Kalimantan barat | H8: 12748 | I8: Icha Nolita | J8: De'Cucci Laundry | K8: Referral | L8: Basic 12 Bulan | M8: 45484 | N8: 45484 | O8: 45857 | AL8: 100000 | AM8: FINISH | AS8: =AU8-AT8 -> 0 | AT8: 100000 | AU8: =SUM(R8:AR8) -> 100000
A9: =A8+1 -> 7 | B9: AFILIASI (Perlengkapan Ex. Mesin, Parfum, Dll) | C9: 1782 | D9: Ismail | E9: Akbar Laundry | F9: 085251394079 | G9: jln dr Sutomo GG karya 1 no 78 Akbar Laundry dan Service Pontianak Kalimantan barat | H9: 13597 | I9: Anikun Laundry | J9: Anikun Laundry | K9: Referral | L9: Basic 12 Bulan | M9: 45589 | N9: 45589 | O9: 45954 | AO9: 100000 | AP9: FINISH | AS9: =AU9-AT9 -> 0 | AT9: 100000 | AU9: =SUM(R9:AR9) -> 100000
A10: =A9+1 -> 8 | B10: AFILIASI (Perlengkapan Ex. Mesin, Parfum, Dll) | C10: 1782 | D10: Ismail | E10: Akbar Laundry | H10: 14006 | I10: Titan Management | J10: Titan Laundry | K10: Referral | L10: Basic 12 Bulan | AQ10: 100000 | AR10: FINISH | AS10: =AU10-AT10 -> 100000 | AT10: 0 | AU10: =SUM(R10:AR10) -> 100000
A11: =A10+1 -> 9 | B11: AFILIASI (Perlengkapan Ex. Mesin, Parfum, Dll) | C11: 6343 | D11: Ade Syahputra | E11: Key Loundry/AAdelia store | F11: 085270356833 | G11: jalan Binjai , Medan , Sumatera utara | H11: 11295 | I11: King Laundry Grup | J11: King Laundry Marelan | K11: Referral | L11: Basic 1 Bulan | M11: 45463 | N11: 45343 | O11: 45494 | AG11: 8333 | AH11: 8333 | AI11: 8333 | AJ11: 8333 | AK11: 8333 | AL11: US | AM11: US | AN11: US | AO11: US | AP11: US | AQ11: US | AS11: =AU11-AT11 -> 33332 | AT11: =AG11 -> 8333 | AU11: =SUM(R11:AR11) -> 41665
A12: =A11+1 -> 10 | B12: AFILIASI (Perlengkapan Ex. Mesin, Parfum, Dll) | C12: 6343 | D12: Ade Syahputra | E12: Key Loundry/AAdelia store | F12: 085270356833 | G12: jalan Binjai , Medan , Sumatera utara | H12: 11295 | I12: King Laundry Grup | J12: King Laundry Marendal | K12: Referral | L12: Basic 1 Bulan | M12: 45615 | N12: 45343 | O12: 45645 | AG12: 8333 | AH12: 8333 | AI12: 8333 | AJ12: 8333 | AK12: 8333 | AL12: 8333 | AM12: 8333 | AN12: 8333 | AO12: 8333 | AP12: 8333 | AQ12: 8333 | AS12: =AU12-AT12 -> 83330 | AT12: =AG12 -> 8333 | AU12: =SUM(R12:AR12) -> 91663
A13: =A12+1 -> 11 | B13: AFILIASI (Perlengkapan Ex. Mesin, Parfum, Dll) | C13: 6343 | D13: Ade Syahputra | E13: Key Loundry/AAdelia store | F13: 085270356833 | G13: jalan Binjai , Medan , Sumatera utara | H13: 11703 | I13: sofia laundry | J13: sofia laundry | K13: Referral | L13: Bisnis 1 Bulan | M13: 45595 | N13: 45379 | O13: 45631 | AH13: 12500 | AI13: - | AJ13: 12500 | AK13: 12500 | AL13: 12500 | AM13: 12500 | AN13: 12500 | AO13: 12500 | AP13: 12500 | AQ13: 12500 | AS13: =AU13-AT13 -> 112500 | AT13: 0 | AU13: =SUM(R13:AR13) -> 112500
A14: =A13+1 -> 12 | B14: AFILIASI (Perlengkapan Ex. Mesin, Parfum, Dll) | C14: 6343 | D14: Ade Syahputra | E14: Key Loundry/AAdelia store | F14: 085270356833 | G14: jalan Binjai , Medan , Sumatera utara | H14: 12109 | I14: Chris Joni Silalahi | J14: 766 Laundry Express | K14: Referral | L14: Bisnis 1 Bulan | M14: 45422 | N14: 45422 | O14: 45466 | AJ14: 12500 | AK14: US | AL14: US | AM14: US | AN14: US | AO14: US | AP14: US | AQ14: US | AS14: =AU14-AT14 -> 12500 | AT14: 0 | AU14: =SUM(R14:AR14) -> 12500
A15: =A14+1 -> 13 | B15: AFILIASI (Perlengkapan Ex. Mesin, Parfum, Dll) | C15: 989 | D15: Pak NANANG | E15: Junior Laundry | F15: 087786116755 | G15: jl.parangkesit , Ngruki 02/17 , cemani , Grogol , sukoharjo, Jawa Tengah | H15: 11954 | I15: rizki fajar Kurniawan | J15: JR laundry syar'i | K15: Referral | L15: Bisnis 12 Bulan | M15: 45422 | N15: 45422 | O15: 45782 | AJ15: 150000 | AK15: FINISH | AS15: =AU15-AT15 -> 150000 | AT15: 0 | AU15: =SUM(R15:AR15) -> 150000
A16: =A15+1 -> 14 | B16: AFILIASI (Perlengkapan Ex. Mesin, Parfum, Dll) | C16: 989 | D16: Pak NANANG | E16: Junior Laundry | F16: 087786116755 | G16: jl.parangkesit , Ngruki 02/17 , cemani , Grogol , sukoharjo, Jawa Tengah | H16: 13137 | I16: Veronica Kusuma Dewi | J16: PRIVATE LOUNDRY | K16: Referral | L16: Bisnis 12 Bulan | M16: 45540 | N16: 45534 | O16: 45965 | AM16: 150000 | AN16: FINISH | AS16: =AU16-AT16 -> 150000 | AT16: 0 | AU16: =SUM(R16:AR16) -> 150000
A17: =A16+1 -> 15 | B17: AFILIASI (Perlengkapan Ex. Mesin, Parfum, Dll) | C17: 989 | D17: Pak NANANG | E17: Junior Laundry | F17: 087786116755 | G17: jl.parangkesit , Ngruki 02/17 , cemani , Grogol , sukoharjo, Jawa Tengah | H17: 13503 | I17: Badruddin | J17: Teras Laundry | K17: Referral | L17: Bisnis 6 Bulan | M17: 45574 | N17: 45574 | O17: 45765 | AO17: =12500*6 -> 75000 | AP17: - | AQ17: - | AS17: =AU17-AT17 -> 75000 | AT17: 0 | AU17: =SUM(R17:AR17) -> 75000
A18: =A17+1 -> 16 | B18: AFILIASI (Perlengkapan Ex. Mesin, Parfum, Dll) | D18: Pak Medi | E18: BMG Suplay | F18: 0857760727903 | H18: 9080 | I18: FasaLaundry | J18: FasLaundry | K18: Referral | L18: Basic 1 Bulan | M18: 45417 | N18: 45082 | O18: 45448 | Y18: 8333 | Z18: 8333 | AA18: 8333 | AB18: 8333 | AC18: 8333 | AD18: 8333 | AE18: 8333 | AF18: 8333 | AG18: 8333 | AH18: 8333 | AI18: 8333 | AJ18: 8333 | AK18: FINISH | AS18: =AU18-AT18 -> 99996 | AT18: 0 | AU18: =SUM(R18:AR18) -> 99996
A19: =A18+1 -> 17 | B19: AFILIASI (Perlengkapan Ex. Mesin, Parfum, Dll) | C19: 6509 | D19: Andrew/ Muli | E19: inibarulaundrymuliajayaabadi.com | F19: 0813833788860 | H19: 9074 | I19: Sri Minten | J19: Karunia Laundry | K19: Referral | L19: Bisnis 12 Bulan | M19: 45429 | N19: 45072 | O19: 45798 | X19: 150000 | Y19: FINISH | AS19: =AU19-AT19 -> 150000 | AT19: 0 | AU19: =SUM(R19:AR19) -> 150000
A20: =A19+1 -> 18 | B20: AFILIASI (Perlengkapan Ex. Mesin, Parfum, Dll) | C20: 6509 | D20: Andrew/ Muli | E20: inibarulaundrymuliajayaabadi.com | F20: 0813833788860 | H20: 9815 | I20: Satriyo Budi Utomo | J20: King Laundry | K20: Referral | L20: Bisnis 1 Bulan | M20: 45463 | N20: 45161 | O20: 45493 | AA20: 12500 | AB20: 12500 | AC20: 12500 | AD20: 12500 | AE20: 12500 | AF20: 12500 | AG20: 12500 | AH20: 12500 | AI20: 12500 | AJ20: 12500 | AK20: 12500 | AL20: 12500 | AM20: FINISH | AS20: =AU20-AT20 -> 150000 | AT20: 0 | AU20: =SUM(R20:AR20) -> 150000
A21: =A20+1 -> 19 | B21: AFILIASI (Perlengkapan Ex. Mesin, Parfum, Dll) | C21: 6509 | D21: Andrew/ Muli | E21: inibarulaundrymuliajayaabadi.com | F21: 0813833788860 | H21: 9815 | I21: Satriyo Budi Utomo | J21: Happy Laundry | K21: Referral | L21: Bisnis 1 Bulan | M21: 45463 | N21: 45161 | O21: 45493 | AA21: 12500 | AB21: 12500 | AC21: 12500 | AD21: 12500 | AE21: 12500 | AF21: 12500 | AG21: 12500 | AH21: 12500 | AI21: 12500 | AJ21: 12500 | AK21: 12500 | AL21: 12500 | AM21: FINISH | AS21: =AU21-AT21 -> 150000 | AT21: 0 | AU21: =SUM(R21:AR21) -> 150000
A22: =A21+1 -> 20 | B22: AFILIASI (Perlengkapan Ex. Mesin, Parfum, Dll) | C22: 6509 | D22: Andrew/ Muli | E22: inibarulaundrymuliajayaabadi.com | F22: 0813833788860 | H22: 9902 | I22: Klik Laundry | J22: Klik Laundry | K22: Referral | L22: Basic 1 Bulan | M22: 45466 | N22: 45171 | O22: 45504 | AB22: 8333 | AC22: - | AD22: 8333 | AE22: 8333 | AF22: 8333 | AG22: 8333 | AH22: 8333 | AI22: 8333 | AJ22: 8333 | AK22: 8333 | AL22: 8333 | AM22: 8333 | AN22: FINISH | AS22: =AU22-AT22 -> 91663 | AT22: 0 | AU22: =SUM(R22:AR22) -> 91663
A23: =A22+1 -> 21 | B23: AFILIASI (Perlengkapan Ex. Mesin, Parfum, Dll) | C23: 6509 | D23: Andrew/ Muli | E23: inibarulaundrymuliajayaabadi.com | F23: 0813833788860 | H23: 10043 | I23: TOPTASTIC | J23: TOPTASTIC | K23: Referral | L23: Bisnis 12 Bulan | M23: 45188 | N23: 45188 | O23: 45550 | AB23: 150000 | AC23: FINISH | AS23: =AU23-AT23 -> 150000 | AT23: 0 | AU23: =SUM(R23:AR23) -> 150000
A24: =A23+1 -> 22 | B24: AFILIASI (Perlengkapan Ex. Mesin, Parfum, Dll) | C24: 6509 | D24: Andrew/ Muli | E24: inibarulaundrymuliajayaabadi.com | F24: 0813833788860 | H24: 10856 | I24: ponpes tahfidz | J24: MITRA LAUNDRY | K24: Referral | L24: Basic 1 Bulan | M24: 45442 | N24: 45293 | O24: 45473 | AF24: 8333 | AG24: 8333 | AH24: 8333 | AI24: 8333 | AJ24: 8333 | AK24: 8333 | AL24: 8333 | AM24: US | AN24: US | AO24: US | AP24: US | AQ24: US | AS24: =AU24-AT24 -> 58331 | AT24: 0 | AU24: =SUM(R24:AR24) -> 58331
A25: =A24+1 -> 23 | B25: AFILIASI (Perlengkapan Ex. Mesin, Parfum, Dll) | C25: 8645 | D25: Pak Yendri Yusman | E25: Dhiva Laundry | F25: 081238802987 | G25: Sp.Namorih Desa Lama, Kec. Pancur Batu Kab.Deli Serdang, Medan, Sumatera utara | H25: 12254 | I25: Enni Manurung | J25: ROLAS LAUNDRY EXPRESS | K25: Referral | L25: Bisnis 12 Bulan | AJ25: 150000 | AK25: FINISH | AS25: =AU25-AT25 -> 0 | AT25: =sum(AJ25) -> 150000 | AU25: =SUM(R25:AR25) -> 150000
A26: =A25+1 -> 24 | B26: AFILIASI (Perlengkapan Ex. Mesin, Parfum, Dll) | C26: 8645 | D26: Pak Yendri Yusman | E26: Dhiva Laundry | F26: 081238802987 | G26: Sp.Namorih Desa Lama, Kec. Pancur Batu Kab.Deli Serdang, Medan, Sumatera utara | H26: 14162 | I26: Nur Hidayah | J26: Dina Laundry | K26: Referral | L26: Bisnis 6 Bulan | AQ26: =12500*6 -> 75000 | AS26: =AU26-AT26 -> 0 | AT26: =sum(AQ26) -> 75000 | AU26: =SUM(R26:AR26) -> 75000
A27: =A26+1 -> 25 | B27: AFILIASI (Perlengkapan Ex. Mesin, Parfum, Dll) | C27: 8645 | D27: Pak Yendri Yusman | E27: Dhiva Laundry | F27: 081238802987 | G27: Sp.Namorih Desa Lama, Kec. Pancur Batu Kab.Deli Serdang, Medan, Sumatera utara | H27: 13849 | I27: pak Agung | J27: Agni jaya laundry | K27: Referral | L27: Bisnis 12 Bulan | AP27: 150000 | AQ27: FINISH | AS27: =AU27-AT27 -> 0 | AT27: =sum(AP27) -> 150000 | AU27: =SUM(R27:AR27) -> 150000
A28: =A27+1 -> 26 | B28: AFILIASI (Perlengkapan Ex. Mesin, Parfum, Dll) | D28: Pak Nanang | E28: JR laundry | F28: 085642027676 | G28: jl.parangkesit , Ngruki 02/17 , cemani , Grogol , sukoharjo, Jakarta/Dki Jakarta | H28: 13940 | I28: Lukman Al Hakim | J28: Ankabouth Laundry Karpet Boyolali | K28: Corporate Paket Bisnis | L28: Bisnis 12 Bulan | AQ28: 181720 | AR28: FINISH | AS28: =AU28-AT28 -> 181720 | AT28: =sum(AP28) -> 0 | AU28: =SUM(R28:AR28) -> 181720
A29: =A28+1 -> 27 | B29: FRANCHISE (Jual Brand Usaha) | D29: Beta | E29: Deter_gent Laundry | F29: 081252347769 | G29: Denpasar, Bali | H29: 9701 | I29: Restu | J29: Deter_gent Laundry Bekasi | K29: Referral | L29: Bisnis 12 Bulan | M29: 45140 | N29: 45140 | O29: 45510 | AA29: 150000 | AB29: FINISH | AS29: =AU29-AT29 -> 150000 | AT29: 0 | AU29: =SUM(R29:AR29) -> 150000
A30: =A29+1 -> 28 | B30: FRANCHISE (Jual Brand Usaha) | D30: Beta | E30: Deter_gent Laundry | F30: 081252347769 | G30: Denpasar, Bali | H30: 10487 | I30: Ananda | J30: Detergen Laundry | K30: Referral | L30: Bisnis 1 Bulan | M30: 45604 | N30: 45225 | O30: 45634 | AC30: 12500 | AD30: - | AE30: 12500 | AF30: 12500 | AG30: 12500 | AH30: 12500 | AI30: 12500 | AJ30: 12500 | AK30: 12500 | AL30: 12500 | AM30: 12500 | AN30: 12500 | AO30: FINISH | AS30: =AU30-AT30 -> 137500 | AT30: 0 | AU30: =SUM(R30:AR30) -> 137500
A31: =A30+1 -> 29 | B31: FRANCHISE (Jual Brand Usaha) | C31: 10717 | D31: joko Widodo daulay | E31: BERKAH LAUNDRI KISARAN | F31: 082181303164 | G31: Jalan kakak Tua, kisaran. Kab. Asahan,Sumatera Utara | H31: 10762 | I31: Adriana Laundry Express | J31: Adriana Laundry Express | K31: Referral | L31: Basic 12 Bulan | M31: 45308 | N31: 45308 | O31: 45668 | AF31: 100000 | AG31: FINISH | AS31: =AU31-AT31 -> 0 | AT31: =sum(AF31:AK31) -> 100000 | AU31: =SUM(R31:AR31) -> 100000
A32: =A31+1 -> 30 | B32: FRANCHISE (Jual Brand Usaha) | C32: 10717 | D32: joko Widodo daulay | E32: BERKAH LAUNDRI KISARAN | F32: 082181303164 | G32: Jalan kakak Tua, kisaran. | H32: 12254 | I32: Enni Manurung | J32: ROLAS LAUNDRY EXPRESS | K32: Referral | L32: Bisnis 12 Bulan | M32: 45440 | N32: 45440 | O32: 45812 | AJ32: 150000 | AK32: FINISH | AS32: =AU32-AT32 -> 0 | AT32: 150000 | AU32: =SUM(R32:AR32) -> 150000
A33: =A32+1 -> 31 | B33: REFERAL (Berlangganan) | C33: 5836 | D33: Adi Prayitno | E33: Inches Laundry Express | F33: 082110007816 | G33: Jl. Tabrani Ahmad, Pontianak, kalimantan Barat | H33: 10227 | I33: Evan | J33: EvanWashLaundryExpress | K33: Referral | L33: Bisnis 12 Bulan | M33: 45207 | N33: 45200 | O33: 45569 | AC33: 150000 | AD33: FINISH | AS33: =AU33-AT33 -> 150000 | AT33: =sum(AF33:AK33) -> 0 | AU33: =SUM(R33:AR33) -> 150000
A34: =A33+1 -> 32 | B34: REFERAL (Berlangganan) | C34: 4896 | D34: Elisabeth | E34: Baladewa Laundry | F34: 082191901440 | G34: Bekasi | H34: 10725 | I34: Ira Andriana | J34: Aila Laundry | K34: Referral | L34: Basic 1 Bulan | M34: 45461 | N34: 45258 | O34: 45491 | AD34: 8333 | AE34: - | AF34: 8333 | AG34: 8333 | AH34: 8333 | AI34: 8333 | AJ34: 8333 | AK34: 8333 | AL34: 8333 | AM34: 8333 | AN34: 8333 | AO34: 8333 | AP34: FINISH | AS34: =AU34-AT34 -> 91663 | AT34: 0 | AU34: =SUM(R34:AR34) -> 91663
A35: =A34+1 -> 33 | B35: REFERAL (Berlangganan) | C35: 7233 | D35: Riendi Pratama | E35: Adrienu laundry | F35: 081295989384 | H35: 11930 | I35: Aylien Wihardja | J35: Matsunoki Laundry Shoes&Apparel Care | K35: Referral | L35: Bisnis 12 Bulan | M35: 45415 | N35: 45405 | O35: 45779 | AI35: 150000 | AJ35: FINISH | AS35: =AU35-AT35 -> 0 | AT35: =sum(AF35:AK35) -> 150000 | AU35: =SUM(R35:AR35) -> 150000
A36: =A35+1 -> 34 | B36: REFERAL (Berlangganan) | C36: 2700 | D36: My Laundry | E36: Rezky Perdana | F36: 08116360330 | G36: Bendul merisi GG 1 selatan no.59 surabaya | H36: 8412 | I36: Yusliana Lubis | J36: UCU LONDRY/MayFa LAUNDRY | K36: Referral | L36: Basic 1 Bulan | M36: 45168 | N36: 44997 | O36: 45199 | V36: 8333 | W36: 8333 | X36: 8333 | Y36: 8333 | Z36: US | AA36: 8333 | AB36: 8333 | AC36: US | AD36: US | AE36: US | AF36: 8333 | AG36: 8333 | AH36: FINISH | AS36: =AU36-AT36 -> 24999 | AT36: =sum(V36:AA36) -> 41665 | AU36: =SUM(R36:AR36) -> 66664
A37: =A36+1 -> 35 | B37: REFERAL (Berlangganan) | C37: 2700 | D37: My Laundry | E37: Rezky Perdana | F37: 08116360330 | G37: Bendul merisi GG 1 selatan no.59 surabaya | H37: 7537 | I37: Riza Dalimunthe | J37: My Laundry | K37: Referral | L37: Basic 1 Bulan | M37: 45224 | N37: 44893 | O37: 45254 | R37: 8333 | S37: 8333 | T37: 8333 | U37: 8333 | V37: 8333 | W37: 8333 | X37: 8333 | Y37: 8333 | Z37: 8333 | AA37: 8333 | AB37: 8333 | AC37: 8333 | AD37: FINISH | AS37: =AU37-AT37 -> 0 | AT37: =sum(R37:AC37) -> 99996 | AU37: =SUM(R37:AR37) -> 99996
A38: =A37+1 -> 36 | B38: REFERAL (Berlangganan) | C38: 2700 | D38: My Laundry | E38: Rezky Perdana | F38: 08116360330 | G38: Bendul merisi GG 1 selatan no.59 surabaya | H38: 7425 | I38: Semut Galak | J38: ITA LOUNDRY | K38: Referral | L38: Basic 1 Bulan | M38: 45211 | N38: 44881 | O38: 45241 | R38: 8333 | S38: 8333 | T38: 8333 | U38: 8333 | V38: 8333 | W38: 8333 | X38: 8333 | Y38: 8333 | Z38: 8333 | AA38: 8333 | AB38: 8333 | AC38: 8333 | AD38: FINISH | AS38: =AU38-AT38 -> 0 | AT38: =sum(R38:AC38) -> 99996 | AU38: =SUM(R38:AR38) -> 99996
A39: =A38+1 -> 37 | B39: REFERAL (Berlangganan) | C39: 2700 | D39: My Laundry | E39: Rezky Perdana | F39: 08116360330 | G39: Bendul merisi GG 1 selatan no.59 surabaya | H39: 8412 | I39: Yusliana Lubis | J39: UCU LONDRY/SMART LAUNDRY | K39: Referral | L39: Basic 1 Bulan | M39: 45589 | N39: 45109 | O39: 45620 | Z39: 8333 | AA39: 8333 | AB39: 8333 | AC39: 8333 | AD39: 8333 | AE39: 8333 | AF39: 8333 | AG39: 8333 | AH39: 8333 | AI39: 8333 | AJ39: 8333 | AK39: 8333 | AL39: FINISH | AS39: =AU39-AT39 -> 66664 | AT39: =sum(Z39:AC39) -> 33332 | AU39: =SUM(R39:AR39) -> 99996
A40: =A39+1 -> 38 | B40: REFERAL (Berlangganan) | D40: Rico Yuli Prasetyo | E40: Raja Launry | F40: O89501299837 | H40: 13043 | I40: Indri Triani Tjandrawati | J40: Lucky Laundry | K40: Referral | L40: Bisnis 12 Bulan | M40: 45523 | N40: 45519 | O40: 45892 | AM40: 150000 | AN40: FINISH | AS40: =AU40-AT40 -> 0 | AT40: =AM40 -> 150000 | AU40: =SUM(R40:AR40) -> 150000
D41: {=sum(1/countif(D3:D40,D3:D40))} -> 13 | I41: {=sum(1/countif(I3:I40,I3:I40))} -> 34 | J41: JUMLAH BONUS PER BULAN | R41: =sum(R3:R40) -> 16666 | S41: =sum(S3:S40) -> 16666 | T41: =sum(T3:T40) -> 16666 | U41: =sum(U3:U40) -> 16666 | V41: =sum(V3:V40) -> 24999 | W41: =sum(W3:W40) -> 24999 | X41: =sum(X3:X40) -> 174999 | Y41: =sum(Y3:Y40) -> 33332 | ... AP41: =sum(AP3:AP40) -> 170833 | AS41: =sum(AS3:AS40) -> 2369198 | AT41: =sum(AT3:AT40) -> 1916655 | AU41: =sum(AU3:AU40) -> 4285853

Sheet  (TM) Lady
H1: New Membership | Q1: Bonus Berlangganan 2024 | AC1: 2025 | AD1: Akumulasi
A2: No | B2: MITRA | C2: Kode Owner | D2: Nama | E2: Nama Brand / Outlet | F2: Alamat | G2: No Hp | H2: Kode Owner | I2: Nama Owner | J2: Nama Brand /Outlet | K2: Kategory Mitra | L2: Paket Langganan | M2: Date of Renewal | N2: Expired Date | O2: Tanggal Pencairan 1 | P2: Tanggal Pencairan 2 | Q2: 1 | R2: 2 | S2: 3 | T2: 4 | U2: 5 | V2: 6 | W2: 7 | X2: 8 | Y2: 9 | Z2: 10 | AA2: 11 | AB2: 12 | AC2: 1 | AD2: UNPAY | AE2: PAY | AF2: TOTAL
A3: 1 | B3: REFERAL (Berlangganan) | C3: 1694 | D3: Julita | E3: Kitee_Laundry | F3: JLN. HR SEOBRANTAS RT/RW 002/003 RANAI DARAT, Kab. Natuna, Kab. Natuna | G3: 0822 88381555 | H3: 11117 | I3: Guruh adi pratama | J3: Doux Laundry/Doux Laundry 2 | K3: Referral | L3: Bisnis 12 Bulan | M3: 45322 | N3: 45685 | Q3: 150000 | R3: FINISH | AD3: =AF3-AE3 -> 0 | AE3: =sum(Q3:W3) -> 150000 | AF3: =sum(Q3:AC3) -> 150000
A4: 2 | B4: REFERAL (Berlangganan) | C4: 1694 | D4: Julita | E4: Kitee_Laundry | F4: JLN. HR SEOBRANTAS RT/RW 002/003 RANAI DARAT, Kab. Natuna, Kab. Natuna | G4: 0822 88381555 | H4: 11117 | I4: Guruh adi pratama | J4: Doux Laundry/Doux Laundry | K4: Referral | L4: Bisnis 1 Bulan | M4: 45627 | N4: 45536 | Q4: 12500 | R4: - | S4: 12500 | T4: 12500 | U4: 12500 | V4: 12500 | W4: 12500 | X4: 12500 | Y4: 12500 | Z4: 12500 | AA4: =12500 -> 12500 | AB4: =12500 -> 12500 | AC4: =12500 -> 12500 | AD4: =AF4-AE4 -> 37500 | AE4: =sum(Q4:Z4) -> 112500 | AF4: =sum(Q4:AC4) -> 150000
A5: 3 | B5: REFERAL (Berlangganan) | C5: 6058 | D5: Citra Halim | E5: Citra Laundry | F5: Jl. Anggrek 5 Blok PK No 12 Harapan Indah, Bekasi, Jakarta Barat | G5: 08174885266 | H5: 13501 | I5: Nicholas | J5: Honey Bee Laundry | K5: Referral | L5: Bisnis 3 Bulan | M5: 45577 | N5: 45645 | Z5: =12500*3 -> 37500 | AA5: - | AB5: - | AC5: - | AD5: =AF5-AE5 -> 37500 | AE5: 0 | AF5: =sum(Q5:AC5) -> 37500
A6: 4 | B6: REFERAL (Berlangganan) | C6: 4134 | D6: Chareel Josua Vandana Maningkas | E6: Mercy Laundry | F6: Asrama Poltekad Kodiklatad, Kota Pematang Siantar, Sumatera Utara | G6: 087712092001 | H6: 13058 | I6: DIAMOND LAUNDRY | J6: DIAMOND LAUNDRY | K6: Referral | L6: Bisnis 6 Bulan | M6: 45714 | X6: =12500*6 -> 75000 | Y6: - | Z6: - | AA6: - | AB6: - | AC6: - | AD6: =AF6-AE6 -> 75000 | AE6: 0 | AF6: =sum(Q6:AC6) -> 75000
A7: 5 | B7: AFILIASI (Perlengkapan Ex. Mesin, Parfum, Dll) | C7: 8881 | D7: Nurmalatif | E7: JOGAN LAUNDRY | F7: Perumahan Omah Alit Blok C No.10 Pekalongan, Jawa Tengah | G7: 082191901440 | H7: 13526 | I7: DoTuman laundry | J7: laundry | K7: Corporate Paket Basic | L7: Basic 6 Bulan | M7: 45766 | Z7: =120120/2 -> 60060 | AA7: - | AB7: - | AC7: - | AD7: =AF7-AE7 -> 0 | AE7: =sum(Q7:Z7) -> 60060 | AF7: =sum(Q7:AC7) -> 60060
A8: 6 | B8: AFILIASI (Perlengkapan Ex. Mesin, Parfum, Dll) | C8: 8881 | D8: Nurmalatif | E8: JOGAN LAUNDRY | F8: Perumahan Omah Alit Blok C No.10 Pekalongan, Jawa Tengah | G8: 082191901440 | H8: 13566 | I8: DoTuman laundry | J8: laundry | K8: Corporate Paket Bisnis | L8: Bisnis 6 Bulan | M8: 45771 | Z8: =181720/2 -> 90860 | AA8: - | AB8: - | AC8: - | AD8: =AF8-AE8 -> 0 | AE8: =sum(Q8:Z8) -> 90860 | AF8: =sum(Q8:AC8) -> 90860
A9: JUMLAH BONUS MITRA PER BULAN | Q9: =SUM(Q3:Q8) -> 162500 | R9: =SUM(R3:R8) -> 0 | S9: =SUM(S3:S8) -> 12500 | T9: =SUM(T3:T8) -> 12500 | U9: =SUM(U3:U8) -> 12500 | V9: =SUM(V3:V8) -> 12500 | W9: =SUM(W3:W8) -> 12500 | X9: =SUM(X3:X8) -> 87500 | ... AF9: =SUM(AF3:AF8) -> 563420

Sheet  (CS) Selvi
H1: New Membership | R1: Bonus Berlangganan 2024 | U1: Bonus Berlangganan 2025 | V1: Akumulasi
A2: No | B2: MITRA | C2: Kode Owner | D2: Nama | E2: Nama Brand / Outlet | F2: No Hp | G2: Alamat | H2: Kode Owner | I2: Nama Owner | J2: Nama Brand /Outlet | K2: Kategory Mitra | L2: Tenor | M2: Tanggal Pencairan 1 | N2: Date of Renewal | O2: Expired Date | P2: Tanggal Pencairan 1 | Q2: Tanggal Pencairan 2 | R2: 10 | S2: 11 | T2: 12 | U2: 1 | V2: UNPAY | W2: PAY | X2: TOTAL
A3: 1 | B3: REFERAL (Berlangganan) | C3: 4323 | D3: Atik Nurbayati | E3: Delisha Laundry | F3: 0812 59819220 | G3: Jl.H.Syukur No.75 Sedati Sidoarjo, Jawa Timur | H3: 13445 | I3: Mutiara Laundry Gresik | J3: Mutiara Laundry Gresik/Mutiara Laundry GKB | K3: Referral | L3: Bisnis 12 Bulan | N3: 45579 | O3: 46030 | R3: 150000 | S3: FINISH | V3: =SUM(X3-W3) -> 150000 | W3: 0 | X3: =sum(R3:U3) -> 150000
A4: 2 | B4: REFERAL (Berlangganan) | C4: 4323 | D4: Atik Nurbayati | E4: Delisha Laundry | F4: 0812 59819220 | G4: Jl.H.Syukur No.75 Sedati Sidoarjo, Jawa Timur | H4: 13445 | I4: Mutiara Laundry Gresik | J4: Mutiara Laundry Gresik/Laundry Karpet Gresik | K4: Referral | L4: Bisnis 12 Bulan | N4: 45582 | O4: 46032 | R4: 150000 | S4: FINISH | V4: =SUM(X4-W4) -> 150000 | W4: 0 | X4: =sum(R4:U4) -> 150000
A5: 3 | B5: AFILIASI (Perlengkapan Ex. Mesin, Rak, Dll)" | D5: Loundrystore Jambi | E5: Loundrystore Jambi | F5: 081395114446 | G5: Jl.Ir.H.Juanda No.19 Kel. Simpang Tiga Sipin Kec. Kota Baru Kota Jambi | H5: 13512 | I5: Ratu Laundry | J5: RATU LAUNDRY | K5: Corporate Paket UMKM | L5: Basic 12 Bulan | M5: 45695 | R5: 269910 | S5: FINISH | V5: =SUM(X5-W5) -> 0 | W5: =R5 -> 269910 | X5: =sum(R5:U5) -> 269910
A6: 4 | B6: AFILIASI (Perlengkapan Ex. Mesin, Rak, Dll)" | D6: Loundrystore Jambi | E6: Loundrystore Jambi | F6: 081395114446 | G6: Jl.Ir.H.Juanda No.19 Kel. Simpang Tiga Sipin Kec. Kota Baru Kota Jambi | H6: 14327 | I6: Yohana Nasution | J6: Aisyah Laundry | K6: Referral | L6: Bisnis 12 Bulan | M6: 45695 | U6: 150000 | V6: =SUM(X6-W6) -> 0 | W6: =U6 -> 150000 | X6: =sum(R6:U6) -> 150000
A7: 5 | B7: AFILIASI (Perlengkapan Ex. Mesin, Rak, Dll)" | D7: Loundrystore Jambi | E7: Loundrystore Jambi | F7: 081395114446 | G7: Jl.Ir.H.Juanda No.19 Kel. Simpang Tiga Sipin Kec. Kota Baru Kota Jambi | H7: 14369 | I7: Salianti Jagi Diri | J7: Sally Laundry | K7: Corporate Paket Bundling Bisnis (Jagoan) | L7: Bisnis 12 Bulan | M7: 45695 | U7: 239850 | V7: =SUM(X7-W7) -> 0 | W7: =U7 -> 239850 | X7: =sum(R7:U7) -> 239850
J8: JUMLAH BONUS PER BULAN | R8: =sum(R3:R7) -> 569910 | S8: =sum(S3:S7) -> 0 | T8: =sum(T3:T7) -> 0 | U8: =sum(U3:U7) -> 389850 | V8: =sum(V3:V7) -> 300000 | W8: =sum(W3:W7) -> 659760 | X8: =sum(X3:X7) -> 959760

Sheet Yang mau di cairkan
H1: New Membership | N1: Berlangganan 2022 | T1: Bonus Berlangganan 2023 | AB1: Bonus Berlangganan 2024 | AJ1: Akumulasi
A2: No | B2: MITRA | C2: Kode Owner | D2: Nama | E2: Nama Brand / Outlet | F2: No Hp | G2: Alamat | H2: Kode Owner | I2: Nama Owner | J2: Nama Brand /Outlet | K2: Paket Langganan | L2: Date of Renewal | M2: Expired Date | N2: 11 | O2: 12 | P2: 1 | Q2: 2 | R2: 3 | S2: 4 | T2: 5 | U2: 6 | V2: 7 | W2: 8 | X2: 9 | Y2: 10 | Z2: 11 | AA2: 12 | AB2: 1 | AC2: 2 | AD2: 3 | AE2: 4 | AF2: 5 | AG2: 6 | AH2: 7 | AI2: 8 | AJ2: UNPAY | AK2: PAY | AL2: TOTAL
A3: 36 | B3: AFILIASI (Perlengkapan Ex. Mesin, Parfum, Dll) | D3: Taufik | E3: mesincucilaundry.com | F3: 081213970585 | G3: Perumahan Cibarusah Indah Blok e23 No.4 Cibarusah Kota Kab. Bekasi Patokan sebelum masuk perumahan ada gapura dekat dengan mesjid perahu, Kec. Cibarusah, Jawa Barat 17340 | H3: 8159 | I3: novi yantih | J3: loundry168 | K3: Basic 1 Bulan | Q3: 8333 | R3: 8333 | S3: 8333 | T3: 8333 | U3: 8333 | V3: 8333 | W3: 8333 | X3: 8333 | Y3: 8333 | Z3: 8333 | AA3: 8333 | AB3: 8333 | AC3: FINISH | AJ3: =AL3-AK3 -> 8333 | AK3: =SUM(Q3:AA3) -> 91663 | AL3: =SUM(N3:AI3) -> 99996
A4: 46 | B4: AFILIASI (Perlengkapan Ex. Mesin, Parfum, Dll) | D4: Taufik | E4: mesincucilaundry.com | F4: 081213970585 | G4: Perumahan Cibarusah Indah Blok e23 No.4 Cibarusah Kota Kab. Bekasi Patokan sebelum masuk perumahan ada gapura dekat dengan mesjid perahu, Kec. Cibarusah, Jawa Barat 17340 | H4: 8995 | I4: Muhammad Anas,19-5-2023 | J4: C2Laundry | K4: Bisnis 1 Bulan | T4: 12500 | U4: 12500 | V4: 12500 | W4: 12500 | X4: 12500 | Y4: 12500 | Z4: 12500 | AA4: 12500 | AB4: 12500 | AC4: 12500 | AD4: 12500 | AE4: 12500 | AF4: FINISH | AJ4: =AL4-AK4 -> 50000 | AK4: =sum(T4:AA4) -> 100000 | AL4: =SUM(N4:AI4) -> 150000
A5: 48 | B5: AFILIASI (Perlengkapan Ex. Mesin, Parfum, Dll) | D5: Taufik | E5: mesincucilaundry.com | F5: 081213970585 | G5: Perumahan Cibarusah Indah Blok e23 No.4 Cibarusah Kota Kab. Bekasi Patokan sebelum masuk perumahan ada gapura dekat dengan mesjid perahu, Kec. Cibarusah, Jawa Barat 17340 | H5: 9111 | I5: Sigit | J5: Only One Laundry Mart | K5: Basic 1 Bulan | T5: 8333 | U5: US | V5: 8333 | W5: 8333 | X5: 8333 | Y5: 8333 | Z5: 8333 | AA5: 8333 | AB5: 8333 | AC5: 8333 | AD5: 8333 | AE5: 8333 | AF5: FINISH | AJ5: =AL5-AK5 -> 33332 | AK5: =sum(T5:AA5) -> 58331 | AL5: =SUM(N5:AI5) -> 91663
A6: 50 | B6: AFILIASI (Perlengkapan Ex. Mesin, Parfum, Dll) | D6: Taufik | E6: mesincucilaundry.com | F6: 081213970585 | G6: Perumahan Cibarusah Indah Blok e23 No.4 Cibarusah Kota Kab. Bekasi Patokan sebelum masuk perumahan ada gapura dekat dengan mesjid perahu, Kec. Cibarusah, Jawa Barat 17340 | H6: 9299 | I6: Mutia Citra | J6: Ncuci yuuk! | K6: Basic 1 Bulan | U6: 8333 | V6: 8333 | W6: 8333 | X6: 8333 | Y6: 8333 | Z6: 8333 | AA6: 8333 | AB6: 8333 | AC6: 8333 | AD6: 8333 | AE6: 8333 | AF6: 8333 | AG6: FINISH | AJ6: =AL6-AK6 -> 41665 | AK6: =sum(T6:AA6) -> 58331 | AL6: =SUM(N6:AI6) -> 99996
A7: 53 | B7: AFILIASI (Perlengkapan Ex. Mesin, Parfum, Dll) | D7: Taufik | E7: mesincucilaundry.com | F7: 081213970585 | G7: Perumahan Cibarusah Indah Blok e23 No.4 Cibarusah Kota Kab. Bekasi Patokan sebelum masuk perumahan ada gapura dekat dengan mesjid perahu, Kec. Cibarusah, Jawa Barat 17340 | H7: 9393 | I7: siti rahmah | J7: fresh laundry / FRESH LAUNDRY | K7: Basic 1 Bulan | U7: 8333 | V7: 8333 | W7: 8333 | X7: - | Y7: 8333 | Z7: 8333 | AA7: 8333 | AB7: 8333 | AC7: 8333 | AD7: 8333 | AE7: 8333 | AF7: 8333 | AG7: FINISH | AJ7: =AL7-AK7 -> 41665 | AK7: =sum(U7:AA7) -> 49998 | AL7: =SUM(N7:AI7) -> 91663
A8: 54 | B8: AFILIASI (Perlengkapan Ex. Mesin, Parfum, Dll) | D8: Taufik | E8: mesincucilaundry.com | F8: 081213970585 | G8: Perumahan Cibarusah Indah Blok e23 No.4 Cibarusah Kota Kab. Bekasi Patokan sebelum masuk perumahan ada gapura dekat dengan mesjid perahu, Kec. Cibarusah, Jawa Barat 17340 | H8: 9386 | I8: Nova Anggraini | J8: Laundry Budeh | K8: Bisnis 1 Bulan | V8: 12500 | W8: 12500 | X8: 12500 | Y8: 12500 | Z8: 12500 | AA8: 12500 | AB8: 12500 | AC8: 12500 | AD8: 12500 | AE8: 12500 | AF8: 12500 | AG8: - | AH8: FINISH | AJ8: =AL8-AK8 -> 62500 | AK8: =sum(V8:AA8) -> 75000 | AL8: =SUM(N8:AI8) -> 137500
A9: 61 | B9: AFILIASI (Perlengkapan Ex. Mesin, Parfum, Dll) | D9: Taufik | E9: mesincucilaundry.com | F9: 081213970585 | G9: Perumahan Cibarusah Indah Blok e23 No.4 Cibarusah Kota Kab. Bekasi Patokan sebelum masuk perumahan ada gapura dekat dengan mesjid perahu, Kec. Cibarusah, Jawa Barat 17340 | H9: 10027 | I9: Hilda Yuliani | J9: Beb! Laundry | K9: Basic 1 Bulan | X9: 8333 | Y9: 8333 | Z9: 8333 | AA9: 8333 | AB9: 8333 | AC9: 8333 | AD9: 8333 | AE9: 8333 | AF9: 8333 | AG9: 8333 | AH9: 8333 | AJ9: =AL9-AK9 -> 58331 | AK9: =sum(X9:AA9) -> 33332 | AL9: =SUM(N9:AI9) -> 91663
A10: 62 | B10: AFILIASI (Perlengkapan Ex. Mesin, Parfum, Dll) | D10: Taufik | E10: mesincucilaundry.com | F10: 081213970585 | G10: Perumahan Cibarusah Indah Blok e23 No.4 Cibarusah Kota Kab. Bekasi Patokan sebelum masuk perumahan ada gapura dekat dengan mesjid perahu, Kec. Cibarusah, Jawa Barat 17340 | H10: 10142 | I10: okta | J10: INCESSA LAUNDRY | K10: Bisnis 6 Bulan | Y10: 75000 | Z10: - | AA10: - | AB10: - | AC10: - | AD10: - | AE10: - | AF10: 75000 | AG10: - | AH10: - | AI10: - | AJ10: =AL10-AK10 -> 75000 | AK10: =sum(Y10) -> 75000 | AL10: =SUM(N10:AI10) -> 150000
A11: 63 | B11: AFILIASI (Perlengkapan Ex. Mesin, Parfum, Dll) | D11: Taufik | E11: mesincucilaundry.com | F11: 081213970585 | G11: Perumahan Cibarusah Indah Blok e23 No.4 Cibarusah Kota Kab. Bekasi Patokan sebelum masuk perumahan ada gapura dekat dengan mesjid perahu, Kec. Cibarusah, Jawa Barat 17340 | H11: 10213 | I11: Adetya Yunitasya | J11: ZCOU LAUNDRY / CLOUDET LAUNDRY | K11: Basic 1 Bulan | Y11: 8333 | Z11: 8333 | AA11: 8333 | AB11: 8333 | AC11: 8333 | AD11: 8333 | AE11: 8333 | AF11: 8333 | AG11: 8333 | AH11: - | AJ11: =AL11-AK11 -> 49998 | AK11: =sum(Y11:AA11) -> 24999 | AL11: =SUM(N11:AI11) -> 74997
A12: 66 | B12: AFILIASI (Perlengkapan Ex. Mesin, Parfum, Dll) | D12: Taufik | E12: mesincucilaundry.com | F12: 081213970585 | G12: Perumahan Cibarusah Indah Blok e23 No.4 Cibarusah Kota Kab. Bekasi Patokan sebelum masuk perumahan ada gapura dekat dengan mesjid perahu, Kec. Cibarusah, Jawa Barat 17340 | H12: 10966 | I12: Rumah Laundry Jababeka | J12: Rumah Laundry Jababeka | K12: Bisnis 1 Bulan | AB12: 12500 | AC12: 12500 | AD12: - | AE12: 12500 | AF12: 12500 | AG12: 12500 | AH12: US | AI12: 12500 | AJ12: =AL12-AK12 -> 75000 | AK12: 0 | AL12: =SUM(N12:AI12) -> 75000
A13: 67 | B13: AFILIASI (Perlengkapan Ex. Mesin, Parfum, Dll) | D13: Taufik | E13: mesincucilaundry.com | F13: 081213970585 | G13: Perumahan Cibarusah Indah Blok e23 No.4 Cibarusah Kota Kab. Bekasi Patokan sebelum masuk perumahan ada gapura dekat dengan mesjid perahu, Kec. Cibarusah, Jawa Barat 17340 | H13: 11046 | I13: Fiona Laundry | J13: Fiona Laundry | K13: Bisnis 12 Bulan | L13: 45316 | M13: 45709 | AB13: 150000 | AC13: - | AD13: - | AE13: - | AF13: - | AG13: - | AH13: - | AI13: - | AJ13: =AL13-AK13 -> 150000 | AK13: 0 | AL13: =SUM(N13:AI13) -> 150000
A14: 68 | B14: AFILIASI (Perlengkapan Ex. Mesin, Parfum, Dll) | D14: Taufik | E14: mesincucilaundry.com | F14: 081213970585 | G14: Perumahan Cibarusah Indah Blok e23 No.4 Cibarusah Kota Kab. Bekasi Patokan sebelum masuk perumahan ada gapura dekat dengan mesjid perahu, Kec. Cibarusah, Jawa Barat 17340 | H14: 11052 | I14: Elvis | J14: Hime Laundry | K14: Bisnis 6 Bulan | AB14: 75000 | AC14: - | AD14: - | AE14: - | AF14: - | AG14: - | AH14: 75000 | AI14: - | AJ14: =AL14-AK14 -> 75000 | AK14: 0 | AL14: =SUM(AB14) -> 75000
A15: 69 | B15: AFILIASI (Perlengkapan Ex. Mesin, Parfum, Dll) | D15: Taufik | E15: mesincucilaundry.com | F15: 081213970585 | G15: Perumahan Cibarusah Indah Blok e23 No.4 Cibarusah Kota Kab. Bekasi Patokan sebelum masuk perumahan ada gapura dekat dengan mesjid perahu, Kec. Cibarusah, Jawa Barat 17340 | H15: 11165 | I15: Ayu Widyasari primanda | J15: HAWP LAUNDRY | K15: Bisnis 12 Bulan | L15: 45337 | M15: 45757 | AB15: 150000 | AC15: - | AD15: - | AE15: - | AF15: - | AG15: - | AH15: - | AI15: - | AJ15: =AL15-AK15 -> 150000 | AK15: 0 | AL15: =SUM(N15:AI15) -> 150000
A16: 70 | B16: AFILIASI (Perlengkapan Ex. Mesin, Parfum, Dll) | D16: Taufik | E16: mesincucilaundry.com | F16: 081213970585 | G16: Perumahan Cibarusah Indah Blok e23 No.4 Cibarusah Kota Kab. Bekasi Patokan sebelum masuk perumahan ada gapura dekat dengan mesjid perahu, Kec. Cibarusah, Jawa Barat 17340 | H16: 11265 | I16: Ahmad Suryanto | J16: Bagus Laundry | K16: Bisnis 12 Bulan | L16: 45340 | M16: 45700 | AC16: 150000 | AD16: - | AE16: - | AF16: - | AG16: - | AH16: - | AI16: - | AJ16: =AL16-AK16 -> 150000 | AK16: 0 | AL16: =SUM(N16:AI16) -> 150000
A17: 71 | B17: AFILIASI (Perlengkapan Ex. Mesin, Parfum, Dll) | D17: Taufik | E17: mesincucilaundry.com | F17: 081213970585 | G17: Perumahan Cibarusah Indah Blok e23 No.4 Cibarusah Kota Kab. Bekasi Patokan sebelum masuk perumahan ada gapura dekat dengan mesjid perahu, Kec. Cibarusah, Jawa Barat 17340 | H17: 11307 | I17: ryanna anggiyanto | J17: dewi laundry | K17: Basic 1 Bulan | AC17: 12500 | AD17: 12500 | AE17: 12500 | AF17: 12500 | AG17: - | AH17: 8333 | AJ17: =AL17-AK17 -> 58333 | AK17: 0 | AL17: =SUM(N17:AI17) -> 58333
A18: 72 | B18: AFILIASI (Perlengkapan Ex. Mesin, Parfum, Dll) | D18: Taufik | E18: mesincucilaundry.com | F18: 081213970585 | G18: Perumahan Cibarusah Indah Blok e23 No.4 Cibarusah Kota Kab. Bekasi Patokan sebelum masuk perumahan ada gapura dekat dengan mesjid perahu, Kec. Cibarusah, Jawa Barat 17340 | H18: 11378 | I18: Nena Margareta | J18: NaMa Laundry | K18: Bisnis 1 Bulan | AC18: 12500 | AD18: 12500 | AE18: 12500 | AF18: 12500 | AG18: 12500 | AH18: 12500 | AJ18: =AL18-AK18 -> 75000 | AK18: 0 | AL18: =SUM(N18:AI18) -> 75000
A19: 74 | B19: AFILIASI (Perlengkapan Ex. Mesin, Parfum, Dll) | D19: Taufik | E19: mesincucilaundry.com | F19: 081213970585 | G19: Perumahan Cibarusah Indah Blok e23 No.4 Cibarusah Kota Kab. Bekasi Patokan sebelum masuk perumahan ada gapura dekat dengan mesjid perahu, Kec. Cibarusah, Jawa Barat 17340 | H19: 11494 | I19: NABIL | J19: N&N Laundry | K19: Bisnis 12 Bulan | L19: 45355 | M19: 45758 | AD19: 150000 | AE19: - | AF19: - | AG19: - | AH19: - | AI19: - | AJ19: =AL19-AK19 -> 150000 | AK19: 0 | AL19: =SUM(N19:AI19) -> 150000
A20: 75 | B20: AFILIASI (Perlengkapan Ex. Mesin, Parfum, Dll) | D20: Taufik | E20: mesincucilaundry.com | F20: 081213970585 | G20: Perumahan Cibarusah Indah Blok e23 No.4 Cibarusah Kota Kab. Bekasi Patokan sebelum masuk perumahan ada gapura dekat dengan mesjid perahu, Kec. Cibarusah, Jawa Barat 17340 | H20: 11515 | I20: APRILIA | J20: SHARENA LAUNDRY | K20: Bisnis 12 Bulan | L20: 45362 | M20: 45759 | AD20: 150000 | AE20: - | AF20: - | AG20: - | AH20: - | AI20: - | AJ20: =AL20-AK20 -> 150000 | AK20: 0 | AL20: =SUM(N20:AI20) -> 150000
A21: 76 | B21: AFILIASI (Perlengkapan Ex. Mesin, Parfum, Dll) | D21: Taufik | E21: mesincucilaundry.com | F21: 081213970585 | G21: Perumahan Cibarusah Indah Blok e23 No.4 Cibarusah Kota Kab. Bekasi Patokan sebelum masuk perumahan ada gapura dekat dengan mesjid perahu, Kec. Cibarusah, Jawa Barat 17340 | H21: 11499 | I21: Lulu Triardhian Helmy | J21: ELLaundry | K21: Basic 1 Bulan | AD21: 8333 | AE21: 8333 | AF21: 8333 | AG21: 8333 | AH21: 8333 | AI21: 8333 | AJ21: =AL21-AK21 -> 49998 | AK21: 0 | AL21: =SUM(N21:AI21) -> 49998
A22: 77 | B22: AFILIASI (Perlengkapan Ex. Mesin, Parfum, Dll) | D22: Taufik | E22: mesincucilaundry.com | F22: 081213970585 | G22: Perumahan Cibarusah Indah Blok e23 No.4 Cibarusah Kota Kab. Bekasi Patokan sebelum masuk perumahan ada gapura dekat dengan mesjid perahu, Kec. Cibarusah, Jawa Barat 17340 | H22: 11654 | I22: evalien | J22: Biru Laundry | K22: Bisnis 12 Bulan | L22: 45385 | M22: 45775 | AD22: 150000 | AE22: - | AF22: - | AG22: - | AH22: - | AI22: - | AJ22: =AL22-AK22 -> 150000 | AK22: 0 | AL22: =SUM(N22:AI22) -> 150000
J23: JUMLAH BONUS PER BULAN | N23: =sum(N3:N22) -> 0 | O23: =sum(O3:O22) -> 0 | P23: =sum(P3:P22) -> 0 | Q23: =sum(Q3:Q22) -> 8333 | R23: =sum(R3:R22) -> 8333 | S23: =sum(S3:S22) -> 8333 | T23: =sum(T3:T22) -> 29166 | U23: =sum(U3:U22) -> 37499 | ... AH23: =sum(AH3:AH22) -> 112499 | AJ23: =sum(AJ3:AJ22) -> 1654155 | AK23: =sum(AK3:AK22) -> 566654 | AL23: =sum(AL3:AL22) -> 2220809

Sheet YANG MAU DI CAIRKAN PER JUNI (L
H1: New Membership | K1: Tenor | M1: Berlangganan 2022 | S1: Bonus Berlangganan 2023 | AA1: Bonus Berlangganan 2024 | AH1: Akumulasi
A2: No | B2: MITRA | C2: Kode Owner | D2: Nama | E2: Nama Brand / Outlet | F2: No Hp | G2: Alamat | H2: Kode Owner | I2: Nama Owner | J2: Nama Brand /Outlet | K2: Basic | L2: Bisnis | M2: 11 | N2: 12 | O2: 1 | P2: 2 | Q2: 3 | R2: 4 | S2: 5 | T2: 6 | U2: 7 | V2: 8 | W2: 9 | X2: 10 | Y2: 11 | Z2: 12 | AA2: 1 | AB2: 2 | AC2: 3 | AD2: 4 | AE2: 5 | AF2: 6 | AG2: 7 | AH2: UNPAY | AI2: PAY | AJ2: TOTAL
A3: 4 | B3: REFERAL (Berlangganan) | C3: 7479 | D3: farhan alfatan | E3: juragan laundry | F3: 082125008245 | G3: kp.krajan1 ds.jayamukti kec.banyusari kab.karawang | H3: 8761 | I3: Windi | J3: altha laundry | K3: 1 | R3: 8333 | S3: 8333 | T3: 8333 | U3: 8333 | V3: 8333 | W3: 8333 | X3: 8333 | Y3: 8333 | Z3: 8333 | AA3: 8333 | AB3: 8333 | AC3: 8333 | AD3: Close | AH3: =AJ3-AI3 -> 99996 | AI3: 0 | AJ3: =SUM(M3:AF3) -> 99996
A4: 6 | B4: REFERAL (Berlangganan) | C4: 4723 | D4: Budi Santo | E4: sahabat laundry | F4: 082174637062 | G4: jln pertokoan stasiun cikampek nmr 2, Kab. Karawang, Jawa Barat | H4: 7479 | I4: farhan alfatan | J4: juragan laundry | L4: 1 | M4: 12500 | N4: 12500 | O4: 12500 | P4: 12500 | Q4: 12500 | R4: 12500 | S4: 12500 | T4: 12500 | U4: 12500 | V4: 12500 | W4: 12500 | X4: 12500 | Y4: Close | AH4: =AJ4-AI4 -> 62500 | AI4: =sum(M4:S4) -> 87500 | AJ4: =SUM(M4:AF4) -> 150000
A5: 7 | B5: REFERAL (Berlangganan) | C5: 4723 | D5: Budi Santo | E5: sahabat laundry | F5: 082174637062 | G5: jln pertokoan stasiun cikampek nmr 2, Kab. Karawang, Jawa Barat | H5: 8763 | I5: Yadi Mulyawarman | J5: Ceuk Mamah/Ceuk Mamah Doel | K5: 1 | R5: 8333 | S5: 8333 | T5: 8333 | U5: 8333 | V5: 8333 | W5: 8333 | X5: 8333 | Y5: 8333 | Z5: 8333 | AA5: 8333 | AB5: 8333 | AC5: 8333 | AD5: Close | AH5: =AJ5-AI5 -> 83330 | AI5: =sum(R5:S5) -> 16666 | AJ5: =SUM(M5:AF5) -> 99996
A6: 9 | B6: REFERAL (Berlangganan) | C6: 4723 | D6: Budi Santo | E6: sahabat laundry | F6: 082174637062 | G6: jln pertokoan stasiun cikampek nmr 2, Kab. Karawang, Jawa Barat | H6: 10049 | I6: Tini Hendriyani | J6: juragan laundry pabuaran | K6: 1 | X6: 8333 | Y6: 8333 | Z6: 8333 | AA6: 8333 | AB6: 66664 | AC6: Close | AH6: =AJ6-AI6 -> 99996 | AI6: 0 | AJ6: =SUM(M6:AF6) -> 99996
A7: 15 | B7: REFERAL (Berlangganan) | C7: 4181 | D7: DIGNITY SINAGA | E7: DIGNITY LAUNDRY | F7: 0811620080 | G7: Tanggerang, Cikokol, Tangerang, Banten | H7: 11384 | I7: irwan derano parulian sinaga | J7: monang londry | L7: 1 | AB7: 12500 | AC7: - | AD7: 12500 | AE7: 12500 | AF7: 12500 | AH7: =AJ7-AI7 -> 37500 | AI7: =sum(AB7) -> 12500 | AJ7: =SUM(M7:AF7) -> 50000
A8: 18 | B8: REFERAL (Berlangganan) | C8: 7801 | D8: Rahmawaty Madjid | E8: Aroma Palopo / NETTO LAUNDRY | F8: 08114220487 | G8: Kota Palopo, Sulawesi Selatan | H8: 10406 | I8: Sania kartika | J8: Fast Laundry | L8: 1 | X8: 12500 | Y8: 12500 | Z8: 12500 | AA8: 112500 | AB8: CLOSE | AH8: =AJ8-AI8 -> 137500 | AI8: =sum(X8) -> 12500 | AJ8: =SUM(M8:AF8) -> 150000
A9: 26 | B9: AFILIASI (Perlengkapan Ex. Mesin, Rak, Dll) | C9: 6125 | D9: Harapan | E9: Expert laundry (Raja Setrika) | F9: 0821 38532352 | G9: Jl pelajar timur no 157B, Teladan Timur, Kota Medan, SUMUT | H9: 10254 | I9: INDAH SARI BARUS | J9: SINAR LAUNDRY | K9: 1 | W9: 8333 | X9: - | Y9: 8333 | Z9: 8333 | AA9: 8333 | AB9: 8333 | AC9: 8333 | AD9: 8333 | AE9: 8333 | AF9: 8333 | AH9: =AJ9-AI9 -> 74997 | AI9: 0 | AJ9: =SUM(M9:AF9) -> 74997
A10: 27 | B10: AFILIASI (Perlengkapan Ex. Mesin, Rak, Dll) | D10: Nurul | E10: PT. Alfatih Tech Utama | F10: 089662321780 | G10: Jl. Komp. Desa Putera No.1, RT.7/RW.5, Srengseng Sawah, Kec. Jagakarsa, Kota Jakarta Selatan, DKI Jakarta | H10: 9230 | I10: Rita | J10: GOSOK TERUS | L10: 1 | T10: 12500 | U10: 12500 | V10: 12500 | W10: 12500 | X10: 12500 | Y10: 12500 | Z10: 12500 | AA10: 12500 | AB10: - | AC10: 12500 | AD10: 12500 | AE10: 12500 | AF10: CLOSE | AH10: =AJ10-AI10 -> 50000 | AI10: =sum(T10:Z10) -> 87500 | AJ10: =SUM(M10:AF10) -> 137500
A11: 29 | B11: AFILIASI (Perlengkapan Ex. Mesin, Rak, Dll) | D11: Nurul | E11: PT. Alfatih Tech Utama | F11: 089662321780 | G11: Jl. Komp. Desa Putera No.1, RT.7/RW.5, Srengseng Sawah, Kec. Jagakarsa, Kota Jakarta Selatan, DKI Jakarta | H11: 12329 | I11: Rumah Laundry | J11: Rumah Laundry | L11: 12 | AF11: 150000 | AH11: =AJ11-AI11 -> 150000 | AI11: 0 | AJ11: =SUM(M11:AF11) -> 150000
A12: 30 | B12: AFILIASI (Perlengkapan Ex. Mesin, Rak, Dll) | D12: Nurul | E12: MIKAIL ELECTRONIK | F12: 081211542249 | G12: Jl. Persatuan Amal Mulia No. 25b, RT.5/RW.13, Grogol Sel., Jakarta, Kota Jakarta Selatan | H12: 10218 | I12: Poltak | J12: Clean and Clear Laundry | L12: 1 | W12: 12500 | X12: - | Y12: 12500 | Z12: 12500 | AA12: 12500 | AB12: 12500 | AC12: 12500 | AD12: 12500 | AE12: 12500 | AF12: 12500 | AH12: =AJ12-AI12 -> 112500 | AI12: 0 | AJ12: =SUM(M12:AF12) -> 112500
A13: 31 | B13: AFILIASI (Perlengkapan Ex. Mesin, Rak, Dll) | D13: Nurul | E13: MIKAIL ELECTRONIK | F13: 081211542249 | G13: Jl. Persatuan Amal Mulia No. 25b, RT.5/RW.13, Grogol Sel., Jakarta, Kota Jakarta Selatan | H13: 10378 | I13: Kim Laundry | J13: Kim Laundry | K13: 1 | X13: 8333 | Y13: 8333 | Z13: 8333 | AA13: 8333 | AB13: 8333 | AC13: 8333 | AD13: 8333 | AE13: 8333 | AF13: 8333 | AH13: =AJ13-AI13 -> 74997 | AI13: 0 | AJ13: =SUM(M13:AF13) -> 74997
A14: 32 | B14: AFILIASI (Perlengkapan Ex. Mesin, Rak, Dll) | D14: Nurul | E14: MIKAIL ELECTRONIK | F14: 081211542249 | G14: Jl. Persatuan Amal Mulia No. 25b, RT.5/RW.13, Grogol Sel., Jakarta, Kota Jakarta Selatan | H14: 10931 | I14: NITA | J14: 22 LAUNDRY | K14: 1 | AA14: 8333 | AB14: 8333 | AC14: 8333 | AD14: 8333 | AE14: 8333 | AF14: 8333 | AH14: =AJ14-AI14 -> 49998 | AI14: 0 | AJ14: =SUM(M14:AF14) -> 49998
A15: 33 | B15: AFILIASI (Perlengkapan Ex. Mesin, Rak, Dll) | D15: Nurul | E15: MIKAIL ELECTRONIK | F15: 081211542249 | G15: Jl. Persatuan Amal Mulia No. 25b, RT.5/RW.13, Grogol Sel., Jakarta, Kota Jakarta Selatan | H15: 10964 | I15: NATAMA | J15: NATAMA LOUNDRY | K15: 1 | AA15: 8333 | AB15: 8333 | AC15: 8333 | AD15: 8333 | AE15: 8333 | AF15: 8333 | AH15: =AJ15-AI15 -> 49998 | AI15: 0 | AJ15: =SUM(M15:AF15) -> 49998
A16: 34 | B16: AFILIASI (Perlengkapan Ex. Mesin, Rak, Dll) | D16: Nurul | E16: MIKAIL ELECTRONIK | F16: 081211542249 | G16: Jl. Persatuan Amal Mulia No. 25b, RT.5/RW.13, Grogol Sel., Jakarta, Kota Jakarta Selatan | H16: 11154 | I16: retno widya | J16: ada laundry | K16: 1 | AB16: 8333 | AC16: 8333 | AD16: 8333 | AE16: 8333 | AF16: 8333 | AH16: =AJ16-AI16 -> 41665 | AI16: 0 | AJ16: =SUM(M16:AF16) -> 41665
A17: 35 | B17: AFILIASI (Perlengkapan Ex. Mesin, Rak, Dll) | D17: Nurul | E17: MIKAIL ELECTRONIK | F17: 081211542249 | G17: Jl. Persatuan Amal Mulia No. 25b, RT.5/RW.13, Grogol Sel., Jakarta, Kota Jakarta Selatan | H17: 11492 | I17: Bubble Wash Laundry | J17: Bubble Wash | L17: 12 | AC17: 150000 | AD17: - | AE17: - | AF17: - | AH17: =AJ17-AI17 -> 150000 | AI17: 0 | AJ17: =SUM(M17:AF17) -> 150000
A18: 36 | B18: AFILIASI (Perlengkapan Ex. Mesin, Rak, Dll) | D18: Taufik | E18: mesincucilaundry.com | F18: 081213970585 | G18: Perumahan Cibarusah Indah Blok e23 No.4 Cibarusah Kota Kab. Bekasi Patokan sebelum masuk perumahan ada gapura dekat dengan mesjid perahu, Kec. Cibarusah, Jawa Barat 17340 | H18: 8159 | I18: novi yantih | J18: loundry168 | K18: 1 | P18: 8333 | Q18: 8333 | R18: 8333 | S18: 8333 | T18: 8333 | U18: 8333 | V18: 8333 | W18: 8333 | X18: 8333 | Y18: 8333 | Z18: 8333 | AA18: 8333 | AB18: FINISH | AH18: =AJ18-AI18 -> 8333 | AI18: =SUM(P18:Z18) -> 91663 | AJ18: =SUM(M18:AF18) -> 99996
A19: 46 | B19: AFILIASI (Perlengkapan Ex. Mesin, Rak, Dll) | D19: Taufik | E19: mesincucilaundry.com | F19: 081213970585 | G19: Perumahan Cibarusah Indah Blok e23 No.4 Cibarusah Kota Kab. Bekasi Patokan sebelum masuk perumahan ada gapura dekat dengan mesjid perahu, Kec. Cibarusah, Jawa Barat 17340 | H19: 8995 | I19: Muhammad Anas,19-5-2023 | J19: C2Laundry | L19: 1 | S19: 12500 | T19: 12500 | U19: 12500 | V19: 12500 | W19: 12500 | X19: 12500 | Y19: 12500 | Z19: 12500 | AA19: 12500 | AB19: 12500 | AC19: 12500 | AD19: 12500 | AE19: FINISH | AH19: =AJ19-AI19 -> 50000 | AI19: =sum(S19:Z19) -> 100000 | AJ19: =SUM(M19:AF19) -> 150000
A20: 48 | B20: AFILIASI (Perlengkapan Ex. Mesin, Rak, Dll) | D20: Taufik | E20: mesincucilaundry.com | F20: 081213970585 | G20: Perumahan Cibarusah Indah Blok e23 No.4 Cibarusah Kota Kab. Bekasi Patokan sebelum masuk perumahan ada gapura dekat dengan mesjid perahu, Kec. Cibarusah, Jawa Barat 17340 | H20: 9111 | I20: Sigit | J20: Only One Laundry Mart | K20: 1 | S20: 8333 | T20: US | U20: 8333 | V20: 8333 | W20: 8333 | X20: 8333 | Y20: 8333 | Z20: 8333 | AA20: 8333 | AB20: 8333 | AC20: 8333 | AD20: 8333 | AE20: FINISH | AH20: =AJ20-AI20 -> 33332 | AI20: =sum(S20:Z20) -> 58331 | AJ20: =SUM(M20:AF20) -> 91663
A21: 50 | B21: AFILIASI (Perlengkapan Ex. Mesin, Rak, Dll) | D21: Taufik | E21: mesincucilaundry.com | F21: 081213970585 | G21: Perumahan Cibarusah Indah Blok e23 No.4 Cibarusah Kota Kab. Bekasi Patokan sebelum masuk perumahan ada gapura dekat dengan mesjid perahu, Kec. Cibarusah, Jawa Barat 17340 | H21: 9299 | I21: Mutia Citra | J21: Ncuci yuuk! | K21: 1 | T21: 8333 | U21: 8333 | V21: 8333 | W21: 8333 | X21: 8333 | Y21: 8333 | Z21: 8333 | AA21: 8333 | AB21: 8333 | AC21: 8333 | AD21: 8333 | AE21: 8333 | AF21: FINISH | AH21: =AJ21-AI21 -> 41665 | AI21: =sum(S21:Z21) -> 58331 | AJ21: =SUM(M21:AF21) -> 99996
A22: 53 | B22: AFILIASI (Perlengkapan Ex. Mesin, Rak, Dll) | D22: Taufik | E22: mesincucilaundry.com | F22: 081213970585 | G22: Perumahan Cibarusah Indah Blok e23 No.4 Cibarusah Kota Kab. Bekasi Patokan sebelum masuk perumahan ada gapura dekat dengan mesjid perahu, Kec. Cibarusah, Jawa Barat 17340 | H22: 9393 | I22: siti rahmah | J22: fresh laundry / FRESH LAUNDRY | K22: 1 | T22: 8333 | U22: 8333 | V22: 8333 | W22: - | X22: 8333 | Y22: 8333 | Z22: 8333 | AA22: 8333 | AB22: 8333 | AC22: 8333 | AD22: 8333 | AE22: 8333 | AF22: FINISH | AH22: =AJ22-AI22 -> 41665 | AI22: =sum(T22:Z22) -> 49998 | AJ22: =SUM(M22:AF22) -> 91663
A23: 54 | B23: AFILIASI (Perlengkapan Ex. Mesin, Rak, Dll) | D23: Taufik | E23: mesincucilaundry.com | F23: 081213970585 | G23: Perumahan Cibarusah Indah Blok e23 No.4 Cibarusah Kota Kab. Bekasi Patokan sebelum masuk perumahan ada gapura dekat dengan mesjid perahu, Kec. Cibarusah, Jawa Barat 17340 | H23: 9386 | I23: Nova Anggraini | J23: Laundry Budeh | L23: 1 | U23: 12500 | V23: 12500 | W23: 12500 | X23: 12500 | Y23: 12500 | Z23: 12500 | AA23: 12500 | AB23: 12500 | AC23: 12500 | AD23: 12500 | AE23: 12500 | AF23: - | AG23: FINISH | AH23: =AJ23-AI23 -> 62500 | AI23: =sum(U23:Z23) -> 75000 | AJ23: =SUM(M23:AF23) -> 137500
A24: 61 | B24: AFILIASI (Perlengkapan Ex. Mesin, Rak, Dll) | D24: Taufik | E24: mesincucilaundry.com | F24: 081213970585 | G24: Perumahan Cibarusah Indah Blok e23 No.4 Cibarusah Kota Kab. Bekasi Patokan sebelum masuk perumahan ada gapura dekat dengan mesjid perahu, Kec. Cibarusah, Jawa Barat 17340 | H24: 10027 | I24: Hilda Yuliani | J24: Beb! Laundry | K24: 1 | W24: 8333 | X24: 8333 | Y24: 8333 | Z24: 8333 | AA24: 8333 | AB24: 8333 | AC24: 8333 | AD24: 8333 | AE24: 8333 | AF24: 8333 | AH24: =AJ24-AI24 -> 49998 | AI24: =sum(W24:Z24) -> 33332 | AJ24: =SUM(M24:AF24) -> 83330
A25: 62 | B25: AFILIASI (Perlengkapan Ex. Mesin, Rak, Dll) | D25: Taufik | E25: mesincucilaundry.com | F25: 081213970585 | G25: Perumahan Cibarusah Indah Blok e23 No.4 Cibarusah Kota Kab. Bekasi Patokan sebelum masuk perumahan ada gapura dekat dengan mesjid perahu, Kec. Cibarusah, Jawa Barat 17340 | H25: 10142 | I25: okta | J25: INCESSA LAUNDRY | L25: 6 | X25: 75000 | Y25: - | Z25: - | AA25: - | AB25: - | AC25: - | AD25: - | AE25: 75000 | AF25: - | AG25: - | AH25: =AJ25-AI25 -> 75000 | AI25: =sum(X25) -> 75000 | AJ25: =SUM(M25:AF25) -> 150000
A26: 63 | B26: AFILIASI (Perlengkapan Ex. Mesin, Rak, Dll) | D26: Taufik | E26: mesincucilaundry.com | F26: 081213970585 | G26: Perumahan Cibarusah Indah Blok e23 No.4 Cibarusah Kota Kab. Bekasi Patokan sebelum masuk perumahan ada gapura dekat dengan mesjid perahu, Kec. Cibarusah, Jawa Barat 17340 | H26: 10213 | I26: Adetya Yunitasya | J26: ZCOU LAUNDRY / CLOUDET LAUNDRY | K26: 1 | X26: 8333 | Y26: 8333 | Z26: 8333 | AA26: 8333 | AB26: 8333 | AC26: 8333 | AD26: 8333 | AE26: 8333 | AF26: 8333 | AH26: =AJ26-AI26 -> 49998 | AI26: =sum(X26:Z26) -> 24999 | AJ26: =SUM(M26:AF26) -> 74997
A27: 66 | B27: AFILIASI (Perlengkapan Ex. Mesin, Rak, Dll) | D27: Taufik | E27: mesincucilaundry.com | F27: 081213970585 | G27: Perumahan Cibarusah Indah Blok e23 No.4 Cibarusah Kota Kab. Bekasi Patokan sebelum masuk perumahan ada gapura dekat dengan mesjid perahu, Kec. Cibarusah, Jawa Barat 17340 | H27: 10966 | I27: Rumah Laundry Jababeka | J27: Rumah Laundry Jababeka | L27: 1 | AA27: 12500 | AB27: 12500 | AC27: - | AD27: 12500 | AE27: 12500 | AF27: 12500 | AH27: =AJ27-AI27 -> 62500 | AI27: 0 | AJ27: =SUM(M27:AF27) -> 62500
A28: 67 | B28: AFILIASI (Perlengkapan Ex. Mesin, Rak, Dll) | D28: Taufik | E28: mesincucilaundry.com | F28: 081213970585 | G28: Perumahan Cibarusah Indah Blok e23 No.4 Cibarusah Kota Kab. Bekasi Patokan sebelum masuk perumahan ada gapura dekat dengan mesjid perahu, Kec. Cibarusah, Jawa Barat 17340 | H28: 11046 | I28: Fiona Laundry | J28: Fiona Laundry | L28: 12 | AA28: 150000 | AB28: - | AC28: - | AD28: - | AE28: - | AF28: - | AG28: - | AH28: =AJ28-AI28 -> 150000 | AI28: 0 | AJ28: =SUM(M28:AF28) -> 150000
A29: 68 | B29: AFILIASI (Perlengkapan Ex. Mesin, Rak, Dll) | D29: Taufik | E29: mesincucilaundry.com | F29: 081213970585 | G29: Perumahan Cibarusah Indah Blok e23 No.4 Cibarusah Kota Kab. Bekasi Patokan sebelum masuk perumahan ada gapura dekat dengan mesjid perahu, Kec. Cibarusah, Jawa Barat 17340 | H29: 11052 | I29: Elvis | J29: Hime Laundry | L29: 6 | AA29: 75000 | AB29: - | AC29: - | AD29: - | AE29: - | AF29: - | AG29: - | AH29: =AJ29-AI29 -> 75000 | AI29: 0 | AJ29: =SUM(M29:AF29) -> 75000
A30: 69 | B30: AFILIASI (Perlengkapan Ex. Mesin, Rak, Dll) | D30: Taufik | E30: mesincucilaundry.com | F30: 081213970585 | G30: Perumahan Cibarusah Indah Blok e23 No.4 Cibarusah Kota Kab. Bekasi Patokan sebelum masuk perumahan ada gapura dekat dengan mesjid perahu, Kec. Cibarusah, Jawa Barat 17340 | H30: 11165 | I30: Ayu Widyasari primanda | J30: HAWP LAUNDRY | L30: 12 | AA30: 150000 | AB30: - | AC30: - | AD30: - | AE30: - | AF30: - | AG30: - | AH30: =AJ30-AI30 -> 150000 | AI30: 0 | AJ30: =SUM(M30:AF30) -> 150000
A31: 70 | B31: AFILIASI (Perlengkapan Ex. Mesin, Rak, Dll) | D31: Taufik | E31: mesincucilaundry.com | F31: 081213970585 | G31: Perumahan Cibarusah Indah Blok e23 No.4 Cibarusah Kota Kab. Bekasi Patokan sebelum masuk perumahan ada gapura dekat dengan mesjid perahu, Kec. Cibarusah, Jawa Barat 17340 | H31: 11265 | I31: Ahmad Suryanto | J31: Bagus Laundry | L31: 12 | AB31: 150000 | AC31: - | AD31: - | AE31: - | AF31: - | AG31: - | AH31: =AJ31-AI31 -> 150000 | AI31: 0 | AJ31: =SUM(M31:AF31) -> 150000
A32: 74 | B32: AFILIASI (Perlengkapan Ex. Mesin, Rak, Dll) | D32: Taufik | E32: mesincucilaundry.com | F32: 081213970585 | G32: Perumahan Cibarusah Indah Blok e23 No.4 Cibarusah Kota Kab. Bekasi Patokan sebelum masuk perumahan ada gapura dekat dengan mesjid perahu, Kec. Cibarusah, Jawa Barat 17340 | H32: 11494 | I32: NABIL | J32: N&N Laundry | L32: 12 | AC32: 150000 | AD32: - | AE32: - | AF32: - | AG32: - | AH32: =AJ32-AI32 -> 150000 | AI32: 0 | AJ32: =SUM(M32:AF32) -> 150000
A33: 75 | B33: AFILIASI (Perlengkapan Ex. Mesin, Rak, Dll) | D33: Taufik | E33: mesincucilaundry.com | F33: 081213970585 | G33: Perumahan Cibarusah Indah Blok e23 No.4 Cibarusah Kota Kab. Bekasi Patokan sebelum masuk perumahan ada gapura dekat dengan mesjid perahu, Kec. Cibarusah, Jawa Barat 17340 | H33: 11515 | I33: APRILIA | J33: SHARENA LAUNDRY | L33: 12 | AC33: 150000 | AD33: - | AE33: - | AF33: - | AG33: - | AH33: =AJ33-AI33 -> 150000 | AI33: 0 | AJ33: =SUM(M33:AF33) -> 150000
A34: 77 | B34: AFILIASI (Perlengkapan Ex. Mesin, Rak, Dll) | D34: Taufik | E34: mesincucilaundry.com | F34: 081213970585 | G34: Perumahan Cibarusah Indah Blok e23 No.4 Cibarusah Kota Kab. Bekasi Patokan sebelum masuk perumahan ada gapura dekat dengan mesjid perahu, Kec. Cibarusah, Jawa Barat 17340 | H34: 11654 | I34: evalien | J34: Biru Laundry | L34: 12 | AC34: 150000 | AD34: - | AE34: - | AF34: - | AG34: - | AH34: =AJ34-AI34 -> 150000 | AI34: 0 | AJ34: =SUM(M34:AF34) -> 150000
A35: 78 | B35: AFILIASI (Perlengkapan Ex. Mesin, Rak, Dll) | D35: Taufik | E35: mesincucilaundry.com | F35: 081213970585 | G35: Perumahan Cibarusah Indah Blok e23 No.4 Cibarusah Kota Kab. Bekasi Patokan sebelum masuk perumahan ada gapura dekat dengan mesjid perahu, Kec. Cibarusah, Jawa Barat 17340 | H35: 11903 | I35: Kristin K | J35: Monkey Laundry | K35: 12 | AE35: 100000 | AF35: - | AG35: - | AH35: =AJ35-AI35 -> 100000 | AI35: 0 | AJ35: =SUM(M35:AF35) -> 100000
A36: 79 | B36: AFILIASI (Perlengkapan Ex. Mesin, Rak, Dll) | D36: Taufik | E36: mesincucilaundry.com | F36: 081213970585 | G36: Perumahan Cibarusah Indah Blok e23 No.4 Cibarusah Kota Kab. Bekasi Patokan sebelum masuk perumahan ada gapura dekat dengan mesjid perahu, Kec. Cibarusah, Jawa Barat 17340 | H36: 11946 | I36: Minda Sardilah | J36: Nona Laundry | L36: 12 | AE36: 150000 | AF36: - | AG36: - | AH36: =AJ36-AI36 -> 150000 | AI36: =sum(O36:AD36) -> 0 | AJ36: =SUM(M36:AF36) -> 150000
A37: 81 | B37: AFILIASI (Perlengkapan Ex. Mesin, Rak, Dll) | D37: Taufik | E37: mesincucilaundry.com | F37: 081213970585 | G37: Perumahan Cibarusah Indah Blok e23 No.4 Cibarusah Kota Kab. Bekasi Patokan sebelum masuk perumahan ada gapura dekat dengan mesjid perahu, Kec. Cibarusah, Jawa Barat 17340 | H37: 12119 | I37: Maz Laundry | J37: Maz Laundry | L37: 1 | AF37: 150000 | AG37: - | AH37: =AJ37-AI37 -> 150000 | AI37: 0 | AJ37: =SUM(M37:AF37) -> 150000
A38: 84 | B38: AFILIASI (Perlengkapan Ex. Mesin, Rak, Dll) | D38: Taufik | E38: mesincucilaundry.com | F38: 081213970585 | G38: Perumahan Cibarusah Indah Blok e23 No.4 Cibarusah Kota Kab. Bekasi Patokan sebelum masuk perumahan ada gapura dekat dengan mesjid perahu, Kec. Cibarusah, Jawa Barat 17340 | H38: 12369 | I38: Sophia | J38: SOFT LAUNDRY | L38: 12 | AF38: 150000 | AG38: - | AH38: =AJ38-AI38 -> 150000 | AI38: 0 | AJ38: =SUM(M38:AF38) -> 150000
A39: 85 | B39: AFILIASI (Perlengkapan Ex. Mesin, Rak, Dll) | D39: Taufik | E39: mesincucilaundry.com | F39: 081213970585 | G39: Perumahan Cibarusah Indah Blok e23 No.4 Cibarusah Kota Kab. Bekasi Patokan sebelum masuk perumahan ada gapura dekat dengan mesjid perahu, Kec. Cibarusah, Jawa Barat 17340 | H39: 12517 | I39: Juwita marsa | J39: J.clean laundry | L39: 12 | AF39: 150000 | AG39: - | AH39: =AJ39-AI39 -> 150000 | AI39: 0 | AJ39: =SUM(M39:AF39) -> 150000
A40: 86 | B40: AFILIASI (Perlengkapan Ex. Mesin, Rak, Dll) | D40: Taufik | E40: mesincucilaundry.com | F40: 081213970585 | G40: Perumahan Cibarusah Indah Blok e23 No.4 Cibarusah Kota Kab. Bekasi Patokan sebelum masuk perumahan ada gapura dekat dengan mesjid perahu, Kec. Cibarusah, Jawa Barat 17340 | H40: 12415 | I40: Laundry Uncles | J40: Uncles Laundry | L40: 12 | AF40: 150000 | AG40: - | AH40: =AJ40-AI40 -> 150000 | AI40: 0 | AJ40: =SUM(M40:AF40) -> 150000
J41: JUMLAH BONUS PER BULAN | M41: =sum(M3:M40) -> 12500 | N41: =sum(N3:N40) -> 12500 | O41: =sum(O3:O40) -> 12500 | P41: =sum(P3:P40) -> 20833 | Q41: =sum(Q3:Q40) -> 20833 | R41: =sum(R3:R40) -> 37499 | S41: =sum(S3:S40) -> 58332 | T41: =sum(T3:T40) -> 79165 | ... AF41: =sum(AF3:AF40) -> 845831 | AH41: =sum(AH3:AH40) -> 3574968 | AI41: =sum(AI3:AI40) -> 783320 | AJ41: =sum(AJ3:AJ40) -> 4358288

Sheet Wati Done
B1: MITRA | C1: Nama | D1: Alamat | E1: Nama Brand / Outlet | F1: No Hp | G1: Kode Owner | H1: New Membership | N1: Bonus Berlangganan 2024 | X1: 2024
H2: Nama Owner | I2: Nama Brand /Outlet | J2: Basic | K2: Bisnis | L2: 1 | M2: 2 | N2: 3 | O2: 4 | P2: 5 | Q2: 6 | R2: 7 | S2: 8 | T2: 9 | U2: 10 | V2: 11 | W2: 12 | X2: Jan | Y2: Akumulasi | Z2: Status
A3: 1 | B3: AFILIASI (Perlengkapan Ex. Mesin, Parfum, Dll) | C3: Ismail | D3: jln dr Sutomo GG karya 1 no 78 Akbar Laundry dan Service Pontianak Kalimantan barat | E3: Akbar Laundry | F3: 085251394079 | G3: 11304 | H3: Akhmad Daud, SE | I3: Danty Loundry | J3: pertahun | M3: 100000 | Y3: =SUM(L3:W5) -> 300000 | Z3: PAY
G4: 11332 | H4: BAHARI ENJOY | I4: mercy laundry | J4: pertahun | M4: 100000
G5: 11335 | H5: Sony Triyadi | I5: Amel Laundry | J5: pertahun | M5: 100000
